O/F,Pc_psia,Property,Degree,Coefficients_high->low,T_points_K,Y_points
2.1,500.0,Gamma,2,"[-4.822824129664711e-09, -3.244944126064441e-05, 1.260544215519992]","[3383.8141836997484, 3167.210709726595, 1081.7441440084674]","[1.0955190426523662, 1.1093911700215981, 1.2197986964522973]"
2.1,500.0,Cp_J_kgK,2,"[0.0007426546857747946, -2.279853556565406, 3698.5686007133922]","[3383.8141836997484, 3167.210709726595, 1081.7441440084674]","[4487.511316196865, 3927.527269614797, 2101.3828922900157]"
2.1,500.0,Thermal_Conductivity,2,"[0.00023544178778657965, -0.6840774360886913, 718.3450085734313]","[3383.8141836997484, 3167.210709726595, 1081.7441440084674]","[1099.409266412548, 913.4968635718121, 253.85525740175277]"
2.1,500.0,Molecular_Weight_kg_kmol,2,"[-3.379949798883772e-07, 0.0012017960191898038, 21.053438725384943]","[3383.8141836997484, 3167.210709726595, 1081.7441440084674]","[21.249983553032546, 21.469276702357547, 21.957962812955536]"
