MR,Station,Temperature_K,Pressure_Pa,Density_kg_m3,Mach,Speed_of_Sound_m_s,Gamma,Cp_J_kgK,Molecular_Weight_kg_kmol,Thermal_Conductivity,Prandtl
2.1,Injector,3384.3893606812103,3447380.0,2.603354137945866,0.0,1204.4476246229735,1.0955190426523662,4487.511316196865,21.249983553032546,1099.409266412548,0.41800933495923814
2.1,Combustor,3383.8141836997484,3440666.422832574,2.598725906784299,0.05965783830565551,1204.3452723354828,1.0955190426523662,4487.511316196865,21.249983553032546,1099.409266412548,0.41800933495923814
2.1,Throat,3167.210709726595,2008839.5850995572,1.6377647851134285,1.0,1166.5120165483233,1.1093911700215981,3927.527269614797,21.469276702357547,913.4968635718121,0.41996223214904754
2.1,Exit,1081.7441440084674,110286.18544028487,0.269249200896309,2.7964704213755893,706.8502709015643,1.2197986964522973,2101.3828922900157,21.957962812955536,253.85525740175277,0.5857790301223297
