{
    "inlet": {
        "P": 487288.879491657,
        "T": 1192.01757399077,
        "P0": 562891.381926584,
        "T0": 1237.43501872476,
        "T0R": 1199.999833893,
        "P0R": 499994.948878336,
        "rho": 1.42362152156973,
        "rhoVm": 188.982835007754,
        "U": -287.979323297395,
        "W": 132.760298829606,
        "V": 317.174560412192,
        "Wt": -1.6871018362196e-05,
        "Vt": -287.979344362897,
        "Vm": 132.76023081582,
        "Vr": -132.760217499618,
        "M": 0.466591613195419,
        "M_rel": 0.195304747466537,
        "beta": -9.68178075941897e-06,
        "alpha": -65.2602332410768,
        "massflow": -0.058464600511791,
        "total_massflow": -0.292323002558955
    },
    "outlet": {
        "P": 261874.260513029,
        "T": 1031.26598697518,
        "P0": 428239.599870328,
        "T0": 1174.12427624916,
        "T0R": 1199.96249636772,
        "P0R": 466717.742248949,
        "rho": 0.879541742977483,
        "rhoVm": 315.148687817946,
        "U": -66.8428255024094,
        "W": 603.36926167391,
        "V": 551.492454627766,
        "Wt": 462.764769103813,
        "Vt": 395.921943118146,
        "Vm": 373.363109129279,
        "Vr": -5.14971648329829,
        "M": 0.877592064459691,
        "M_rel": 0.959173056807254,
        "beta": 51.7361271308851,
        "alpha": 47.3993196884535,
        "massflow": 0.0584592657046448,
        "total_massflow": 0.29229632852322396,
        "total_power_torque": 46.431333557344665,
        "torque_per_blade": 0.0017735463,
        "torque_total": 0.0088677315,
        "total-total_power": 3.7010995163394496,
        "total-total_efficiency": 0.73695091066452,
        "total-static_efficiency": 0.28431594374522196,
        "torque_efficiency": 1.849051256114073,
        "Total-Total_Power_kW_per_blade": 4.099258515022222,
        "Total-Total_Power_kW": 20.49629257511111,
        "Euler_Power_kW_per_blade": 6.395247132110029,
        "Euler_Power_kW": 31.976235660550145,
        "P0_loss": 0.1397493298790384,
        "T03_is": 1151.5259825061714,
        "T3_is": 1014.7575928948057
    }
}