MR,Station,Temperature_K,Pressure_Pa,Density_kg_m3,Mach,Speed_of_Sound_m_s,Gamma,Cp_J_kgK,Molecular_Weight_kg_kmol,Thermal_Conductivity,Viscosity_Pa_s,Prandtl
1.6,Injector,2725.3832383929334,3447380.0,2.793297151307029,0.0,1223.7198230639458,1.2133664187705744,2575.1963135720694,18.360721635858862,489.2798315659269,8.313127281900861e-05,0.4372470802549311
1.6,Combustor,2712.27500024699,3354145.152888867,2.730886769573473,0.21284196748799916,1220.773421805744,1.2133664187705744,2575.1963135720694,18.360721635858862,489.2798315659269,8.313127281900861e-05,0.4372470802549311
1.6,Throat,2440.0574596628003,1922433.892312298,1.7434713224674467,1.0,1167.2099427872402,1.2355529178131477,2370.333285322021,18.399144589903567,378.62824303613945,7.681031881813466e-05,0.48053545569445194
1.6,Exit,579.4960711486661,83422.9805767053,0.3190180398021147,2.986504065927373,575.5974484168976,1.2669727082027291,2141.511235143425,18.425285274742798,191.9137218905883,4.8927310233226574e-05,0.5456009661743227
