O/F,Pc_psia,Property,Degree,Coefficients_high->low,T_points_K,Y_points
1.5,500.0,Gamma,2,"[-3.204965507287706e-08, 8.833609438293069e-05, 1.220965820516291]","[2509.6096979279287, 2234.538982904159, 524.2456094365426]","[1.2408016982646874, 1.2583270681512115, 1.2584673125874468]"
1.5,500.0,Cp_J_kgK,2,"[0.0002456408739195288, -0.6754624672222505, 2570.0297252026717]","[2509.6096979279287, 2234.538982904159, 524.2456094365426]","[2421.963385882464, 2287.2077937871813, 2283.4318234766342]"
1.5,500.0,Thermal_Conductivity,2,"[0.00010436064819458309, -0.20819888900820774, 270.9511978030063]","[2509.6096979279287, 2234.538982904159, 524.2456094365426]","[405.7313069090241, 326.81254434310097, 190.4856422790948]"
1.5,500.0,Viscosity_Pa_s,2,"[3.8372331512874464e-12, 4.840119103731971e-09, 4.1360944874804995e-05]","[2509.6096979279287, 2234.538982904159, 524.2456094365426]","[7.767518952377983e-05, 7.133631591321308e-05, 4.4952956124096e-05]"
1.5,500.0,Molecular_Weight_kg_kmol,2,"[-2.6666803502534963e-08, 6.091907731193422e-05, 17.70431921930606]","[2509.6096979279287, 2234.538982904159, 524.2456094365426]","[17.689251042413776, 17.70729353668832, 17.72892684827034]"
