{
    "Coefficients": [
        5.50732504719218e-15,
        -1.902214849873501e-11,
        2.3674524431703086e-08,
        -1.4075179823502617e-05,
        0.003322766978647821,
        -0.572394725731415,
        2485.483543148634
    ],
    "Degree": 6,
    "Flow Rate Range (SCFM)": [
        140.77380952380952,
        1077.0833333333333
    ],
    "Static Pressure Range (Gauge)": [
        1024.0963855421687,
        2439.759036144578
    ],
    "Outlet Area (in^2)": 0.04908738521234052,
    "Outlet Diameter (in)": 0.25,
    "R-squared": 0.9998164213890499
}