{
    "Coefficients": [
        5.50732504719218e-15,
        -1.902214849873501e-11,
        2.3674524431703086e-08,
        -1.4075179823502617e-05,
        0.003322766978647821,
        -0.572394725731415,
        2485.483543148634
    ],
    "Degree": 6,
    "Flow Rate Range (SCFM)": [
        140.77380952380952,
        1077.0833333333333
    ],
    "Static Pressure Range (Gauge)": [
        1024.0963855421687,
        2439.759036144578
    ],
    "Outlet Area (in^2)": 0.04908738521234052,
    "Outlet Diameter (in)": 0.25,
    "R-squared": 0.9998164213890499,
    "Raw Data Points": [
        [
            1077.0833333333333,
            1024.0963855421687
        ],
        [
            1005.0595238095236,
            1295.1807228915663
        ],
        [
            890.4761904761905,
            1641.566265060241
        ],
        [
            690.7738095238095,
            2033.132530120482
        ],
        [
            513.9880952380952,
            2228.9156626506024
        ],
        [
            275.0,
            2394.5783132530123
        ],
        [
            140.77380952380952,
            2439.759036144578
        ],
        [
            402.6785714285714,
            2319.277108433735
        ],
        [
            605.6547619047619,
            2138.55421686747
        ],
        [
            811.9047619047619,
            1837.3493975903616
        ],
        [
            952.6785714285714,
            1490.9638554216867
        ],
        [
            749.702380952381,
            1942.7710843373493
        ]
    ]
}