F_lbf,pc_psi,D_chamber_in,t_chamber_in,Lc_m,ac_at,ae_at,mdot_kg/s,Dt_in,De_in,C_star_ms,Cf,Isp_s,T_chamber_K,sigma_vM_MPa,total_length_mm,Column1
1000,300.00000000000017,2.9,0.3,0.4272786706382109,2.3623542521050545,2.899852854035344,2.8467888545106095,1.8867983423307628,3.2130202792069418,1310.6697237478847,1.192169184484112,159.33474282130314,2016.6961091609398,9.277192787255759,484.07497653268456,
1000,300.00000000000017,3.826,0.337,0.2535722466106172,4.111866058512173,2.9508722267696035,2.8467888545106095,1.8867983423307628,3.241161626469656,1310.6697237478847,1.192169184484112,159.33474282130314,2016.6961091609398,10.895694138148123,315.84750038577914,
1100,300.00000000000017,4.026,0.237,0.2525783870796199,4.139080604215018,2.951201996,3.1314677399616704,1.978890796149279,3.399548931663938,1310.6697237478847,1.192169184484112,159.33474282130314,2016.6961091609398,16.302914954819588,317.96314407083236,
1100,300.00000000000017,4.063,0.75,0.24847470770994612,4.215508675901893,2.952095459297574,3.1314677399616704,1.978890796149279,3.4000634916296284,1310.6697237478847,1.192169184484112,159.33474282130314,2016.6961091609398,5.199066799257952,314.0539823288917,
1100,300.00000000000017,3.826,0.337,0.277021079,3.738060053192884,2.9455041786415017,3.1314677399616704,1.978890796149279,3.3962656306849306,1310.6697237478847,1.192169184484112,159.33474282130314,2016.6961091609398,10.895694138148123,341.33430608670125,
1200,300.00000000000017,4.026,0.237,0.27370664247622145,3.7941572205304337,2.9464055122053057,3.4161466254127313,2.0668840271158273,3.5478264584478483,1310.6697237478847,1.192169184484112,159.33474282130314,2016.6961091609398,16.302914954819588,341.04176065614934,
1200,300.00000000000017,4.313,0.625,0.24193035484993078,4.354383726186722,2.9536046912967127,3.4161466254127313,2.0668840271158273,3.5521581526334605,1310.6697237478847,1.192169184484112,159.33474282130314,2016.6961091609398,6.622763999,310.78791880375314,
1200,300.00000000000017,4.063,0.75,0.26919964256057527,3.864216286243403,2.9474770555014302,3.4161466254127313,2.0668840271158273,3.5484715332788976,1310.6697237478847,1.192169184484112,159.33474282130314,2016.6961091609398,5.199066799257952,336.7345007812018,
1200,300.00000000000017,3.826,0.337,0.3005358688358586,3.426555048760144,2.939677051493538,3.4161466254127313,2.0668840271158273,3.5437732053043223,1310.6697237478847,1.192169184484112,159.33474282130314,2016.6961091609398,10.895694138148123,366.76864874748367,
1300,300.00000000000017,4.026,0.237,0.2948925853572555,3.5022989727973237,2.9412363287891474,3.700825510863792,2.1512811020433267,3.689454195364811,1310.6697237478847,1.192169184484112,159.33474282130314,2016.6961091609398,16.302914954819588,364.07475199575094,
1300,300.00000000000017,4.563,0.5,0.2356128379612143,4.498902830887911,2.9550349801813725,3.700825510863792,2.1512811020433267,3.6980985062013074,1310.6697237478847,1.192169184484112,159.33474282130314,2016.6961091609398,8.758309797568556,307.6652047161442,
1300,300.00000000000017,4.313,0.625,0.2602526544903292,4.019431131864667,2.9497031987804454,3.700825510863792,2.1512811020433267,3.6947607529988886,1310.6697237478847,1.192169184484112,159.33474282130314,2016.6961091609398,6.622763999,330.9962750199979,
1300,300.00000000000017,4.063,0.75,0.28998204703750446,3.5669688796092953,2.942490671547542,3.700825510863792,2.1512811020433267,3.6902408283201438,1310.6697237478847,1.192169184484112,159.33474282130314,2016.6961091609398,5.199066799257952,359.3696180126912,
1300,300.00000000000017,3.826,0.337,0.3241096357143699,3.1629738911632104,2.9333625527980445,3.700825510863792,2.1512811020433267,3.6845124972889303,1310.6697237478847,1.192169184484112,159.33474282130314,2016.6961091609398,10.895694138148123,392.1539139227266,
1400,300.00000000000017,4.026,0.237,0.3161305634316072,3.2521347604546578,2.9356687224924674,3.985504396314853,2.2324899055697793,3.825102054741811,1310.6697237478847,1.192169184484112,159.33474282130314,2016.6961091609398,16.302914954819588,387.0648096952598,
1400,300.00000000000017,4.813,0.375,0.22958376787815804,4.64785655,2.956377517,3.985504396314853,2.2324899055697793,3.8385698627177254,1310.6697237478847,1.192169184484112,159.33474282130314,2016.6961091609398,12.317552795879163,304.7564109290152,
1400,300.00000000000017,4.563,0.5,0.2519176799112945,4.177552628681632,2.9516576374309516,3.985504396314853,2.2324899055697793,3.835504485719584,1310.6697237478847,1.192169184484112,159.33474282130314,2016.6961091609398,8.758309797568556,325.79247558112394,
1400,300.00000000000017,4.313,0.625,0.2786255040767004,3.7323289081600475,2.945409823,3.985504396314853,2.2324899055697793,3.831443002759183,1310.6697237478847,1.192169184484112,159.33474282130314,2016.6961091609398,6.622763999,351.1625942463156,
1400,300.00000000000017,4.063,0.75,0.310816277,3.312185388208631,2.937119463436483,3.985504396314853,2.2324899055697793,3.8260470773726847,1310.6697237478847,1.192169184484112,159.33474282130314,2016.6961091609398,5.199066799257952,381.96226580133566,
1400,300.00000000000017,3.826,0.337,0.34773667624677324,2.937047184651552,2.926564224249573,3.985504396314853,2.2324899055697793,3.8191659833232006,1310.6697237478847,1.192169184484112,159.33474282130314,2016.6961091609398,10.895694138148123,417.4932453172868,
1500,300.00000000000017,4.026,0.237,0.3374158870284595,3.0353257764243473,2.929705906850842,4.270183281765914,2.310846593119754,3.955333694073783,1310.6697237478847,1.192169184484112,159.33474282130314,2016.6961091609398,16.302914954819588,410.01458296132944,
1500,300.00000000000017,5.047,0.258,0.22507505264805372,4.770065893116024,2.9573904875491674,4.270183281765914,2.310846593119754,3.9739779345110597,1310.6697237478847,1.192169184484112,159.33474282130314,2016.6961091609398,18.77385404862863,303.21925222028506,
1500,300.00000000000017,4.813,0.375,0.24417841285080072,4.337999446455155,2.9534338460848244,4.270183281765914,2.310846593119754,3.9713186866798744,1310.6697237478847,1.192169184484112,159.33474282130314,2016.6961091609398,12.317552795879163,321.11622800237916,
1500,300.00000000000017,4.563,0.5,0.26826740325594817,3.8990491201028563,2.948059557368625,4.270183281765914,2.310846593119754,3.967703787464579,1310.6697237478847,1.192169184484112,159.33474282130314,2016.6961091609398,8.758309797568556,343.88538247983325,
1500,300.00000000000017,4.313,0.625,0.2970442680385403,3.483506980949378,2.9408588304315333,4.270183281765914,2.310846593119754,3.9628552051486907,1310.6697237478847,1.192169184484112,159.33474282130314,2016.6961091609398,6.622763999,371.29304682539595,
1500,300.00000000000017,4.063,0.75,0.3316976516306796,3.0913730289947225,2.9313664514965363,4.270183281765914,2.310846593119754,3.9564544683051266,1310.6697237478847,1.192169184484112,159.33474282130314,2016.6961091609398,5.199066799257952,404.51512219940247,
1500,300.00000000000017,4.897,0.864,0.23697232032062254,4.490740676909929,2.954957706242018,4.270183281765914,2.310846593119754,3.972343079677705,1310.6697237478847,1.192169184484112,159.33474282130314,2016.6961091609398,5.439465167527712,314.34598916766527,
1500,300.00000000000017,3.826,0.337,0.37141225565117614,2.7412440390081154,2.9192884706119364,4.270183281765914,2.310846593119754,3.9482952520284833,1310.6697237478847,1.192169184484112,159.33474282130314,2016.6961091609398,10.895694138148123,442.7891642460198,
1600,300.00000000000017,4.026,0.237,0.3587446106577713,2.8456179153978254,2.9233503841155897,4.554862167216975,2.386632098878121,4.080617739372239,1310.6697237478847,1.192169184484112,159.33474282130314,2016.6961091609398,16.302914954819588,432.9261620577286,
1600,300.00000000000017,5.047,0.258,0.23829708782079542,4.471936774796272,2.954778141,4.554862167216975,2.386632098878121,4.102493637,1310.6697237478847,1.192169184484112,159.33474282130314,2016.6961091609398,18.77385404862863,318.1534541203314,
1600,300.00000000000017,4.813,0.375,0.25881323089326447,4.066874481051707,2.9503130066978294,4.554862167216975,2.386632098878121,4.099392708,1310.6697237478847,1.192169184484112,159.33474282130314,2016.6961091609398,12.317552795879163,337.4455393926945,
1600,300.00000000000017,4.563,0.5,0.28465814615740165,3.655358550096427,2.9440997581150716,4.554862167216975,2.386632098878121,4.095073849671323,1310.6697237478847,1.192169184484112,159.33474282130314,2016.6961091609398,8.758309797568556,361.9424505411369,
1600,300.00000000000017,4.313,0.625,0.3155050494704178,3.2657877946400413,2.9360055078416822,4.554862167216975,2.386632098878121,4.089440656287536,1310.6697237478847,1.192169184484112,159.33474282130314,2016.6961091609398,6.622763999,391.38875805370634,
1600,300.00000000000017,4.063,0.75,0.3526222310562041,2.8981622146825523,2.9252339033728982,4.554862167216975,2.386632098878121,4.081932101913472,1310.6697237478847,1.192169184484112,159.33474282130314,2016.6961091609398,5.199066799257952,427.03030331461616,
1600,300.00000000000017,5.189,0.719,0.2273060487833085,4.727117382234271,2.9570430139454364,4.554862167216975,2.386632098878121,4.104065640901334,1310.6697237478847,1.192169184484112,159.33474282130314,2016.6961091609398,6.926193473656439,307.89282483646616,
1600,300.00000000000017,4.897,0.864,0.251076636,4.210069384603058,2.9520334152247525,4.554862167216975,2.386632098878121,4.100587768419822,1310.6697237478847,1.192169184484112,159.33474282130314,2016.6961091609398,5.439465167527712,330.1516269584101,
1600,300.00000000000017,3.826,0.337,0.3951323879256834,2.569916286570108,2.9115389704887114,4.554862167216975,2.386632098878121,4.072365795451733,1310.6697237478847,1.192169184484112,159.33474282130314,2016.6961091609398,10.895694138148123,468.04359506202974,
1700,300.00000000000017,4.026,0.237,0.3801133747676387,2.6782286262567765,2.916607278307174,4.839541052668037,2.460084058291016,4.201350596882731,1310.6697237478847,1.192169184484112,159.33474282130314,2016.6961091609398,16.302914954819588,455.80129320541346,
1700,300.00000000000017,5.047,0.258,0.25155537966831765,4.208881670396491,2.952019836630534,4.839541052668037,2.460084058291016,4.226779402995249,1310.6697237478847,1.192169184484112,159.33474282130314,2016.6961091609398,18.77385404862863,333.0602787794778,
1700,300.00000000000017,4.813,0.375,0.2734849650284708,3.827646570401606,2.9469249956263526,4.839541052668037,2.460084058291016,4.223130364394512,1310.6697237478847,1.192169184484112,159.33474282130314,2016.6961091609398,12.317552795879163,353.7438742939179,
1700,300.00000000000017,4.563,0.5,0.3010866247314616,3.4403374589142843,2.9399683679495423,4.839541052668037,2.460084058291016,4.218142774912034,1310.6697237478847,1.192169184484112,159.33474282130314,2016.6961091609398,8.758309797568556,379.9707713389746,
1700,300.00000000000017,4.313,0.625,0.33400453276766817,3.0736826302494507,2.930851981658073,4.839541052668037,2.460084058291016,4.211597793707525,1310.6697237478847,1.192169184484112,159.33474282130314,2016.6961091609398,6.622763999,411.4515993760294,
1700,300.00000000000017,4.063,0.75,0.37358666232753157,2.7276820844071077,2.918726806087531,4.839541052668037,2.460084058291016,4.202876901459733,1310.6697237478847,1.192169184484112,159.33474282130314,2016.6961091609398,5.199066799257952,449.5095822482126,
1700,300.00000000000017,5.501,0.562,0.21740870551837904,5.0001541851650915,2.959109132175934,4.839541052668037,2.460084058291016,4.2318516791653655,1310.6697237478847,1.192169184484112,159.33474282130314,2016.6961091609398,9.393883456134603,301.2507106422629,
1700,300.00000000000017,5.189,0.719,0.23979827088413244,4.449051653867549,2.9545566584792766,4.839541052668037,2.460084058291016,4.228595157005211,1310.6697237478847,1.192169184484112,159.33474282130314,2016.6961091609398,6.926193473656439,322.0433331428396,
1700,300.00000000000017,4.897,0.864,0.2652176195666608,3.9624182443322895,2.948942791778271,4.839541052668037,2.460084058291016,4.224575931897972,1310.6697237478847,1.192169184484112,159.33474282130314,2016.6961091609398,5.439465167527712,345.92923537721924,
1700,300.00000000000017,3.826,0.337,0.418893677,2.418744740301278,2.903320523714277,4.839541052668037,2.460084058291016,4.191769939,1310.6697237478847,1.192169184484112,159.33474282130314,2016.6961091609398,10.895694138148123,493.25808404170573,
1800,300.00000000000017,4.026,0.237,0.4015192885397254,2.529438147020289,2.909479147470411,5.124219938119097,2.531405611971303,4.317868014767841,1310.6697237478847,1.192169184484112,159.33474282130314,2016.6961091609398,16.302914954819588,478.64132551842357,
1800,300.00000000000017,5.047,0.258,0.2648471504497939,3.9750549109300195,2.9491140592587275,5.124219938119097,2.531405611971303,4.347179002219754,1310.6697237478847,1.192169184484112,159.33474282130314,2016.6961091609398,18.77385404862863,347.94150933234596,
1800,300.00000000000017,4.813,0.375,0.2881908178091534,3.6149995387126284,2.9433795185756684,5.124219938119097,2.531405611971303,4.342950409,1310.6697237478847,1.192169184484112,159.33474282130314,2016.6961091609398,12.317552795879163,370.0159966027276,
1800,300.00000000000017,4.563,0.5,0.3175500170380481,3.2492076000857133,2.935595971168945,5.124219938119097,2.531405611971303,4.337204303992921,1310.6697237478847,1.192169184484112,159.33474282130314,2016.6961091609398,8.758309797568556,397.97008198012315,
1800,300.00000000000017,4.313,0.625,0.35253986711593016,2.902922484124481,2.9253995896027822,5.124219938119097,2.531405611971303,4.329665416051579,1310.6697237478847,1.192169184484112,159.33474282130314,2016.6961091609398,6.622763999,431.48308196857244,
1800,300.00000000000017,4.063,0.75,0.39458806026359916,2.576144190828935,2.9118474747752883,5.124219938119097,2.531405611971303,4.319625037935953,1310.6697237478847,1.192169184484112,159.33474282130314,2016.6961091609398,5.199066799257952,471.95433066997924,
1800,300.00000000000017,5.501,0.562,0.22845371865054784,4.722367841544808,2.957004032751271,5.124219938119097,2.531405611971303,4.352990275761913,1310.6697237478847,1.192169184484112,159.33474282130314,2016.6961091609398,9.393883456134603,313.9147537412824,
1800,300.00000000000017,5.189,0.719,0.2523236252024948,4.201882117541574,2.951939589050862,5.124219938119097,2.531405611971303,4.349261007672195,1310.6697237478847,1.192169184484112,159.33474282130314,2016.6961091609398,6.926193473656439,336.16880100051077,
1800,300.00000000000017,4.897,0.864,0.2793924818622814,3.742283897,2.9455734441083163,5.124219938119097,2.531405611971303,4.344568674168892,1310.6697237478847,1.192169184484112,159.33474282130314,2016.6961091609398,5.439465167527712,361.6772774970247,
1900,300.00000000000017,5.047,0.258,0.27816999308351387,3.7658414945652816,2.9459555361528618,5.4088988235701585,2.600772033605025,4.463909490456458,1310.6697237478847,1.192169184484112,159.33474282130314,2016.6961091609398,18.77385404862863,362.7954906114514,
1900,300.00000000000017,4.813,0.375,0.3029283641153834,3.424736405096174,2.939638351463386,5.4088988235701585,2.600772033605025,4.459120810867429,1310.6697237478847,1.192169184484112,159.33474282130314,2016.6961091609398,12.317552795879163,386.2622703,
1900,300.00000000000017,4.563,0.5,0.3340458755378235,3.078196673765412,2.930984089274572,5.4088988235701585,2.600772033605025,4.452552172088939,1310.6697237478847,1.192169184484112,159.33474282130314,2016.6961091609398,8.758309797568556,415.9417550784574,
1900,300.00000000000017,4.313,0.625,0.37110857854589746,2.7501370902231925,2.9196523525073106,5.4088988235701585,2.600772033605025,4.443936633860666,1310.6697237478847,1.192169184484112,159.33474282130314,2016.6961091609398,6.622763999,451.48452702305076,
1900,300.00000000000017,4.063,0.75,0.4156239194376648,2.4405576544695173,2.9045992579935653,5.4088988235701585,2.600772033605025,4.432465842633271,1310.6697237478847,1.192169184484112,159.33474282130314,2016.6961091609398,5.199066799257952,494.36568709479263,
1900,300.00000000000017,5.761,0.432,0.22179268932463603,4.9067188884147415,2.958438868,5.4088988235701585,2.600772033605025,4.4733572834015325,1310.6697237478847,1.192169184484112,159.33474282130314,2016.6961091609398,12.798349532418683,310.1525716788342,
1900,300.00000000000017,5.501,0.562,0.23952881589220465,4.473822165674029,2.954796243062109,5.4088988235701585,2.600772033605025,4.470602489,1310.6697237478847,1.192169184484112,159.33474282130314,2016.6961091609398,9.393883456134603,326.5562709159108,
1900,300.00000000000017,5.189,0.719,0.2648797144331956,3.9807304271446493,2.9491904689456314,5.4088988235701585,2.600772033605025,4.466359711607876,1310.6697237478847,1.192169184484112,159.33474282130314,2016.6961091609398,6.926193473656439,350.2707626353644,
1900,300.00000000000017,4.897,0.864,0.29359880424393925,3.5453215870341537,2.9420783459849518,5.4088988235701585,2.600772033605025,4.460971033964633,1310.6697237478847,1.192169184484112,159.33474282130314,2016.6961091609398,5.439465167527712,377.40160881796197,
2000,300.00000000000017,5.047,0.258,0.2915218044531704,3.577549419837018,2.942689516756464,5.693577709021219,2.6683358051872386,4.5773350709592595,1310.6697237478847,1.192169184484112,159.33474282130314,2016.6961091609398,18.77385404862863,377.62779097087457,
2000,300.00000000000017,4.813,0.375,0.31769548423792937,3.2534995848413657,2.9357025774871977,5.693577709021219,2.6683358051872386,4.571897771457745,1310.6697237478847,1.192169184484112,159.33474282130314,2016.6961091609398,12.317552795879163,402.48392557537346,
2000,300.00000000000017,4.563,0.5,0.3505720598984808,2.924286840077142,2.9261334220103024,5.693577709021219,2.6683358051872386,4.564440457805603,1310.6697237478847,1.192169184484112,159.33474282130314,2016.6961091609398,8.758309797568556,433.88691525194884,
2000,300.00000000000017,4.313,0.625,0.3897085024129688,2.6126302357120332,2.9136116058092583,5.693577709021219,2.6683358051872386,4.554663671615857,1310.6697237478847,1.192169184484112,159.33474282130314,2016.6961091609398,6.622763999,471.45696065638907,
2000,300.00000000000017,5.761,0.432,0.23184051665348962,4.661382943994005,2.956493381635693,5.693577709021219,2.6683358051872386,4.588058422711181,1310.6697237478847,1.192169184484112,159.33474282130314,2016.6961091609398,12.798349532418683,321.73192812307434,
2000,300.00000000000017,5.501,0.562,0.25063192049063365,4.250131057390329,2.952485033816643,5.693577709021219,2.6683358051872386,4.584947174148148,1310.6697237478847,1.192169184484112,159.33474282130314,2016.6961091609398,9.393883456134603,339.17664149418374,
2000,300.00000000000017,5.189,0.719,0.2774644444531054,3.7816939057874173,2.9462086854232705,5.693577709021219,2.6683358051872386,4.580071275530517,1310.6697237478847,1.192169184484112,159.33474282130314,2016.6961091609398,6.926193473656439,364.3474249635613,
2000,300.00000000000017,4.897,0.864,0.3078344732330778,3.3680555076824468,2.938400998,5.693577709021219,2.6683358051872386,4.573998473,1310.6697237478847,1.192169184484112,159.33474282130314,2016.6961091609398,5.439465167527712,393.1018355981099,
2100,300.00000000000017,5.047,0.258,0.3049007334625677,3.407189923654303,2.9392618195481637,5.978256594472279,2.734230562,4.687640200316298,1310.6697237478847,1.192169184484112,159.33474282130314,2016.6961091609398,18.77385404862863,392.4378914507546,
2100,300.00000000000017,4.813,0.375,0.33249031174964916,3.0985710331822536,2.9315733020977395,5.978256594472279,2.734230562,4.681505223989742,1310.6697237478847,1.192169184484112,159.33474282130314,2016.6961091609398,12.317552795879163,418.6820077781308,
2100,300.00000000000017,4.563,0.5,0.367126685,2.785035085787755,2.9210473635837246,5.978256594472279,2.734230562,4.6730930944521765,1310.6697237478847,1.192169184484112,159.33474282130314,2016.6961091609398,8.758309797568556,451.80658877688165,
2100,300.00000000000017,4.313,0.625,0.4083377307722002,2.4882192721066985,2.907279680121986,5.978256594472279,2.734230562,4.662067313650049,1310.6697237478847,1.192169184484112,159.33474282130314,2016.6961091609398,6.622763999,491.40126068098215,
2100,300.00000000000017,5.761,0.432,0.24191408487463495,4.439412327613338,2.954462386610195,5.978256594472279,2.734230562,4.699745774172876,1310.6697237478847,1.192169184484112,159.33474282130314,2016.6961091609398,12.798349532418683,333.291976,
2100,300.00000000000017,5.501,0.562,0.2617612057081421,4.047743864181265,2.950069764205087,5.978256594472279,2.734230562,4.696250741080699,1310.6697237478847,1.192169184484112,159.33474282130314,2016.6961091609398,9.393883456134603,351.7770495903686,
2100,300.00000000000017,5.189,0.719,0.2900759724752279,3.6016132436070643,2.943135325026604,5.978256594472279,2.734230562,4.690727986094274,1310.6697237478847,1.192169184484112,159.33474282130314,2016.6961091609398,6.926193473656439,378.4041925988987,
2100,300.00000000000017,4.897,0.864,0.32209762815935444,3.2076719120785206,2.9345423841117073,5.978256594472279,2.734230562,4.683875325962932,1310.6697237478847,1.192169184484112,159.33474282130314,2016.6961091609398,5.439465167527712,408.77902497749017,
2200,300.00000000000017,5.047,0.258,0.3183051400301665,3.2523176543972885,2.9356732616849146,6.262935479923341,2.7985742023696023,4.795022894006648,1310.6697237478847,1.192169184484112,159.33474282130314,2016.6961091609398,18.77385404862863,407.22673899810775,
2200,300.00000000000017,4.813,0.375,0.3473111923477145,2.9577268953103317,2.9272507759394295,6.262935479923341,2.7985742023696023,4.788139460974214,1310.6697237478847,1.192169184484112,159.33474282130314,2016.6961091609398,12.317552795879163,434.8573806794213,
2200,300.00000000000017,4.563,0.5,0.3837080777790253,2.6584425818883104,2.9157265854816874,6.262935479923341,2.7985742023696023,4.778705037521935,1310.6697237478847,1.192169184484112,159.33474282130314,2016.6961091609398,8.758309797568556,469.7015682638205,
2200,300.00000000000017,5.761,0.432,0.2520117871055874,4.237620858176367,2.952345325796559,6.262935479923341,2.7985742023696023,4.808619391575358,1310.6697237478847,1.192169184484112,159.33474282130314,2016.6961091609398,12.798349532418683,344.8337768740936,
2200,300.00000000000017,5.501,0.562,0.27291505405862043,3.8637555067184794,2.9474701959423095,6.262935479923341,2.7985742023696023,4.804647578166242,1310.6697237478847,1.192169184484112,159.33474282130314,2016.6961091609398,9.393883456134603,364.3559188,
2200,300.00000000000017,5.189,0.719,0.30271266612580194,3.4379035507158333,2.939917174367224,6.262935479923341,2.7985742023696023,4.798487569299833,1310.6697237478847,1.192169184484112,159.33474282130314,2016.6961091609398,6.926193473656439,392.4404080546368,
2200,300.00000000000017,4.897,0.864,0.33638662006006176,3.0618686433476783,2.9305035060318745,6.262935479923341,2.7985742023696023,4.790798987325649,1310.6697237478847,1.192169184484112,159.33474282130314,2016.6961091609398,5.439465167527712,424.4340901802467,
2300,300.00000000000017,5.047,0.258,0.331733562,3.110912538988712,2.9319246754970174,6.547614365374401,2.8614713635874227,4.8996584663304805,1310.6697237478847,1.192169184484112,159.33474282130314,2016.6961091609398,18.77385404862863,421.9951506022134,
2300,300.00000000000017,4.813,0.375,0.3621566509633985,2.8291300737751013,2.9227379868921535,6.547614365374401,2.8614713635874227,4.891976319615335,1310.6697237478847,1.192169184484112,159.33474282130314,2016.6961091609398,12.317552795879163,451.01086895350306,
2300,300.00000000000017,4.563,0.5,0.4003147477969273,2.542858121806211,2.910172740188407,6.547614365374401,2.8614713635874227,4.881449358634257,1310.6697237478847,1.192169184484112,159.33474282130314,2016.6961091609398,8.758309797568556,487.57255127166763,
2300,300.00000000000017,5.761,0.432,0.2621321924238549,4.0533764730382655,2.950141726696426,6.547614365374401,2.8614713635874227,4.914856522468804,1310.6697237478847,1.192169184484112,159.33474282130314,2016.6961091609398,12.798349532418683,356.3582561382669,
2300,300.00000000000017,5.501,0.562,0.2840920247480724,3.6957661368611556,2.9447976063027346,6.547614365374401,2.8614713635874227,4.910402924458215,1310.6697237478847,1.192169184484112,159.33474282130314,2016.6961091609398,9.393883456134603,376.9176853134943,
2300,300.00000000000017,5.189,0.719,0.31537307075108884,3.288429483293407,2.936554923170612,6.547614365374401,2.8614713635874227,4.903525837565063,1310.6697237478847,1.192169184484112,159.33474282130314,2016.6961091609398,6.926193473656439,406.45691542691077,
2300,300.00000000000017,4.897,0.864,0.35069997883788906,2.928743919723867,2.9262845272857256,6.547614365374401,2.8614713635874227,4.894943457237343,1310.6697237478847,1.192169184484112,159.33474282130314,2016.6961091609398,5.439465167527712,440.0677873416412,
2400,300.00000000000017,5.047,0.258,0.3451846903115885,2.9812911831975146,2.928016016819114,6.832293250825463,2.923015422999523,5.001702206,1310.6697237478847,1.192169184484112,159.33474282130314,2016.6961091609398,18.77385404862863,436.74380344464544,
2400,300.00000000000017,4.813,0.375,0.3770253651907839,2.711249654034471,2.918035144274571,6.832293250825463,2.923015422999523,4.993170154447073,1310.6697237478847,1.192169184484112,159.33474282130314,2016.6961091609398,12.317552795879163,467.1431000370865,
2400,300.00000000000017,5.761,0.432,0.27227401965597536,3.884485787,2.9478506520505574,6.832293250825463,2.923015422999523,5.018614595788003,1310.6697237478847,1.192169184484112,159.33474282130314,2016.6961091609398,12.798349532418683,367.86620543107495,
2400,300.00000000000017,5.501,0.562,0.2952908273830798,3.5417758811586064,2.9420100960869875,6.832293250825463,2.923015422999523,5.013640457689455,1310.6697237478847,1.192169184484112,159.33474282130314,2016.6961091609398,9.393883456134603,389.46178115577493,
2400,300.00000000000017,5.189,0.719,0.3280558830127106,3.1514115881561806,2.9330492733942997,6.832293250825463,2.923015422999523,5.005999320632907,1310.6697237478847,1.192169184484112,159.33474282130314,2016.6961091609398,6.926193473656439,420.4544482572172,
2400,300.00000000000017,4.897,0.864,0.3650363867302065,2.806712923068705,2.9218882872534877,6.832293250825463,2.923015422999523,4.996465702745392,1310.6697237478847,1.192169184484112,159.33474282130314,2016.6961091609398,5.439465167527712,455.6808530781972,
1000,320.00000000000017,2.9,0.3,0.3980306986797117,2.5409654630477188,3.039174076637487,2.823128415589766,1.8192761110851237,3.171585363051463,1310.6685429296276,1.2021617528829704,160.67011599443745,2016.743530066175,9.895672306,456.22526733808576,
1000,320.00000000000017,3.826,0.337,0.23713352827395373,4.422753121826435,3.0858266056244705,2.823128415589766,1.8192761110851237,3.195835203705058,1310.6685429296276,1.2021617528829704,160.67011599443745,2016.743530066175,11.622073747357994,300.65133299370086,
1100,320.00000000000017,2.9,0.3,0.4367239291035193,2.309968602770654,3.0247573499897586,3.105441257148742,1.9080728825706612,3.3184878337309915,1310.6685429296276,1.2021617528829704,160.67011599443745,2016.743530066175,9.895672306,496.7774666983976,
1100,320.00000000000017,4.026,0.237,0.23628549251157344,4.4520252856697065,3.0861300178937117,3.105441257148742,1.9080728825706612,3.3519850178654633,1310.6685429296276,1.2021617528829704,160.67011599443745,2016.743530066175,17.389775951807557,302.97244117194396,
1100,320.00000000000017,3.826,0.337,0.2588837892128148,4.020684656205851,3.0809961669146957,3.105441257148742,1.9080728825706612,3.3491958038416807,1310.6685429296276,1.2021617528829704,160.67011599443745,2016.743530066175,11.622073747357994,324.5189784926938,
1200,320.00000000000017,4.026,0.237,0.25588063754379675,4.081023178530565,3.081809453930175,3.3877540987077186,1.9929171287431933,3.498582596231772,1310.6685429296276,1.2021617528829704,160.67011599443745,2016.743530066175,17.389775951807557,324.5932573976492,
1200,320.00000000000017,4.063,0.75,0.2517138580535497,4.156379220576932,3.0827776188090903,3.3877540987077186,1.9929171287431933,3.4991321011348977,1310.6685429296276,1.2021617528829704,160.67011599443745,2016.743530066175,5.545671252541814,320.62239387544656,
1200,320.00000000000017,3.826,0.337,0.2806967060777189,3.685627602,3.0756205486151873,3.3877540987077186,1.9929171287431933,3.495067895162402,1310.6685429296276,1.2021617528829704,160.67011599443745,2016.743530066175,11.622073747357994,348.32853688568025,
1300,320.00000000000017,4.026,0.237,0.27553059118709294,3.767098318643598,3.077046034543904,3.6700669402666954,2.0742939133291873,3.6386249219491913,1310.6685429296276,1.2021617528829704,160.67011599443745,2016.743530066175,17.389775951807557,346.1635271970709,
1300,320.00000000000017,4.313,0.625,0.24350753044512222,4.323329440563827,3.0847516532710673,3.6700669402666954,2.0742939133291873,3.643178042813679,1310.6685429296276,1.2021617528829704,160.67011599443745,2016.743530066175,7.064281598487671,315.6717728449783,
1300,320.00000000000017,4.063,0.75,0.27098881653838497,3.8366577420710146,3.078192656122343,3.6700669402666954,2.0742939133291873,3.639302802163637,1310.6685429296276,1.2021617528829704,160.67011599443745,2016.743530066175,5.545671252541814,341.82280533062453,
1300,320.00000000000017,3.826,0.337,0.30256558716188037,3.402117786020336,3.0698465711655754,3.6700669402666954,2.0742939133291873,3.6343657253817168,1310.6685429296276,1.2021617528829704,160.67011599443745,2016.743530066175,11.622073747357994,372.0879439,
1400,320.00000000000017,4.026,0.237,0.2952299354284156,3.4980198673119123,3.071955566903091,3.952379781825672,2.1525965241333584,3.7728548697287967,1310.6685429296276,1.2021617528829704,160.67011599443745,2016.743530066175,17.389775951807557,367.6897566630153,
1400,320.00000000000017,4.563,0.5,0.23587175701912977,4.493406075776051,3.086549295575466,3.952379781825672,2.1525965241333584,3.781805972941994,1310.6685429296276,1.2021617528829704,160.67011599443745,2016.743530066175,9.342197117406458,311.2140552524899,
1400,320.00000000000017,4.313,0.625,0.2605444524168236,4.0145201948092675,3.0809110824751307,3.952379781825672,2.1525965241333584,3.778350273328097,1310.6685429296276,1.2021617528829704,160.67011599443745,2016.743530066175,7.064281598487671,334.5732845738953,
1400,320.00000000000017,4.063,0.75,0.29031297799908384,3.5626107604945134,3.0732821348128287,3.952379781825672,2.1525965241333584,3.7736694010398875,1310.6685429296276,1.2021617528829704,160.67011599443745,2016.743530066175,5.545671252541814,362.9793199767674,
1400,320.00000000000017,3.826,0.337,0.32448496904497587,3.1591093727331687,3.0636287718934625,3.952379781825672,2.1525965241333584,3.7677380791200856,1310.6685429296276,1.2021617528829704,160.67011599443745,2016.743530066175,11.622073747357994,395.7998951824591,
1500,320.00000000000017,4.026,0.237,0.3149741769247221,3.264818542824451,3.0665020272525156,4.234692623384649,2.228149087,3.901807816600251,1310.6685429296276,1.2021617528829704,160.67011599443745,2016.743530066175,17.389775951807557,389.17420421651804,
1500,320.00000000000017,4.813,0.375,0.22879119159972552,4.665983843168535,3.088184359192768,4.234692623384649,2.228149087,3.915577785107759,1310.6685429296276,1.2021617528829704,160.67011599443745,2016.743530066175,13.138722982271105,307.2417077171416,
1500,320.00000000000017,4.563,0.5,0.25102967004542837,4.193845670724314,3.0832403957170085,4.234692623384649,2.228149087,3.912442248916193,1310.6685429296276,1.2021617528829704,160.67011599443745,2016.743530066175,9.342197117406458,328.1795311,
1500,320.00000000000017,4.313,0.625,0.2776249887114829,3.746885515155316,3.0767009386865145,4.234692623384649,2.228149087,3.9082909623685134,1310.6685429296276,1.2021617528829704,160.67011599443745,2016.743530066175,7.064281598487671,353.4335505,
1500,320.00000000000017,4.063,0.75,0.3096818559267638,3.325103376461546,3.0680209215146816,4.234692623384649,2.228149087,3.902774015181916,1310.6685429296276,1.2021617528829704,160.67011599443745,2016.743530066175,5.545671252541814,384.0944727790446,
1500,320.00000000000017,4.897,0.864,0.22214417852606952,4.830273424641405,3.089587997,4.234692623384649,2.228149087,3.916467535801169,1310.6685429296276,1.2021617528829704,160.67011599443745,2016.743530066175,5.8020961786962255,301.0251608596278,
1500,320.00000000000017,3.826,0.337,0.3464503179447613,2.948502081217624,3.0569700353882236,4.234692623384649,2.228149087,3.8957388580315886,1310.6685429296276,1.2021617528829704,160.67011599443745,2016.743530066175,11.622073747357994,419.46735007687937,
1600,320.00000000000017,4.026,0.237,0.33475953697631866,3.0607673838979235,3.0606871930670208,4.517005464943625,2.3012224815049973,4.025947259892803,1310.6685429296276,1.2021617528829704,160.67011599443745,2016.743530066175,17.389775951807557,410.6193767470439,
1600,320.00000000000017,5.047,0.258,0.22342919340049539,4.81004781,3.089422555264084,4.517005464943625,2.3012224815049973,4.0448019777572926,1310.6685429296276,1.2021617528829704,160.67011599443745,2016.743530066175,20.025444318537197,304.8429607732073,
1600,320.00000000000017,4.813,0.375,0.24235645159730324,4.3743598529705014,3.0853121563968386,4.517005464943625,2.3012224815049973,4.042110328608117,1310.6685429296276,1.2021617528829704,160.67011599443745,2016.743530066175,13.138722982271105,322.56253777278994,
1600,320.00000000000017,4.563,0.5,0.2662265676824306,3.9317303163040447,3.079730727770755,4.517005464943625,2.3012224815049973,4.038452519985617,1310.6685429296276,1.2021617528829704,160.67011599443745,2016.743530066175,9.342197117406458,345.11110058404313,
1600,320.00000000000017,4.313,0.625,0.29474540418240996,3.5127051704581094,3.0722635353448453,4.517005464943625,2.3012224815049973,4.033553682048172,1310.6685429296276,1.2021617528829704,160.67011599443745,2016.743530066175,7.064281598487671,372.2587252203068,
1600,320.00000000000017,4.063,0.75,0.32909167775912596,3.1172844154326995,3.0624105930508083,4.517005464943625,2.3012224815049973,4.027080557838562,1310.6685429296276,1.2021617528829704,160.67011599443745,2016.743530066175,5.545671252541814,405.1707934066338,
1600,320.00000000000017,4.897,0.864,0.23521648570589604,4.528381335601317,3.0868951322849387,4.517005464943625,2.3012224815049973,4.043147135,1310.6685429296276,1.2021617528829704,160.67011599443745,2016.743530066175,5.8020961786962255,315.8589224,
1600,320.00000000000017,3.826,0.337,0.3684578188452498,2.7642207011415225,3.049876243,4.517005464943625,2.3012224815049973,4.018830750641171,1310.6685429296276,1.2021617528829704,160.67011599443745,2016.743530066175,11.622073747357994,443.09274675686476,
1700,320.00000000000017,4.026,0.237,0.3545827994099048,2.8807222436686333,3.0545160047070645,4.799318306502602,2.372045839822772,4.145665716224454,1310.6685429296276,1.2021617528829704,160.67011599443745,2016.743530066175,17.389775951807557,432.02739313354954,
1700,320.00000000000017,5.047,0.258,0.23571618004086628,4.527103821538314,3.0868826348266425,4.799318306502602,2.372045839822772,4.167572238026144,1310.6685429296276,1.2021617528829704,160.67011599443745,2016.743530066175,20.025444318537197,318.83681632575076,
1700,320.00000000000017,4.813,0.375,0.2559568131624902,4.117044567501647,3.082278636219754,4.799318306502602,2.372045839822772,4.164463169948109,1310.6685429296276,1.2021617528829704,160.67011599443745,2016.743530066175,13.138722982271105,337.85306563178705,
1700,320.00000000000017,4.563,0.5,0.2814593015881118,3.7004520624038055,3.0758868788833986,4.799318306502602,2.372045839822772,4.160142981034881,1310.6685429296276,1.2021617528829704,160.67011599443745,2016.743530066175,9.342197117406458,362.0074962741471,
1700,320.00000000000017,4.313,0.625,0.311902522,3.306075454548808,3.0675503519961556,4.799318306502602,2.372045839822772,4.154501571578333,1310.6685429296276,1.2021617528829704,160.67011599443745,2016.743530066175,7.064281598487671,391.0497915991857,
1700,320.00000000000017,4.063,0.75,0.3485392328744542,2.9339147439366577,3.0564559838422256,4.799318306502602,2.372045839822772,4.1469820014228596,1310.6685429296276,1.2021617528829704,160.67011599443745,2016.743530066175,5.545671252541814,426.21042452793677,
1700,320.00000000000017,5.189,0.719,0.224874464,4.785432407404259,3.0892185092714013,4.799318306502602,2.372045839822772,4.169148761287133,1310.6685429296276,1.2021617528829704,160.67011599443745,2016.743530066175,7.387939705233534,308.7256913103365,
1700,320.00000000000017,4.897,0.864,0.24832367248433954,4.262005962918886,3.0840524002886562,4.799318306502602,2.372045839822772,4.165661262916737,1310.6685429296276,1.2021617528829704,160.67011599443745,2016.743530066175,5.8020961786962255,330.66272919040034,
1700,320.00000000000017,3.826,0.337,0.3905042227232152,2.601619483427315,3.042350366608053,4.799318306502602,2.372045839822772,4.137401724937211,1310.6685429296276,1.2021617528829704,160.67011599443745,2016.743530066175,11.622073747357994,466.67798924486334,
1800,320.00000000000017,4.026,0.237,0.37444119793401986,2.7206821190203754,3.0479902693992487,5.081631148061579,2.4408150325366775,4.261295559271219,1310.6685429296276,1.2021617528829704,160.67011599443745,2016.743530066175,17.389775951807557,453.3999210338847,
1800,320.00000000000017,5.047,0.258,0.2480350121980198,4.275598053675075,3.0842098799901505,5.081631148061579,2.4408150325366775,4.2865395133516095,1310.6685429296276,1.2021617528829704,160.67011599443745,2016.743530066175,20.025444318537197,332.8033219387081,
1800,320.00000000000017,4.813,0.375,0.26958959370503444,3.8883198693071117,3.0790825350824136,5.081631148061579,2.4408150325366775,4.282974952,1310.6685429296276,1.2021617528829704,160.67011599443745,2016.743530066175,13.138722982271105,353.11529351771054,
1800,320.00000000000017,4.563,0.5,0.2967251672159748,3.494871392270261,3.0718890397676506,5.081631148061579,2.4408150325366775,4.277968984528697,1310.6685429296276,1.2021617528829704,160.67011599443745,2016.743530066175,9.342197117406458,378.87536846769336,
1800,320.00000000000017,4.313,0.625,0.3290936118904073,3.122404595962763,3.0625632134169347,5.081631148061579,2.4408150325366775,4.27147039,1310.6685429296276,1.2021617528829704,160.67011599443745,2016.743530066175,7.064281598487671,409.80858859040046,
1800,320.00000000000017,4.063,0.75,0.3680217600347441,2.770919480384621,3.0501586936847676,5.081631148061579,2.4408150325366775,4.262811091326085,1310.6685429296276,1.2021617528829704,160.67011599443745,2016.743530066175,5.545671252541814,447.2150537277087,
1800,320.00000000000017,5.501,0.562,0.21448416118707292,5.079413292261362,3.0914742322477573,5.081631148061579,2.4408150325366775,4.291584665934755,1310.6685429296276,1.2021617528829704,160.67011599443745,2016.743530066175,10.020142353210241,301.5884921287596,
1800,320.00000000000017,5.189,0.719,0.23648115126433963,4.519575051437355,3.0868087777965805,5.081631148061579,2.4408150325366775,4.288345151218639,1310.6685429296276,1.2021617528829704,160.67011599443745,2016.743530066175,7.387939705233534,321.9892195488584,
1800,320.00000000000017,4.897,0.864,0.2614630629046018,4.025227853867837,3.0810586328934644,5.081631148061579,2.4408150325366775,4.284349098646866,1310.6685429296276,1.2021617528829704,160.67011599443745,2016.743530066175,5.8020961786962255,345.43861155955193,
1800,320.00000000000017,3.826,0.337,0.4125867333848041,2.4570850676813527,3.034396529278906,5.081631148061579,2.4408150325366775,4.251782458695707,1310.6685429296276,1.2021617528829704,160.67011599443745,2016.743530066175,11.622073747357994,490.2246474392621,
1900,320.00000000000017,4.026,0.237,0.39433233109751936,2.5774883232824615,3.041112972622004,5.363943989620555,2.507699060871045,4.373123015872719,1310.6685429296276,1.2021617528829704,160.67011599443745,2016.743530066175,17.389775951807557,474.7383626221813,
1900,320.00000000000017,5.047,0.258,0.26038338120652166,4.050566577165861,3.0814033149425963,5.363943989620555,2.507699060871045,4.401996470771114,1310.6685429296276,1.2021617528829704,160.67011599443745,2016.743530066175,20.025444318537197,346.7442302653591,
1900,320.00000000000017,4.813,0.375,0.28325246838938933,3.6836714551330534,3.075585167545381,5.363943989620555,2.507699060871045,4.3978386954525845,1310.6685429296276,1.2021617528829704,160.67011599443745,2016.743530066175,13.138722982271105,368.34697062215673,
1900,320.00000000000017,4.563,0.5,0.31202181963290354,3.3109307926770897,3.0676711879337586,5.363943989620555,2.507699060871045,4.392176874681646,1310.6685429296276,1.2021617528829704,160.67011599443745,2016.743530066175,9.342197117406458,395.7145799877296,
1900,320.00000000000017,4.313,0.625,0.34631630507113176,2.958067511964723,3.057303063053721,5.363943989620555,2.507699060871045,4.384748245827686,1310.6685429296276,1.2021617528829704,160.67011599443745,2016.743530066175,7.064281598487671,428.53662645856025,
1900,320.00000000000017,4.063,0.75,0.38753686241451385,2.625081612995957,3.0435215274265865,5.363943989620555,2.507699060871045,4.374854425041248,1310.6685429296276,1.2021617528829704,160.67011599443745,2016.743530066175,5.545671252541814,468.1861026366643,
1900,320.00000000000017,5.501,0.562,0.22474398392743855,4.812075750563396,3.089439232933706,5.363943989620555,2.507699060871045,4.407732664031246,1310.6685429296276,1.2021617528829704,160.67011599443745,2016.743530066175,10.020142353210241,313.46850551818653,
1900,320.00000000000017,5.189,0.719,0.24811707305167896,4.281702680309074,3.084280140966181,5.363943989620555,2.507699060871045,4.404050863256182,1310.6685429296276,1.2021617528829704,160.67011599443745,2016.743530066175,7.387939705233534,335.22763433141654,
1900,320.00000000000017,4.897,0.864,0.27463233820304445,3.8133737562958454,3.077815749852886,5.363943989620555,2.507699060871045,4.399433182786821,1310.6685429296276,1.2021617528829704,160.67011599443745,2016.743530066175,5.8020961786962255,360.18550601052044,
2000,320.00000000000017,4.026,0.237,0.4142540969876051,2.448613907118338,3.0338871657612527,5.646256831179532,2.5728449499979633,4.481396050237271,1310.6685429296276,1.2021617528829704,160.67011599443745,2016.743530066175,17.389775951807557,496.04388326719527,
2000,320.00000000000017,5.047,0.258,0.2727592705049227,3.8480382483075672,3.0783744169796536,5.646256831179532,2.5728449499979633,4.514132840724778,1310.6685429296276,1.2021617528829704,160.67011599443745,2016.743530066175,20.025444318537197,360.65846185147313,
2000,320.00000000000017,4.813,0.375,0.29694340577960754,3.4994878823764006,3.071986525366973,5.646256831179532,2.5728449499979633,4.509446801580184,1310.6685429296276,1.2021617528829704,160.67011599443745,2016.743530066175,13.138722982271105,383.55511233600055,
2000,320.00000000000017,4.563,0.5,0.3273472089156783,3.1453842530432348,3.0632346256061638,5.646256831179532,2.5728449499979633,4.503018652338621,1310.6685429296276,1.2021617528829704,160.67011599443745,2016.743530066175,9.342197117406458,412.5265097106741,
2000,320.00000000000017,4.313,0.625,0.36356852987673377,2.810164136366487,3.051773763386264,5.646256831179532,2.5728449499979633,4.494586905266282,1310.6685429296276,1.2021617528829704,160.67011599443745,2016.743530066175,7.064281598487671,447.2352529237794,
2000,320.00000000000017,4.063,0.75,0.4070824423560017,2.4938275323461587,3.036547353498343,5.646256831179532,2.5728449499979633,4.483360319518991,1310.6685429296276,1.2021617528829704,160.67011599443745,2016.743530066175,5.545671252541814,489.1247549927809,
2000,320.00000000000017,5.761,0.432,0.21772249811315697,5.013817491671331,3.091003378701591,5.646256831179532,2.5728449499979633,4.5233829275281225,1310.6685429296276,1.2021617528829704,160.67011599443745,2016.743530066175,13.651572834579927,309.34816422336496,
2000,320.00000000000017,5.501,0.562,0.23503046514260556,4.5714719630352265,3.087386534644129,5.646256831179532,2.5728449499979633,4.5207357030905735,1310.6685429296276,1.2021617528829704,160.67011599443745,2016.743530066175,10.020142353210241,325.3280079543033,
2000,320.00000000000017,5.189,0.719,0.25978022114559474,4.067617546,3.0816317724291435,5.646256831179532,2.5728449499979633,4.516520504717237,1310.6685429296276,1.2021617528829704,160.67011599443745,2016.743530066175,7.387939705233534,348.4424602520049,
2000,320.00000000000017,4.897,0.864,0.2878294725291222,3.622705068481053,3.0744538899840324,5.646256831179532,2.5728449499979633,4.511257391591622,1310.6685429296276,1.2021617528829704,160.67011599443745,2016.743530066175,5.8020961786962255,374.90849179878126,
2100,320.00000000000017,5.047,0.258,0.28516090567415964,3.664798331721493,3.0752409233710387,5.928569672738508,2.6363815531076917,4.623254881299648,1310.6685429296276,1.2021617528829704,160.67011599443745,2016.743530066175,20.025444318537197,374.5506646441055,
2100,320.00000000000017,4.813,0.375,0.3106606177134103,3.332845602263239,3.0682101176943144,5.928569672738508,2.6363815531076917,4.617966871742691,1310.6685429296276,1.2021617528829704,160.67011599443745,2016.743530066175,13.138722982271105,398.73880463349974,
2100,320.00000000000017,4.563,0.5,0.3426995298208016,2.9956040505173673,3.058579733458078,5.928569672738508,2.6363815531076917,4.610713824,1310.6685429296276,1.2021617528829704,160.67011599443745,2016.743530066175,9.342197117406458,429.31230348659557,
2100,320.00000000000017,4.313,0.625,0.3808484609268736,2.676346796539512,3.045976239,5.928569672738508,2.6363815531076917,4.601204329372559,1310.6685429296276,1.2021617528829704,160.67011599443745,2016.743530066175,7.064281598487671,465.9055318441993,
2100,320.00000000000017,5.761,0.432,0.2270529697460257,4.775064277782221,3.0891316644705076,5.928569672738508,2.6363815531076917,4.633684646190569,1310.6685429296276,1.2021617528829704,160.67011599443745,2016.743530066175,13.651572834579927,320.21640716422417,
2100,320.00000000000017,5.501,0.562,0.2453418522493549,4.353782821938312,3.0850884163712364,5.928569672738508,2.6363815531076917,4.630651225618405,1310.6685429296276,1.2021617528829704,160.67011599443745,2016.743530066175,10.020142353210241,337.16171309918525,
2100,320.00000000000017,5.189,0.719,0.271468829,3.8739214726605913,3.0787819145464352,5.928569672738508,2.6363815531076917,4.625915842713577,1310.6685429296276,1.2021617528829704,160.67011599443745,2016.743530066175,7.387939705233534,361.6325710368166,
2100,320.00000000000017,4.897,0.864,0.30105268288116005,3.4501953033152892,3.0709255618279734,5.928569672738508,2.6363815531076917,4.620009928978013,1310.6685429296276,1.2021617528829704,160.67011599443745,2016.743530066175,5.8020961786962255,389.6074844634186,
2200,320.00000000000017,5.047,0.258,0.297586715,3.498216589370516,3.071959717740623,6.210882514297484,2.698422548527755,4.729527069655155,1310.6685429296276,1.2021617528829704,160.67011599443745,2016.743530066175,20.025444318537197,388.4207029265192,
2200,320.00000000000017,4.813,0.375,0.32440251973128953,3.181352620342183,3.0642568886241803,6.210882514297484,2.698422548527755,4.723593787965466,1310.6685429296276,1.2021617528829704,160.67011599443745,2016.743530066175,13.138722982271105,413.8991156718756,
2200,320.00000000000017,4.563,0.5,0.35807718204388833,2.8594402300393047,3.0537098584595808,6.210882514297484,2.698422548527755,4.715457585396552,1310.6685429296276,1.2021617528829704,160.67011599443745,2016.743530066175,9.342197117406458,446.0730261558464,
2200,320.00000000000017,4.313,0.625,0.39815447923783315,2.5546946694240793,3.0399124802498734,6.210882514297484,2.698422548527755,4.7047927528790305,1310.6685429296276,1.2021617528829704,160.67011599443745,2016.743530066175,7.064281598487671,484.5483909264534,
2200,320.00000000000017,5.761,0.432,0.23640641113326583,4.558015901519392,3.087182225,6.210882514297484,2.698422548527755,4.741230720619064,1310.6685429296276,1.2021617528829704,160.67011599443745,2016.743530066175,13.651572834579927,331.0650508,
2200,320.00000000000017,5.501,0.562,0.2556765937920186,4.155883602759297,3.0827714162854964,6.210882514297484,2.698422548527755,4.737842495828187,1310.6685429296276,1.2021617528829704,160.67011599443745,2016.743530066175,10.020142353210241,348.97745976699866,
2200,320.00000000000017,5.189,0.719,0.2831813305404699,3.697834132994201,3.0758400764947282,6.210882514297484,2.698422548527755,4.732513187911344,1310.6685429296276,1.2021617528829704,160.67011599443745,2016.743530066175,7.387939705233534,374.80231279013793,
2200,320.00000000000017,4.897,0.864,0.31430038958672807,3.2933682440736853,3.0672316049471253,6.210882514297484,2.698422548527755,4.725886014681362,1310.6685429296276,1.2021617528829704,160.67011599443745,2016.743530066175,5.8020961786962255,404.28357046164956,
2300,320.00000000000017,5.047,0.258,0.31003529798599805,3.3461202159196244,3.068531497082818,6.493195355856461,2.759068829739397,4.833122774906817,1310.6685429296276,1.2021617528829704,160.67011599443745,2016.743530066175,20.025444318537197,402.2695467,
2300,320.00000000000017,4.813,0.375,0.33816769945892294,3.043032941196871,3.060126821088919,6.493195355856461,2.759068829739397,4.826499299774307,1310.6685429296276,1.2021617528829704,160.67011599443745,2016.743530066175,13.138722982271105,429.0369387471571,
2300,320.00000000000017,4.563,0.5,0.37347873845973956,2.7351167417767264,3.048625342958833,6.493195355856461,2.759068829739397,4.817420569062999,1310.6685429296276,1.2021617528829704,160.67011599443745,2016.743530066175,9.342197117406458,462.8095115948104,
2300,320.00000000000017,5.761,0.432,0.24578144947483813,4.359841297105506,3.0851546073385077,6.493195355856461,2.759068829739397,4.846196295306127,1310.6685429296276,1.2021617528829704,160.67011599443745,2016.743530066175,13.651572834579927,341.8951639280881,
2300,320.00000000000017,5.501,0.562,0.266033308,3.975193011,3.0803592573747265,6.493195355856461,2.759068829739397,4.842428535247841,1310.6685429296276,1.2021617528829704,160.67011599443745,2016.743530066175,10.020142353210241,360.77406211651333,
2300,320.00000000000017,5.189,0.719,0.29491633296634345,3.5370587359074968,3.0727659278490855,6.493195355856461,2.759068829739397,4.836456368,1310.6685429296276,1.2021617528829704,160.67011599443745,2016.743530066175,7.387939705233534,387.9514798255233,
2300,320.00000000000017,4.897,0.864,0.3275711847280609,3.150178320418308,3.0633728746721607,6.493195355856461,2.759068829739397,4.829058494820963,1310.6685429296276,1.2021617528829704,160.67011599443745,2016.743530066175,5.8020961786962255,418.93769142495034,
2400,320.00000000000017,5.047,0.258,0.32250539987880067,3.2066985402563066,3.064956970981109,6.775508197415437,2.818410432154271,4.934196360358658,1310.6685429296276,1.2021617528829704,160.67011599443745,2016.743530066175,20.025444318537197,416.09804257080816,
2400,320.00000000000017,4.813,0.375,0.3519548910676387,2.9162399019803344,3.0558229357212565,6.775508197415437,2.818410432154271,4.926838548766209,1310.6685429296276,1.2021617528829704,160.67011599443745,2016.743530066175,13.138722982271105,444.15314061772284,
2400,320.00000000000017,4.563,0.5,0.3889029194624071,2.6211535442026963,3.0433275961041986,6.775508197415437,2.818410432154271,4.916755244876215,1310.6685429296276,1.2021617528829704,160.67011599443745,2016.743530066175,9.342197117406458,479.52250587085825,
2400,320.00000000000017,5.761,0.432,0.2551768559043373,4.178181243059443,3.083048368051203,6.775508197415437,2.818410432154271,4.948737374526107,1310.6685429296276,1.2021617528829704,160.67011599443745,2016.743530066175,13.651572834579927,352.70768470460894,
2400,320.00000000000017,5.501,0.562,0.2764107581059429,3.8095599691960222,3.077753361821585,6.775508197415437,2.818410432154271,4.944485924,1310.6685429296276,1.2021617528829704,160.67011599443745,2016.743530066175,10.020142353210241,372.54927203543764,
2400,320.00000000000017,5.189,0.719,0.30667258711747303,3.3896812885780174,3.069560056318117,6.775508197415437,2.818410432154271,4.937900165316493,1310.6685429296276,1.2021617528829704,160.67011599443745,2016.743530066175,7.387939705233534,401.0809416674185,
2400,320.00000000000017,4.897,0.864,0.3408638066388981,3.018920890400878,3.0593492780419664,6.775508197415437,2.818410432154271,4.929680452621404,1310.6685429296276,1.2021617528829704,160.67011599443745,2016.743530066175,5.8020961786962255,433.5706359100588,
1000,340.00000000000017,2.9,0.3,0.37254670657548605,2.7204445030119526,3.176204873784414,2.8016817043070583,1.7582396214251619,3.1335188850376787,1310.667545150738,1.2113651537008514,161.90003643264942,2016.7869366519312,10.514151825556521,431.98076750009596,
1100,340.00000000000017,2.9,0.3,0.4086360207081676,2.4731313663745023,3.1629102858622726,3.081849874737764,1.8440572721540471,3.2795770747364967,1310.667545150738,1.2113651537008514,161.90003643264942,2016.7869366519312,10.514151825556521,470.03011031793466,
1100,340.00000000000017,3.826,0.337,0.24309260368645078,4.304682464357562,3.214691897687988,3.081849874737764,1.8440572721540471,3.3063139000150574,1310.667545150738,1.2113651537008514,161.90003643264942,2016.7869366519312,12.348453356567871,309.9094458860286,
1200,340.00000000000017,4.026,0.237,0.24036253364051083,4.369282949395735,3.2154448387159085,3.3620180451684702,1.9260550043078095,3.453736635264533,1310.667545150738,1.2113651537008514,161.90003643264942,2016.7869366519312,18.476636948795537,310.30705802024863,
1200,340.00000000000017,4.063,0.75,0.23649249593705152,4.449961704512655,3.2163413926364277,3.3620180451684702,1.9260550043078095,3.454218099799252,1310.667545150738,1.2113651537008514,161.90003643264942,2016.7869366519312,5.892275705825678,306.6302137551226,
1200,340.00000000000017,3.826,0.337,0.26342271685512153,3.9459589256610976,3.209845573026231,3.3620180451684702,1.9260550043078095,3.450728215566189,1310.667545150738,1.2113651537008514,161.90003643264942,2016.7869366519312,12.348453356567871,332.30671029801766,
1300,340.00000000000017,4.026,0.237,0.2586743239453812,4.033184260980678,3.2111392500939764,3.642186215599176,2.004701607784581,3.592355501918375,1310.667545150738,1.2113651537008514,161.90003643264942,2016.7869366519312,18.476636948795537,330.6057818022489,
1300,340.00000000000017,4.313,0.625,0.22893366847312582,4.628704318233672,3.2181165922490367,3.642186215599176,2.004701607784581,3.5962562191705953,1310.667545150738,1.2113651537008514,161.90003643264942,2016.7869366519312,7.505799198,302.37032774253936,
1300,340.00000000000017,4.063,0.75,0.2544541809046163,4.107656958011682,3.2121814635028967,3.642186215599176,2.004701607784581,3.592938425460678,1310.667545150738,1.2113651537008514,161.90003643264942,2016.7869366519312,5.892275705825678,326.5828919930971,
1300,340.00000000000017,3.826,0.337,0.28380615614695165,3.642423623687167,3.204463136065074,3.642186215599176,2.004701607784581,3.588619218389237,1310.667545150738,1.2113651537008514,161.90003643264942,2016.7869366519312,12.348453356567871,354.64795823528584,
1400,340.00000000000017,4.026,0.237,0.2770331879660265,3.7450996709106295,3.2064046224941314,3.9223543860298817,2.0803771756316247,3.725214144997779,1310.667545150738,1.2113651537008514,161.90003643264942,2016.7869366519312,18.476636948795537,350.8555669041348,
1400,340.00000000000017,4.313,0.625,0.24480686626699086,4.298082581,3.2146131362986616,3.9223543860298817,2.0803771756316247,3.729979439749896,1310.667545150738,1.2113651537008514,161.90003643264942,2016.7869366519312,7.505799198,320.1690419288298,
1400,340.00000000000017,4.063,0.75,0.27246277022342086,3.8142528895822756,3.2076257177698633,3.9223543860298817,2.0803771756316247,3.725923414245989,1310.667545150738,1.2113651537008514,161.90003643264942,2016.7869366519312,5.892275705825678,346.4874580053925,
1400,340.00000000000017,3.826,0.337,0.30423767132113494,3.382250507709512,3.1987380001873174,3.9223543860298817,2.0803771756316247,3.720757922914917,1310.667545150738,1.2113651537008514,161.90003643264942,2016.7869366519312,12.348453356567871,376.9415867873449,
1500,340.00000000000017,4.026,0.237,0.29543480714503456,3.4954263595165886,3.2013838122627387,4.202522556460587,2.153394959017956,3.8529428243811332,1310.667545150738,1.2113651537008514,161.90003643264942,2016.7869366519312,18.476636948795537,371.06313538976235,
1500,340.00000000000017,4.563,0.5,0.23602899898312052,4.490074567057652,3.216770030158988,4.202522556460587,2.153394959017956,3.8621905689004628,1310.667545150738,1.2113651537008514,161.90003643264942,2016.7869366519312,9.926084437244363,314.5516748200722,
1500,340.00000000000017,4.313,0.625,0.2607216611300928,4.0115437424691835,3.2108258684082873,4.202522556460587,2.153394959017956,3.858620512502148,1310.667545150738,1.2113651537008514,161.90003643264942,2016.7869366519312,7.505799198,337.92629471503216,
1500,340.00000000000017,4.063,0.75,0.2905139515051764,3.559969363610125,3.202782322805544,4.202522556460587,2.153394959017956,3.853784303118529,1310.667545150738,1.2113651537008514,161.90003643264942,2016.7869366519312,5.892275705825678,366.34987883935446,
1500,340.00000000000017,3.826,0.337,0.32471290731622127,3.1567671405288786,3.192604719,4.202522556460587,2.153394959017956,3.847656271931769,1310.667545150738,1.2113651537008514,161.90003643264942,2016.7869366519312,12.348453356567871,399.18954715934825,
1600,340.00000000000017,4.026,0.237,0.3138755511417479,3.2769622120468007,3.1960298085605423,4.482690726891294,2.224016750422279,3.9759733472813212,1310.667545150738,1.2113651537008514,161.90003643264942,2016.7869366519312,18.476636948795537,391.2302858025767,
1600,340.00000000000017,4.813,0.375,0.2280382357706308,4.683339222539557,3.218689710949712,4.482690726891294,2.224016750422279,3.9900433095335415,1310.667545150738,1.2113651537008514,161.90003643264942,2016.7869366519312,13.959893168663049,309.65546440269617,
1600,340.00000000000017,4.563,0.5,0.2501860391302949,4.209444906616548,3.2135206846343363,4.482690726891294,2.224016750422279,3.9868381347785613,1310.667545150738,1.2113651537008514,161.90003643264942,2016.7869366519312,9.926084437244363,330.4998259299844,
1600,340.00000000000017,4.313,0.625,0.27667446203660845,3.760822258564858,3.2066881125463746,4.482690726891294,2.224016750422279,3.9825974815158203,1310.667545150738,1.2113651537008514,161.90003643264942,2016.7869366519312,7.505799198,355.64337323886866,
1600,340.00000000000017,4.063,0.75,0.3086040999493868,3.3374712783844913,3.1976170837921454,4.482690726891294,2.224016750422279,3.9769605377988304,1310.667545150738,1.2113651537008514,161.90003643264942,2016.7869366519312,5.892275705825678,386.1722642266486,
1600,340.00000000000017,4.897,0.864,0.22141861759035225,4.848239888000071,3.2201573742872642,4.482690726891294,2.224016750422279,3.990952899055514,1310.667545150738,1.2113651537008514,161.90003643264942,2016.7869366519312,6.164727189864737,303.46710634603284,
1600,340.00000000000017,3.826,0.337,0.3452282010092206,2.9594691942458233,3.186068955039934,4.482690726891294,2.224016750422279,3.9697726863793283,1310.667545150738,1.2113651537008514,161.90003643264942,2016.7869366519312,12.348453356567871,421.3946700391274,
1700,340.00000000000017,4.026,0.237,0.33235233120901875,3.0841997289852245,3.1903439661881645,4.762858897321999,2.2924639937835023,4.094692355498495,1310.667545150738,1.2113651537008514,161.90003643264942,2016.7869366519312,18.476636948795537,411.3593773205731,
1700,340.00000000000017,5.047,0.258,0.22193787359823516,4.846872137764677,3.2201457840246603,4.762858897321999,2.2924639937835023,4.113772684078561,1310.667545150738,1.2113651537008514,161.90003643264942,2016.7869366519312,21.277034588445783,306.5078765184918,
1700,340.00000000000017,4.813,0.375,0.24070551692776906,4.4078486800372305,3.2158792862043692,4.762858897321999,2.2924639937835023,4.111046531156037,1310.667545150738,1.2113651537008514,161.90003643264942,2016.7869366519312,13.959893168663049,324.06645778809894,
1700,340.00000000000017,4.563,0.5,0.2643772502894664,3.9618305003449867,3.2100871187631514,4.762858897321999,2.2924639937835023,4.107342629455947,1310.667545150738,1.2113651537008514,161.90003643264942,2016.7869366519312,9.926084437244363,346.4147931953479,
1700,340.00000000000017,4.313,0.625,0.29266221580164803,3.5395974198257494,3.202349061,4.762858897321999,2.2924639937835023,4.102389176270612,1310.667545150738,1.2113651537008514,161.90003643264942,2016.7869366519312,7.505799198,373.3263610494558,
1700,340.00000000000017,4.063,0.75,0.3267301318202607,3.1411494384795215,3.192131174330163,4.762858897321999,2.2924639937835023,4.0958391037799995,1310.667545150738,1.2113651537008514,161.90003643264942,2016.7869366519312,5.892275705825678,405.9569921,
1700,340.00000000000017,4.897,0.864,0.2336254867231498,4.563049306353009,3.2175222785618867,4.762858897321999,2.2924639937835023,4.112096563657804,1310.667545150738,1.2113651537008514,161.90003643264942,2016.7869366519312,6.164727189864737,317.4233074104859,
1700,340.00000000000017,3.826,0.337,0.3657804339997057,2.7853827710548926,3.1791328931585703,4.762858897321999,2.2924639937835023,4.087491518285102,1310.667545150738,1.2113651537008514,161.90003643264942,2016.7869366519312,12.348453356567871,443.5591933297705,
1800,340.00000000000017,4.026,0.237,0.3508624916362312,2.912855299597157,3.184330997806102,5.043027067752705,2.3589259885440947,4.209431215839653,1310.667545150738,1.2113651537008514,161.90003643264942,2016.7869366519312,18.476636948795537,431.4524453336348,
1800,340.00000000000017,5.047,0.258,0.23340944041346443,4.5776014634444175,3.2177336394861817,5.043027067752705,2.3589259885440947,4.231451432235407,1310.667545150738,1.2113651537008514,161.90003643264942,2016.7869366519312,21.277034588445783,319.6799879223227,
1800,340.00000000000017,4.813,0.375,0.25340372573562175,4.1629681978129405,3.212920906525822,5.043027067752705,2.3589259885440947,4.2282857776728795,1310.667545150738,1.2113651537008514,161.90003643264942,2016.7869366519312,13.959893168663049,338.44762490971976,
1800,340.00000000000017,4.563,0.5,0.27860003248654197,3.741728805881377,3.206343382567483,5.043027067752705,2.3589259885440947,4.2239554657111995,1310.667545150738,1.2113651537008514,161.90003643264942,2016.7869366519312,9.926084437244363,362.2954684491715,
1800,340.00000000000017,4.313,0.625,0.30868229908595035,3.342953118724319,3.1977566971683973,5.043027067752705,2.3589259885440947,4.218295733134992,1310.667545150738,1.2113651537008514,161.90003643264942,2016.7869366519312,7.505799198,390.97607624755324,
1800,340.00000000000017,4.063,0.75,0.34488939596888346,2.9666411363417704,3.186329226120183,5.043027067752705,2.3589259885440947,4.2107517578125515,1310.667545150738,1.2113651537008514,161.90003643264942,2016.7869366519312,5.892275705825678,425.7061180409149,
1800,340.00000000000017,5.189,0.719,0.22270124237916333,4.838811579078048,3.220077289371861,5.043027067752705,2.3589259885440947,4.232992149500108,1310.667545150738,1.2113651537008514,161.90003643264942,2016.7869366519312,7.849685936810629,309.70094801533867,
1800,340.00000000000017,4.897,0.864,0.24586308912555632,4.309546567111176,3.214749722673808,5.043027067752705,2.3589259885440947,4.229488990802329,1310.667545150738,1.2113651537008514,161.90003643264942,2016.7869366519312,6.164727189864737,331.34999751548384,
1800,340.00000000000017,3.826,0.337,0.38636692358448826,2.6306392837740655,3.171800037920259,5.043027067752705,2.3589259885440947,4.201140587,1310.667545150738,1.2113651537008514,161.90003643264942,2016.7869366519312,12.348453356567871,465.68498350172854,
1900,340.00000000000017,4.026,0.237,0.3694037278082639,2.7595471259341484,3.1779922643866754,5.323195238183411,2.4235660659581084,4.320472855194354,1310.667545150738,1.2113651537008514,161.90003643264942,2016.7869366519312,18.476636948795537,451.5111134440166,
1900,340.00000000000017,5.047,0.258,0.2449091963641877,4.3366750706315536,3.2150688139829704,5.323195238183411,2.4235660659581084,4.345602513040329,1310.667545150738,1.2113651537008514,161.90003643264942,2016.7869366519312,21.277034588445783,332.82159733522866,
1900,340.00000000000017,4.813,0.375,0.2661306267391551,3.9438646084543643,3.2098134897370327,5.323195238183411,2.4235660659581084,4.3420494179553355,1310.667545150738,1.2113651537008514,161.90003643264942,2016.7869366519312,13.959893168663049,352.80087628305984,
1900,340.00000000000017,4.563,0.5,0.2928521321246252,3.5447957108349883,3.2024603175331947,5.323195238183411,2.4235660659581084,4.337073094009464,1310.667545150738,1.2113651537008514,161.90003643264942,2016.7869366519312,9.926084437244363,378.1480688570571,
1900,340.00000000000017,4.313,0.625,0.32473243690539666,3.1670082177388283,3.1929114980210693,5.323195238183411,2.4235660659581084,4.330602311969266,1310.667545150738,1.2113651537008514,161.90003643264942,2016.7869366519312,7.505799198,408.59426141514905,
1900,340.00000000000017,4.063,0.75,0.3630795919556703,2.810502129165888,3.180212413883756,5.323195238183411,2.4235660659581084,4.321981735669993,1310.667545150738,1.2113651537008514,161.90003643264942,2016.7869366519312,5.892275705825678,445.4212821597067,
1900,340.00000000000017,5.501,0.562,0.21188767098974762,5.151972828,3.222517924440557,5.323195238183411,2.4235660659581084,4.350633843063365,1310.667545150738,1.2113651537008514,161.90003643264942,2016.7869366519312,10.64640125028588,302.1355405,
1900,340.00000000000017,5.189,0.719,0.23353589957915621,4.584137285442361,3.2177833044834627,5.323195238183411,2.4235660659581084,4.347436627425603,1310.667545150738,1.2113651537008514,161.90003643264942,2016.7869366519312,7.849685936810629,322.18919870823584,
1900,340.00000000000017,4.897,0.864,0.25812919482358493,4.082728326736903,3.211838708094172,5.323195238183411,2.4235660659581084,4.343419000889577,1310.667545150738,1.2113651537008514,161.90003643264942,2016.7869366519312,6.164727189864737,345.2491107250189,
1900,340.00000000000017,3.826,0.337,0.4069853404408933,2.492184584628062,3.164073979508404,5.323195238183411,2.4235660659581084,4.311001536263672,1310.667545150738,1.2113651537008514,161.90003643264942,2016.7869366519312,12.348453356567871,487.77358804851633,
2000,340.00000000000017,4.026,0.237,0.38797402329543973,2.6215697696374414,3.171330361177871,5.603363408614117,2.486526319,4.4280631211869945,1310.667545150738,1.2113651537008514,161.90003643264942,2016.7869366519312,18.476636948795537,471.53677107480263,
2000,340.00000000000017,5.047,0.258,0.25643520206648474,4.119841317099976,3.2123468168333407,5.603363408614117,2.486526319,4.456606342,1310.667545150738,1.2113651537008514,161.90003643264942,2016.7869366519312,21.277034588445783,345.93955583294604,
2000,340.00000000000017,4.813,0.375,0.27888426712739706,3.7466713780316465,3.206433120478625,5.603363408614117,2.486526319,4.452502308412088,1310.667545150738,1.2113651537008514,161.90003643264942,2016.7869366519312,13.959893168663049,367.1244241533748,
2000,340.00000000000017,4.563,0.5,0.3071315797044796,3.367555925293239,3.198375025487163,5.603363408614117,2.486526319,4.446903991641514,1310.667545150738,1.2113651537008514,161.90003643264942,2016.7869366519312,9.926084437244363,393.9725354282666,
2000,340.00000000000017,4.313,0.625,0.3408106400871582,3.0086578068518874,3.1878174092240874,5.603363408614117,2.486526319,4.439558462549614,1310.667545150738,1.2113651537008514,161.90003643264942,2016.7869366519312,7.505799198,426.1824814,
2000,340.00000000000017,4.063,0.75,0.3812987071919202,2.6699770227075934,3.173783175514991,5.603363408614117,2.486526319,4.429775197220726,1310.667545150738,1.2113651537008514,161.90003643264942,2016.7869366519312,5.892275705825678,465.1038902232772,
2000,340.00000000000017,5.501,0.562,0.2214631549947527,4.894374187044543,3.2205429226837405,5.603363408614117,2.486526319,4.462288098810804,1310.667545150738,1.2113651537008514,161.90003643264942,2016.7869366519312,10.64640125028588,313.32900355264854,
2000,340.00000000000017,5.189,0.719,0.24439654115509707,4.354930421170244,3.2152803266029166,5.603363408614117,2.486526319,4.458640760212459,1310.667545150738,1.2113651537008514,161.90003643264942,2016.7869366519312,7.849685936810629,334.6498080689527,
2000,340.00000000000017,4.897,0.864,0.27042185604814706,3.878591910400058,3.2087042382401076,5.603363408614117,2.486526319,4.454078884,1310.667545150738,1.2113651537008514,161.90003643264942,2016.7869366519312,6.164727189864737,359.11996205271276,
2100,340.00000000000017,4.026,0.237,0.40657160082214244,2.496733114,3.1643479394171297,5.883531579044822,2.5479312764149515,4.53241664,1310.667545150738,1.2113651537008514,161.90003643264942,2016.7869366519312,18.476636948795537,491.53059241645394,
2100,340.00000000000017,5.047,0.258,0.26798575143076603,3.923658397238072,3.2095013946038824,5.883531579044822,2.5479312764149515,4.564639606866012,1310.667545150738,1.2113651537008514,161.90003643264942,2016.7869366519312,21.277034588445783,359.03359074760573,
2100,340.00000000000017,4.813,0.375,0.2916629284049033,3.5682584552682344,3.2029565164040865,5.883531579044822,2.5479312764149515,4.559983080422559,1310.667545150738,1.2113651537008514,161.90003643264942,2016.7869366519312,13.959893168663049,381.42446345929625,
2100,340.00000000000017,4.563,0.5,0.32143664131162575,3.2071961193268943,3.194087501388931,5.883531579044822,2.5479312764149515,4.553665387147448,1310.667545150738,1.2113651537008514,161.90003643264942,2016.7869366519312,9.926084437244363,409.77018985349144,
2100,340.00000000000017,4.313,0.625,0.356915157,2.8653883874779877,3.1824748777400935,5.883531579044822,2.5479312764149515,4.5453800547372865,1310.667545150738,1.2113651537008514,161.90003643264942,2016.7869366519312,7.505799198,443.74198525630396,
2100,340.00000000000017,4.063,0.75,0.39954496795086686,2.5428352597215174,3.167044002547405,5.883531579044822,2.5479312764149515,4.534347065821454,1310.667545150738,1.2113651537008514,161.90003643264942,2016.7869366519312,5.892275705825678,484.75513187272196,
2100,340.00000000000017,5.761,0.432,0.21413245376205414,5.112347080247356,3.2222324227636174,5.883531579044822,2.5479312764149515,4.573683852986955,1310.667545150738,1.2113651537008514,161.90003643264942,2016.7869366519312,14.504796136741174,308.8985320802668,
2100,340.00000000000017,5.501,0.562,0.23106242442138336,4.661308749566231,3.218482333156947,5.883531579044822,2.5479312764149515,4.571021612138937,1310.667545150738,1.2113651537008514,161.90003643264942,2016.7869366519312,10.64640125028588,324.4997783518554,
2100,340.00000000000017,5.189,0.719,0.2552814677412294,4.1475527820668985,3.2127176792823033,5.883531579044822,2.5479312764149515,4.566926177646794,1310.667545150738,1.2113651537008514,161.90003643264942,2016.7869366519312,7.849685936810629,347.08830986175093,
2100,340.00000000000017,4.897,0.864,0.2827393589622205,3.6938970575238645,3.2054564529424527,5.883531579044822,2.5479312764149515,4.5617622873428365,1310.667545150738,1.2113651537008514,161.90003643264942,2016.7869366519312,6.164727189864737,372.96695111665156,
2200,340.00000000000017,5.047,0.258,0.27955933363784974,3.745310288272705,3.206408443439007,6.163699749475528,2.607890804072987,4.669805847803459,1310.667545150738,1.2113651537008514,161.90003643264942,2016.7869366519312,21.277034588445783,372.1013615158596,
2200,340.00000000000017,4.813,0.375,0.30446508824457585,3.4060648891196785,3.199316427321235,6.163699749475528,2.607890804072987,4.664638591011107,1310.667545150738,1.2113651537008514,161.90003643264942,2016.7869366519312,13.959893168663049,395.70037543872724,
2200,340.00000000000017,4.563,0.5,0.3357657803159634,3.061414477539308,3.189601257313036,6.163699749475528,2.607890804072987,4.657550793707534,1310.667545150738,1.2113651537008514,161.90003643264942,2016.7869366519312,9.926084437244363,425.54226597393773,
2200,340.00000000000017,4.313,0.625,0.37304443277051164,2.735143460774443,3.176885595416599,6.163699749475528,2.607890804072987,4.648257628237167,1310.667545150738,1.2113651537008514,161.90003643264942,2016.7869366519312,7.505799198,461.2738710774293,
2200,340.00000000000017,5.761,0.432,0.22283796857206026,4.879967667508841,3.220423640750269,6.163699749475528,2.607890804072987,4.68000057,1310.667545150738,1.2113651537008514,161.90003643264942,2016.7869366519312,14.504796136741174,319.1442707518972,
2200,340.00000000000017,5.501,0.562,0.24068398673475777,4.449431079131403,3.2163356480801006,6.163699749475528,2.607890804072987,4.677029240076217,1310.667545150738,1.2113651537008514,161.90003643264942,2016.7869366519312,10.64640125028588,335.6491965898323,
2200,340.00000000000017,5.189,0.719,0.26618917475553217,3.9590276556093125,3.2100446666969944,6.163699749475528,2.607890804072987,4.672452991094033,1310.667545150738,1.2113651537008514,161.90003643264942,2016.7869366519312,7.849685936810629,359.5046334298641,
2200,340.00000000000017,4.897,0.864,0.29508018555995175,3.5259926458182345,3.202055578565014,6.163699749475528,2.607890804072987,4.666635020125402,1310.667545150738,1.2113651537008514,161.90003643264942,2016.7869366519312,6.164727189864737,386.7902218073026,
2300,340.00000000000017,5.047,0.258,0.2911546027661424,3.582470710521718,3.2032524077901146,6.443867919906234,2.666502410012671,4.772407957453771,1310.667545150738,1.2113651537008514,161.90003643264942,2016.7869366519312,21.277034588445783,385.14922868404443,
2300,340.00000000000017,4.813,0.375,0.3172893900114619,3.2579751113318665,3.1955136707112954,6.443867919906234,2.666502410012671,4.766639641544181,1310.667545150738,1.2113651537008514,161.90003643264942,2016.7869366519312,13.959893168663049,409.9532243996514,
2300,340.00000000000017,4.563,0.5,0.35011762676707997,2.928309500254991,3.1849162449209625,6.443867919906234,2.666502410012671,4.758729166856291,1310.667545150738,1.2113651537008514,161.90003643264942,2016.7869366519312,9.926084437244363,441.2897409234472,
2300,340.00000000000017,4.313,0.625,0.3891970831325203,2.6162241798712067,3.1710512882136492,6.443867919906234,2.666502410012671,4.748359735910113,1310.667545150738,1.2113651537008514,161.90003643264942,2016.7869366519312,7.505799198,478.7790841570099,
2300,340.00000000000017,5.761,0.432,0.2315641081091961,4.667795160225848,3.2185436819399125,6.443867919906234,2.666502410012671,4.7837853491342495,1310.667545150738,1.2113651537008514,161.90003643264942,2016.7869366519312,14.504796136741174,329.37033180352114,
2300,340.00000000000017,5.501,0.562,0.25032651303515363,4.2559775539517775,3.214102364022999,6.443867919906234,2.666502410012671,4.780483600226742,1310.667545150738,1.2113651537008514,161.90003643264942,2016.7869366519312,10.64640125028588,346.77842298412094,
2300,340.00000000000017,5.189,0.719,0.27711832208293136,3.7868960184089078,3.2071505634077124,6.443867919906234,2.666502410012671,4.775310933884382,1310.667545150738,1.2113651537008514,161.90003643264942,2016.7869366519312,7.849685936810629,371.8966157333662,
2300,340.00000000000017,4.897,0.864,0.3074429832292749,3.3726886177391813,3.1985023417173273,6.443867919906234,2.666502410012671,4.768868170314384,1310.667545150738,1.2113651537008514,161.90003643264942,2016.7869366519312,6.164727189864737,400.5908539,
2400,340.00000000000017,5.047,0.258,0.30277035326458646,3.4332010975833125,3.199961106400564,6.7240360903369405,2.723853108968674,4.872546958556044,1310.667545150738,1.2113651537008514,161.90003643264942,2016.7869366519312,21.277034588445783,398.1760904923328,
2400,340.00000000000017,4.813,0.375,0.3301346181482573,3.1222261483597045,3.191547995117011,6.7240360903369405,2.723853108968674,4.866137465117153,1310.667545150738,1.2113651537008514,161.90003643264942,2016.7869366519312,13.959893168663049,424.1839077003653,
2400,340.00000000000017,4.563,0.5,0.364490953,2.806296604411032,3.1800336608168864,6.7240360903369405,2.723853108968674,4.857351609326494,1310.667545150738,1.2113651537008514,161.90003643264942,2016.7869366519312,9.926084437244363,457.0134944080903,
2400,340.00000000000017,4.313,0.625,0.40537186497020455,2.5072148390432387,3.1649737138778176,6.7240360903369405,2.723853108968674,4.845836279876935,1310.667545150738,1.2113651537008514,161.90003643264942,2016.7869366519312,7.505799198,496.25844149953065,
2400,340.00000000000017,5.761,0.432,0.24030969018160317,4.473303695216436,3.2165921612944715,6.7240360903369405,2.723853108968674,4.885192515025807,1310.667545150738,1.2113651537008514,161.90003643264942,2016.7869366519312,14.504796136741174,339.5777697,
2400,340.00000000000017,5.501,0.562,0.2599888136698918,4.078645155870452,3.2117819892528487,6.7240360903369405,2.723853108968674,4.881538429124654,1310.667545150738,1.2113651537008514,161.90003643264942,2016.7869366519312,10.64640125028588,357.88848096965296,
2400,340.00000000000017,5.189,0.719,0.28806770959564204,3.6291086843085356,3.204199361849791,6.7240360903369405,2.723853108968674,4.875772664211818,1310.667545150738,1.2113651537008514,161.90003643264942,2016.7869366519312,7.849685936810629,384.2700282796468,
2400,340.00000000000017,4.897,0.864,0.3198265401702503,3.232159925333381,3.1947963331948563,6.7240360903369405,2.723853108968674,4.868613197842827,1310.667545150738,1.2113651537008514,161.90003643264942,2016.7869366519312,6.164727189864737,414.36975768093424,
1000,360.0000000000002,2.9,0.3,0.35015388981394663,2.900735254032312,3.3113655170302247,2.7821108648230664,1.7027227996164584,3.098471546047311,1310.6667094549923,1.2198873147844291,163.0389269296237,2016.8269045448087,11.13263134470691,410.69842039448844,
1100,360.0000000000002,2.9,0.3,0.3839543491049951,2.637032049120284,3.299035790603015,3.0603219513053728,1.7858307382187935,3.243648664086487,1310.6667094549923,1.2198873147844291,163.0389269296237,2016.8269045448087,11.13263134470691,446.5463022961259,
1200,360.0000000000002,2.9,0.3,0.4178195685835511,2.4172793783602606,3.2856063330202625,3.338533037787679,1.8652393730565657,3.380977945407961,1310.6667094549923,1.2198873147844291,163.0389269296237,2016.8269045448087,11.13263134470691,482.31236152862886,
1200,360.0000000000002,3.826,0.337,0.24825428750798345,4.207467623013785,3.342496259993048,3.338533037787679,1.8652393730565657,3.4101229643027984,1310.6667094549923,1.2198873147844291,163.0389269296237,2016.8269045448087,13.074832965777746,318.2661968369077,
1300,360.0000000000002,4.026,0.237,0.2438746071343515,4.300473602340387,3.343700613103628,3.616744124269986,1.9414026918786895,3.550007902995752,1310.6667094549923,1.2198873147844291,163.0389269296237,2016.8269045448087,19.563497945783507,316.9766633826766,
1300,360.0000000000002,4.063,0.75,0.23993736092713955,4.379881793722907,3.344671142158302,3.616744124269986,1.9414026918786895,3.5505230711041054,1310.6667094549923,1.2198873147844291,163.0389269296237,2016.8269045448087,6.2388801591095415,313.23395926888674,
1300,360.0000000000002,3.826,0.337,0.26733247759870776,3.8838162673973398,3.3376382281212744,3.616744124269986,1.9414026918786895,3.546788225013013,1310.6667094549923,1.2198873147844291,163.0389269296237,2016.8269045448087,13.074832965777746,339.36554936920794,
1400,360.0000000000002,4.026,0.237,0.26105568976273286,3.9932969164589305,3.3394093884287748,3.8949552107522925,2.0146887862067415,3.681652557,1310.6667094549923,1.2198873147844291,163.0389269296237,2016.8269045448087,19.563497945783507,336.1082450067069,
1400,360.0000000000002,4.313,0.625,0.23099233379342032,4.582927405530508,3.3469924231585098,3.8949552107522925,2.0146887862067415,3.685830281734379,1310.6667094549923,1.2198873147844291,163.0389269296237,2016.8269045448087,7.947316798298631,307.5611749666111,
1400,360.0000000000002,4.063,0.75,0.25679007246674707,4.067033094171271,3.340525267632111,3.8949552107522925,2.0146887862067415,3.6822676260191414,1310.6667094549923,1.2198873147844291,163.0389269296237,2016.8269045448087,6.2388801591095415,332.0411672697613,
1400,360.0000000000002,3.826,0.337,0.28645660296571324,3.6064008197261015,3.3322487235482225,3.8949552107522925,2.0146887862067415,3.677703172,1310.6667094549923,1.2198873147844291,163.0389269296237,2016.8269045448087,13.074832965777746,360.4109750879638,
1500,360.0000000000002,4.026,0.237,0.2782776357488879,3.727077122028336,3.3346994421223948,4.173166297234599,2.0854010162317853,3.8081840460549388,1310.6667094549923,1.2198873147844291,163.0389269296237,2016.8269045448087,19.563497945783507,355.1925919107506,
1500,360.0000000000002,4.563,0.5,0.22286379947632046,4.787643186794604,3.348947361307324,4.173166297234599,2.0854010162317853,3.816310845214885,1310.6667094549923,1.2198873147844291,163.0389269296237,2016.8269045448087,10.50997175708227,302.62825015792544,
1500,360.0000000000002,4.313,0.625,0.2458829970881444,4.277398911828475,3.343408835096965,4.173166297234599,2.0854010162317853,3.813153810833886,1310.6667094549923,1.2198873147844291,163.0389269296237,2016.8269045448087,7.947316798298631,324.3459320117812,
1500,360.0000000000002,4.063,0.75,0.2736834991445374,3.7958975545598537,3.3359947089440056,4.173166297234599,2.0854010162317853,3.808923563310011,1310.6667094549923,1.2198873147844291,163.0389269296237,2016.8269045448087,6.2388801591095415,350.80197454978367,
1500,360.0000000000002,3.826,0.337,0.3056224687378633,3.3659740984110282,3.3265675895024462,4.173166297234599,2.0854010162317853,3.8035379761379375,1310.6667094549923,1.2198873147844291,163.0389269296237,2016.8269045448087,13.074832965777746,381.4113645055109,
1600,360.0000000000002,4.026,0.237,0.2955369477739254,3.4941348019015637,3.3297399190207573,4.451377383716906,2.1537929082745944,3.930149754095092,1310.6667094549923,1.2198873147844291,163.0389269296237,2016.8269045448087,19.563497945783507,374.2366344853615,
1600,360.0000000000002,4.563,0.5,0.23610739370318756,4.488415488,3.345918633338299,4.451377383716906,2.1537929082745944,3.9396861925954787,1310.6667094549923,1.2198873147844291,163.0389269296237,2016.8269045448087,10.50997175708227,317.7129805,
1600,360.0000000000002,4.313,0.625,0.26081001031311024,4.010061479839194,3.3396683118104153,4.451377383716906,2.1537929082745944,3.9360047199276695,1310.6667094549923,1.2198873147844291,163.0389269296237,2016.8269045448087,7.947316798298631,341.09309638959314,
1600,360.0000000000002,4.063,0.75,0.29061414867338087,3.5586539573998617,3.3312103702635034,4.451377383716906,2.1537929082745944,3.931017457856196,1310.6667094549923,1.2198873147844291,163.0389269296237,2016.8269045448087,6.2388801591095415,369.5224839,
1600,360.0000000000002,3.826,0.337,0.32482654782224396,3.1556007172603384,3.3205096130266925,4.451377383716906,2.1537929082745944,3.9246986286389465,1310.6667094549923,1.2198873147844291,163.0389269296237,2016.8269045448087,13.074832965777746,402.3679605010693,
1700,360.0000000000002,4.026,0.237,0.3128306512559313,3.288597460613236,3.3244714499932515,4.729588470199213,2.2200789141306005,4.047899447734227,1310.6667094549923,1.2198873147844291,163.0389269296237,2016.8269045448087,19.563497945783507,393.24168703792316,
1700,360.0000000000002,4.813,0.375,0.22732213052286873,4.699967981874914,3.348116805722786,4.729588470199213,2.2200789141306005,4.062269316,1310.6667094549923,1.2198873147844291,163.0389269296237,2016.8269045448087,14.781063355054997,312.00766176195253,
1700,360.0000000000002,4.563,0.5,0.24938368547777537,4.224391047171708,3.3427210997977745,4.729588470199213,2.2200789141306005,4.058994691726834,1310.6667094549923,1.2198873147844291,163.0389269296237,2016.8269045448087,10.50997175708227,332.76299569662774,
1700,360.0000000000002,4.313,0.625,0.27577043118524897,3.7741755104368884,3.3355934411143306,4.729588470199213,2.2200789141306005,4.054664900702237,1310.6667094549923,1.2198873147844291,163.0389269296237,2016.8269045448087,7.947316798298631,357.8012987328543,
1700,360.0000000000002,4.063,0.75,0.3075790510228469,3.349321371670458,3.3261275215522477,4.729588470199213,2.2200789141306005,4.048907544301425,1310.6667094549923,1.2198873147844291,163.0389269296237,2016.8269045448087,6.2388801591095415,388.2043530301422,
1700,360.0000000000002,4.897,0.864,0.22072856984036077,4.8654541469864006,3.3496489603734205,4.729588470199213,2.2200789141306005,4.063198691049434,1310.6667094549923,1.2198873147844291,163.0389269296237,2016.8269045448087,6.527358201033254,305.84615297140175,
1700,360.0000000000002,3.826,0.337,0.34406583870482993,2.969977145656789,3.3140801926722654,4.729588470199213,2.2200789141306005,4.041568263118409,1310.6667094549923,1.2198873147844291,163.0389269296237,2016.8269045448087,13.074832965777746,423.2833856,
1800,360.0000000000002,4.026,0.237,0.3301561894834728,3.105897601690279,3.318898773100391,5.007799556681519,2.284442356068692,4.161761680859153,1310.6667094549923,1.2198873147844291,163.0389269296237,2016.8269045448087,19.563497945783507,412.21004194437535,
1800,360.0000000000002,5.047,0.258,0.2205774564817906,4.880970712,3.349785068318098,5.007799556681519,2.284442356068692,4.1810819034041335,1310.6667094549923,1.2198873147844291,163.0389269296237,2016.8269045448087,22.528624858354355,308.2038662628837,
1800,360.0000000000002,4.813,0.375,0.23919945496289235,4.43885865,3.3453598823832476,5.007799556681519,2.284442356068692,4.178319311332439,1310.6667094549923,1.2198873147844291,163.0389269296237,2016.8269045448087,14.781063355054997,325.61534441050645,
1800,360.0000000000002,4.563,0.5,0.2626901687104461,3.9897026556621693,3.339353466133068,5.007799556681519,2.284442356068692,4.174566650785197,1310.6667094549923,1.2198873147844291,163.0389269296237,2016.8269045448087,10.50997175708227,347.78070889783754,
1800,360.0000000000002,4.313,0.625,0.290761732,3.564499093190395,3.331339703039396,5.007799556681519,2.284442356068692,4.169554590323001,1310.6667094549923,1.2198873147844291,163.0389269296237,2016.8269045448087,7.947316798298631,374.4765294507205,
1800,360.0000000000002,4.063,0.75,0.3245756536245939,3.163247962133211,3.3207508375401167,5.007799556681519,2.284442356068692,4.162922724977745,1310.6667094549923,1.2198873147844291,163.0389269296237,2016.8269045448087,6.2388801591095415,406.8498923811042,
1800,360.0000000000002,4.897,0.864,0.2321741146763678,4.595151138820491,3.347089528893925,5.007799556681519,2.284442356068692,4.179399326901693,1310.6667094549923,1.2198873147844291,163.0389269296237,2016.8269045448087,6.527358201033254,319.0280837729099,
1800,360.0000000000002,3.826,0.337,0.3633377601586215,2.8049784153425232,3.3072810495923255,5.007799556681519,2.284442356068692,4.154471223058205,1310.6667094549923,1.2198873147844291,163.0389269296237,2016.8269045448087,13.074832965777746,444.1597392241161,
1900,360.0000000000002,4.026,0.237,0.34751134447265364,2.9424293068644745,3.3130227103344634,5.286010643163826,2.3470414081208815,4.272016862301224,1310.6667094549923,1.2198873147844291,163.0389269296237,2016.8269045448087,19.563497945783507,431.1435421099528,
1900,360.0000000000002,5.047,0.258,0.23133190269675566,4.624077517014779,3.3473163811041005,5.286010643163826,2.3470414081208815,4.294070132427564,1310.6667094549923,1.2198873147844291,163.0389269296237,2016.8269045448087,22.528624858354355,320.6460183261645,
1900,360.0000000000002,4.813,0.375,0.251104231,4.205234510098607,3.342466396614974,5.286010643163826,2.3470414081208815,4.290958129,1310.6667094549923,1.2198873147844291,163.0389269296237,2016.8269045448087,14.781063355054997,339.19384520926894,
1900,360.0000000000002,4.563,0.5,0.27602467175378004,3.7797183053641596,3.3356964829898934,5.286010643163826,2.3470414081208815,4.286610419933076,1310.6667094549923,1.2198873147844291,163.0389269296237,2016.8269045448087,10.50997175708227,362.76512598759456,
1900,360.0000000000002,4.313,0.625,0.3057817228670063,3.3768938777593207,3.3268518462002765,5.286010643163826,2.3470414081208815,4.28092365,1310.6667094549923,1.2198873147844291,163.0389269296237,2016.8269045448087,7.947316798298631,391.11943601623545,
1900,360.0000000000002,4.063,0.75,0.3416017422870893,2.996761227284094,3.3150809776262364,5.286010643163826,2.3470414081208815,4.273343684976528,1310.6667094549923,1.2198873147844291,163.0389269296237,2016.8269045448087,6.2388801591095415,425.46095971152704,
1900,360.0000000000002,5.189,0.719,0.2207440026715958,4.887939679888489,3.349845798370557,5.286010643163826,2.3470414081208815,4.295692244410467,1310.6667094549923,1.2198873147844291,163.0389269296237,2016.8269045448087,8.311432168387725,310.7905334808647,
1900,360.0000000000002,4.897,0.864,0.24364693988867034,4.353301078882569,3.3443519336979253,5.286010643163826,2.3470414081208815,4.292168255932003,1310.6667094549923,1.2198873147844291,163.0389269296237,2016.8269045448087,6.527358201033254,332.1798397201675,
1900,360.0000000000002,3.826,0.337,0.38264007175948694,2.657347972429758,3.3001152725999296,5.286010643163826,2.3470414081208815,4.263686915893915,1310.6667094549923,1.2198873147844291,163.0389269296237,2016.8269045448087,13.074832965777746,464.9988017335377,
2000,360.0000000000002,4.026,0.237,0.36489417621478304,2.795307841521251,3.306845492,5.564221729646133,2.4080136761794813,4.378908807588021,1310.6667094549923,1.2198873147844291,163.0389269296237,2016.8269045448087,19.563497945783507,450.04377514152503,
2000,360.0000000000002,5.047,0.258,0.24211147392403592,4.392873641164041,3.344825145892745,5.564221729646133,2.4080136761794813,4.403983253890692,1310.6667094549923,1.2198873147844291,163.0389269296237,2016.8269045448087,22.528624858354355,333.0638807355216,
2000,360.0000000000002,4.813,0.375,0.2630345774400559,3.994972784593677,3.3394354131407535,5.564221729646133,2.4080136761794813,4.400433612068775,1310.6667094549923,1.2198873147844291,163.0389269296237,2016.8269045448087,14.781063355054997,352.7449707546016,
2000,360.0000000000002,4.563,0.5,0.28938529722289963,3.590732390095952,3.3319124901835195,5.564221729646133,2.4080136761794813,4.395474272565764,1310.6667094549923,1.2198873147844291,163.0389269296237,2016.8269045448087,10.50997175708227,377.7220569932187,
2000,360.0000000000002,4.313,0.625,0.32082848735150726,3.208049183871355,3.322130066069001,5.564221729646133,2.4080136761794813,4.389017020063906,1310.6667094549923,1.2198873147844291,163.0389269296237,2016.8269045448087,7.947316798298631,407.73167581118935,
2000,360.0000000000002,4.063,0.75,0.35865538049014656,2.8469231659198897,3.3091200369811102,5.564221729646133,2.4080136761794813,4.380414519221248,1310.6667094549923,1.2198873147844291,163.0389269296237,2016.8269045448087,6.2388801591095415,444.0391572963807,
2000,360.0000000000002,5.501,0.562,0.20956394380072713,5.218736767122894,3.352468011630656,5.564221729646133,2.4080136761794813,4.409011894493205,1310.6667094549923,1.2198873147844291,163.0389269296237,2016.8269045448087,11.272660147361526,302.85171187138167,
2000,360.0000000000002,5.189,0.719,0.23089986692518003,4.643542695894065,3.3475584445599553,5.564221729646133,2.4080136761794813,4.405782293134843,1310.6667094549923,1.2198873147844291,163.0389269296237,2016.8269045448087,8.311432168387725,322.5917685188633,
2000,360.0000000000002,4.897,0.864,0.25514516782844576,4.1356360249384405,3.341512235654072,5.564221729646133,2.4080136761794813,4.401801732426363,1310.6667094549923,1.2198873147844291,163.0389269296237,2016.8269045448087,6.527358201033254,345.3051690729743,
2000,360.0000000000002,3.826,0.337,0.4019708128565008,2.5244805738082707,3.292586023135593,5.564221729646133,2.4080136761794813,4.369457447685956,1310.6667094549923,1.2198873147844291,163.0389269296237,2016.8269045448087,13.074832965777746,485.8020717034928,
2100,360.0000000000002,4.026,0.237,0.3823029753340493,2.662197944305954,3.3003694004915234,5.842432816128439,2.467479758356852,4.482650450330009,1310.6667094549923,1.2198873147844291,163.0389269296237,2016.8269045448087,19.563497945783507,468.9120933888937,
2100,360.0000000000002,5.047,0.258,0.25291452544137627,4.183689182060991,3.342175907546711,5.842432816128439,2.467479758356852,4.510952466334091,1310.6667094549923,1.2198873147844291,163.0389269296237,2016.8269045448087,22.528624858354355,345.4555999274759,
2100,360.0000000000002,4.813,0.375,0.2749888372594921,3.8047359853273117,3.336156036859226,5.842432816128439,2.467479758356852,4.506888109723232,1310.6667094549923,1.2198873147844291,163.0389269296237,2016.8269045448087,14.781063355054997,366.2673024,
2100,360.0000000000002,4.563,0.5,0.3027703751240437,3.4197451334247164,3.3279414769089737,5.842432816128439,2.467479758356852,4.501336073190735,1310.6667094549923,1.2198873147844291,163.0389269296237,2016.8269045448087,10.50997175708227,392.65149038228645,
2100,360.0000000000002,4.313,0.625,0.3359003393443781,3.0552849370203385,3.3171782873765947,5.842432816128439,2.467479758356852,4.494051093842668,1310.6667094549923,1.2198873147844291,163.0389269296237,2016.8269045448087,7.947316798298631,424.3147624821999,
2100,360.0000000000002,4.063,0.75,0.37573486208113943,2.7113553961141807,3.302870158338554,5.842432816128439,2.467479758356852,4.484348427013356,1310.6667094549923,1.2198873147844291,163.0389269296237,2016.8269045448087,6.2388801591095415,462.5858513398383,
2100,360.0000000000002,5.501,0.562,0.2185379033275521,4.9702254924979945,3.350544623926899,5.842432816128439,2.467479758356852,4.516596585702341,1310.6667094549923,1.2198873147844291,163.0389269296237,2016.8269045448087,11.272660147361526,313.438967,
2100,360.0000000000002,5.189,0.719,0.24107897655252036,4.422421615137205,3.345170576940027,5.842432816128439,2.467479758356852,4.512972974374338,1310.6667094549923,1.2198873147844291,163.0389269296237,2016.8269045448087,8.311432168387725,334.3684077167928,
2100,360.0000000000002,4.897,0.864,0.26666714673695857,3.938700976131849,3.3385439631885916,5.842432816128439,2.467479758356852,4.508500772851978,1310.6667094549923,1.2198873147844291,163.0389269296237,2016.8269045448087,6.527358201033254,358.4050049405882,
2200,360.0000000000002,4.026,0.237,0.39973622569633166,2.5411889468375013,3.2935967643333877,6.1206439026107455,2.5255460500917737,4.583428969687982,1310.6667094549923,1.2198873147844291,163.0389269296237,2016.8269045448087,19.563497945783507,487.74965475728584,
2200,360.0000000000002,5.047,0.258,0.2637396010885751,3.993521492,3.3394128777153975,6.1206439026107455,2.5255460500917737,4.615198135733337,1310.6667094549923,1.2198873147844291,163.0389269296237,2016.8269045448087,22.528624858354355,357.8237217223864,
2200,360.0000000000002,4.813,0.375,0.28696554419086023,3.6317934405397065,3.3327845248780896,6.1206439026107455,2.5255460500917737,4.610615540251401,1310.6667094549923,1.2198873147844291,163.0389269296237,2016.8269045448087,14.781063355054997,379.76631852089974,
2200,360.0000000000002,4.563,0.5,0.31617842585466177,3.264302172814502,3.3237832005182066,6.1206439026107455,2.5255460500917737,4.604385059,1310.6667094549923,1.2198873147844291,163.0389269296237,2016.8269045448087,10.50997175708227,407.55470292048255,
2200,360.0000000000002,4.313,0.625,0.3509957839287603,2.9164083489739596,3.3119966670868566,6.1206439026107455,2.5255460500917737,4.596213957635165,1310.6667094549923,1.2198873147844291,163.0389269296237,2016.8269045448087,7.947316798298631,440.8699114528555,
2200,360.0000000000002,4.063,0.75,0.39283867391583793,2.5881119690180814,3.2963335303115877,6.1206439026107455,2.5255460500917737,4.585332840847866,1310.6667094549923,1.2198873147844291,163.0389269296237,2016.8269045448087,6.2388801591095415,481.10221287373815,
2200,360.0000000000002,5.761,0.432,0.21093969159981033,5.203375491030384,3.3523566329793884,6.1206439026107455,2.5255460500917737,4.624133871189457,1310.6667094549923,1.2198873147844291,163.0389269296237,2016.8269045448087,15.35801943890242,308.73770990022535,
2200,360.0000000000002,5.501,0.562,0.22753321493112297,4.744306151929904,3.348542302335856,6.1206439026107455,2.5255460500917737,4.621502439414733,1310.6667094549923,1.2198873147844291,163.0389269296237,2016.8269045448087,11.272660147361526,324.00374145900344,
2200,360.0000000000002,5.189,0.719,0.25127988105821547,4.2214024508127865,3.342681583,6.1206439026107455,2.5255460500917737,4.617456321962331,1310.6667094549923,1.2198873147844291,163.0389269296237,2016.8269045448087,8.311432168387725,346.12186887146163,
2200,360.0000000000002,4.897,0.864,0.27821141392682874,3.7596691135804012,3.335321626576051,6.1206439026107455,2.5255460500917737,4.612370135404311,1310.6667094549923,1.2198873147844291,163.0389269296237,2016.8269045448087,6.527358201033254,371.47726066300214,
2300,360.0000000000002,5.047,0.258,0.274585404,3.819890123,3.3364300710746297,6.398854989093052,2.582306981,4.716815432023579,1310.6667094549923,1.2198873147844291,163.0389269296237,2016.8269045448087,22.528624858354355,370.16648313969097,
2300,360.0000000000002,4.813,0.375,0.29896339155446183,3.4738893779075455,3.329261746683032,6.398854989093052,2.582306981,4.711745665382612,1310.6667094549923,1.2198873147844291,163.0389269296237,2016.8269045448087,14.781063355054997,393.2416307168095,
2300,360.0000000000002,4.563,0.5,0.32960813064150446,3.1223759913877847,3.3194412269574785,6.398854989093052,2.582306981,4.704791276114104,1310.6667094549923,1.2198873147844291,163.0389269296237,2016.8269045448087,10.50997175708227,422.43290597339035,
2300,360.0000000000002,4.313,0.625,0.36611348807446403,2.789607985975092,3.3065866888468776,6.398854989093052,2.582306981,4.695672786214871,1310.6667094549923,1.2198873147844291,163.0389269296237,2016.8269045448087,7.947316798298631,457.3982048796513,
2300,360.0000000000002,4.063,0.75,0.40996546599517886,2.4755853616694696,3.2895123837432334,6.398854989093052,2.582306981,4.683533512950208,1310.6667094549923,1.2198873147844291,163.0389269296237,2016.8269045448087,6.2388801591095415,499.58925016489627,
2300,360.0000000000002,5.761,0.432,0.21909609061110408,4.9771417740290635,3.3506018678180896,6.398854989093052,2.582306981,4.726822372844856,1310.6667094549923,1.2198873147844291,163.0389269296237,2016.8269045448087,15.35801943890242,318.4339309,
2300,360.0000000000002,5.501,0.562,0.23654859712181525,4.538031971411213,3.346460610706006,6.398854989093052,2.582306981,4.723900354678191,1310.6667094549923,1.2198873147844291,163.0389269296237,2016.8269045448087,11.272660147361526,334.54731807967704,
2300,360.0000000000002,5.189,0.719,0.2615012887664794,4.037863213820927,3.3400908664789144,6.398854989093052,2.582306981,4.719402413015655,1310.6667094549923,1.2198873147844291,163.0389269296237,2016.8269045448087,8.311432168387725,357.85339162707476,
2300,360.0000000000002,4.897,0.864,0.28977666637207977,3.5962052390769057,3.332030427310353,6.398854989093052,2.582306981,4.713704449172706,1310.6667094549923,1.2198873147844291,163.0389269296237,2016.8269045448087,6.527358201033254,384.5281483825835,
2400,360.0000000000002,5.047,0.258,0.285450772,3.6607280343033675,3.333381679130265,6.677066075575358,2.6378468184488844,4.816062277434386,1310.6667094549923,1.2198873147844291,163.0389269296237,2016.8269045448087,22.528624858354355,382.48922909707164,
2400,360.0000000000002,4.813,0.375,0.31098120882380065,3.3291439871613977,3.3255871470456824,6.677066075575358,2.6378468184488844,4.810428220817583,1310.6667094549923,1.2198873147844291,163.0389269296237,2016.8269045448087,14.781063355054997,406.69424577081867,
2400,360.0000000000002,4.563,0.5,0.34305830766273376,2.992276991746627,3.314915265023296,6.677066075575358,2.6378468184488844,4.802703633964456,1310.6667094549923,1.2198873147844291,163.0389269296237,2016.8269045448087,10.50997175708227,437.2870619574733,
2400,360.0000000000002,4.313,0.625,0.3812522566437096,2.673374319892796,3.300949865426279,6.677066075575358,2.6378468184488844,4.7925763063025935,1310.6667094549923,1.2198873147844291,163.0389269296237,2016.8269045448087,7.947316798298631,473.90058461117485,
2400,360.0000000000002,5.761,0.432,0.22727111185934384,4.769760866777853,3.3487814929147803,6.677066075575358,2.6378468184488844,4.827174266203187,1310.6667094549923,1.2198873147844291,163.0389269296237,2016.8269045448087,15.35801943890242,328.11054716343494,
2400,360.0000000000002,5.501,0.562,0.24558290290058907,4.348947305935746,3.344299114058135,6.677066075575358,2.6378468184488844,4.823942572947595,1310.6667094549923,1.2198873147844291,163.0389269296237,2016.8269045448087,11.272660147361526,345.0708274492968,
2400,360.0000000000002,5.189,0.719,0.2717420431644267,3.8696189132450542,3.337307048590365,6.677066075575358,2.6378468184488844,4.818897125544348,1310.6667094549923,1.2198873147844291,163.0389269296237,2016.8269045448087,8.311432168387725,369.56144161421645,
2400,360.0000000000002,4.897,0.864,0.30136173695878077,3.446363354115368,3.3285982209771827,6.677066075575358,2.6378468184488844,4.812605472109473,1310.6667094549923,1.2198873147844291,163.0389269296237,2016.8269045448087,6.527358201033254,397.5567585524225,
1000,380.0000000000002,2.9,0.3,0.3303296254626993,3.081789248962783,3.445004017640326,2.7641455921356264,1.6519485992206755,3.066135873524741,1310.6660190189011,1.2278164904934892,164.09858123628968,2016.8639022576726,11.751110863857292,391.8784695464229,
1100,380.0000000000002,2.9,0.3,0.36210306576422724,2.8016265899661668,3.4335110422978263,3.040560151349189,1.7325783075849321,3.210421807786409,1310.6660190189011,1.2278164904934892,164.09858123628968,2016.8639022576726,11.751110863857292,425.77584457133105,
1200,380.0000000000002,2.9,0.3,0.39393832177746724,2.5681577074689863,3.4209873189065347,3.3169747105627514,1.8096190232644502,3.347055279791381,1310.6660190189011,1.2278164904934892,164.09858123628968,2016.8639022576726,11.751110863857292,459.5912771,
1200,380.0000000000002,3.826,0.337,0.23483455380848922,4.470083392801224,3.473978257186213,3.3169747105627514,1.8096190232644502,3.372878530998345,1310.6660190189011,1.2278164904934892,164.09858123628968,2016.8639022576726,13.80121257498762,305.8737093072803,
1300,380.0000000000002,2.9,0.3,0.42582910730629725,2.370607114586756,3.4074478030340605,3.593389269776314,1.8835111963583593,3.4768248423865797,1310.6660190189011,1.2278164904934892,164.09858123628968,2016.8639022576726,11.751110863857292,493.33009811642836,
1300,380.0000000000002,4.026,0.237,0.2307827121686085,4.568894487946683,3.475106157097612,3.593389269776314,1.8835111963583593,3.5111731284011554,1310.6660190189011,1.2278164904934892,164.09858123628968,2016.8639022576726,20.65035894277148,304.95117760177595,
1300,380.0000000000002,4.063,0.75,0.22709615454192178,4.653259067631109,3.4760153282115014,3.593389269776314,1.8835111963583593,3.511632401913165,1310.6660190189011,1.2278164904934892,164.09858123628968,2016.8639022576726,6.585484612393404,301.4569255,
1300,380.0000000000002,3.826,0.337,0.25275720409356706,4.126230824124207,3.469431803828669,3.593389269776314,1.8835111963583593,3.5083053345007835,1310.6660190189011,1.2278164904934892,164.09858123628968,2016.8639022576726,13.80121257498762,325.8707652364781,
1400,380.0000000000002,4.026,0.237,0.24692117940263583,4.242544881664777,3.4710888109674944,3.869803828989877,1.9546119421138337,3.6416098130364882,1310.6660190189011,1.2278164904934892,164.09858123628968,2016.8639022576726,20.65035894277148,323.0907235552175,
1400,380.0000000000002,4.063,0.75,0.24292565671133606,4.320883419943173,3.472133089429584,3.869803828989877,1.9546119421138337,3.6421575617289883,1310.6660190189011,1.2278164904934892,164.09858123628968,2016.8639022576726,6.585484612393404,319.2910466757746,
1400,380.0000000000002,3.826,0.337,0.27072388442493756,3.8315000509724775,3.4644579361430248,3.869803828989877,1.9546119421138337,3.638129838409082,1310.6660190189011,1.2278164904934892,164.09858123628968,2016.8639022576726,13.80121257498762,345.81402833139384,
1500,380.0000000000002,4.026,0.237,0.2630988255002751,3.959708556220459,3.466810886677112,4.146218388203439,2.023215574698042,3.7671007495953583,1310.6660190189011,1.2278164904934892,164.09858123628968,2016.8639022576726,20.65035894277148,341.18457530726886,
1500,380.0000000000002,4.313,0.625,0.23275867127001176,4.544379554002297,3.4748328701520097,4.146218388203439,2.023215574698042,3.7714566489460544,1310.6660190189011,1.2278164904934892,164.09858123628968,2016.8639022576726,8.388834398,312.3678367676331,
1500,380.0000000000002,4.063,0.75,0.2587942023927769,4.032824525280295,3.4680002097292078,4.146218388203439,2.023215574698042,3.7677468643851233,1310.6660190189011,1.2278164904934892,164.09858123628968,2016.8639022576726,6.585484612393404,337.07973405763596,
1500,380.0000000000002,3.826,0.337,0.2887305445245182,3.5760667142409788,3.4591673403398837,4.146218388203439,2.023215574698042,3.762945649,1310.6660190189011,1.2278164904934892,164.09858123628968,2016.8639022576726,13.80121257498762,365.7098794147014,
1600,380.0000000000002,4.026,0.237,0.279312273,3.7122267714566797,3.462121753595692,4.422632947417003,2.089568060424796,3.888012833220267,1310.6660190189011,1.2278164904934892,164.09858123628968,2016.8639022576726,20.65035894277148,359.2329034572439,
1600,380.0000000000002,4.563,0.5,0.22365751924697544,4.7685670642975175,3.4771842983330137,4.422632947417003,2.089568060424796,3.8964613818471854,1310.6660190189011,1.2278164904934892,164.09858123628968,2016.8639022576726,11.093859076920173,306.44051902330284,
1600,380.0000000000002,4.313,0.625,0.24677771137683127,4.260355831877153,3.471331097858053,4.422632947417003,2.089568060424796,3.8931805124007126,1310.6660190189011,1.2278164904934892,164.09858123628968,2016.8639022576726,8.388834398,328.2542400398243,
1600,380.0000000000002,4.063,0.75,0.2746984189691306,3.780772992450275,3.4634910592969255,4.422632947417003,2.089568060424796,3.888781632270307,1310.6660190189011,1.2278164904934892,164.09858123628968,2016.8639022576726,6.585484612393404,354.82374015361586,
1600,380.0000000000002,3.826,0.337,0.3067737799911504,3.352562544600917,3.4535241534879244,4.422632947417003,2.089568060424796,3.883182217676825,1310.6660190189011,1.2278164904934892,164.09858123628968,2016.8639022576726,13.80121257498762,385.5609650709936,
1700,380.0000000000002,4.026,0.237,0.29555865107762636,3.4938604907827577,3.4572147013996246,4.699047506630565,2.153877456262115,4.004830744251681,1310.6660190189011,1.2278164904934892,164.09858123628968,2016.8639022576726,20.65035894277148,377.2428132312137,
1700,380.0000000000002,4.813,0.375,0.2154892766912927,4.993323943257757,3.4792451220344907,4.699047506630565,2.153877456262115,4.0175704791920825,1310.6660190189011,1.2278164904934892,164.09858123628968,2016.8639022576726,15.60223354144694,301.3827065993804,
1700,380.0000000000002,4.563,0.5,0.23612405139691273,4.4880631193388405,3.474188798431921,4.699047506630565,2.153877456262115,4.014650087,1310.6660190189011,1.2278164904934892,164.09858123628968,2016.8639022576726,11.093859076920173,320.72543441154767,
1700,380.0000000000002,4.313,0.625,0.2608287831643532,4.009746665296144,3.467631586517313,4.699047506630565,2.153877456262115,4.010859655927272,1310.6660190189011,1.2278164904934892,164.09858123628968,2016.8639022576726,8.388834398,344.1033053462664,
1700,380.0000000000002,4.063,0.75,0.29063543902406747,3.5583745811296716,3.4587586647724544,4.699047506630565,2.153877456262115,4.005724906506221,1310.6660190189011,1.2278164904934892,164.09858123628968,2016.8639022576726,6.585484612393404,372.5293084686499,
1700,380.0000000000002,3.826,0.337,0.3248506946582268,3.1553529831538047,3.4475337645863626,4.699047506630565,2.153877456262115,3.9992196242861557,1310.6660190189011,1.2278164904934892,164.09858123628968,2016.8639022576726,13.80121257498762,405.3701803903813,
1800,380.0000000000002,4.026,0.237,0.3118354915379314,3.299757130183715,3.4520234499809646,4.975462065844128,2.216321617915792,4.1178417374502265,1310.6660190189011,1.2278164904934892,164.09858123628968,2016.8639022576726,20.65035894277148,395.21528114869244,
1800,380.0000000000002,4.813,0.375,0.22664014025559637,4.715917057521215,3.4766606675682046,4.975462065844128,2.216321617915792,4.132510205160392,1310.6660190189011,1.2278164904934892,164.09858123628968,2016.8639022576726,15.60223354144694,314.30637441938717,
1800,380.0000000000002,4.563,0.5,0.2486195455571394,4.238726279375571,3.471036483585092,4.975462065844128,2.216321617915792,4.129166277298576,1310.6660190189011,1.2278164904934892,164.09858123628968,2016.8639022576726,11.093859076920173,334.9767853719079,
1800,380.0000000000002,4.313,0.625,0.2749094460341049,3.786982962,3.4636114916792327,4.975462065844128,2.216321617915792,4.124747505011319,1310.6660190189011,1.2278164904934892,164.09858123628968,2016.8639022576726,8.388834398,359.91468240051216,
1800,380.0000000000002,4.063,0.75,0.30660279889424635,3.360687104400245,3.4537488767697653,4.975462065844128,2.216321617915792,4.118870720442704,1310.6660190189011,1.2278164904934892,164.09858123628968,2016.8639022576726,6.585484612393404,390.1976905457832,
1800,380.0000000000002,4.897,0.864,0.22007139874992307,4.881964790578687,3.4782578273902938,4.975462065844128,2.216321617915792,4.133459323011639,1310.6660190189011,1.2278164904934892,164.09858123628968,2016.8639022576726,6.889989212201769,308.17047485129154,
1800,380.0000000000002,3.826,0.337,0.3429587986918117,2.980055595200815,3.4411973097963937,4.975462065844128,2.216321617915792,4.111379536313579,1310.6660190189011,1.2278164904934892,164.09858123628968,2016.8639022576726,13.80121257498762,425.13985651626706,
1900,380.0000000000002,4.026,0.237,0.3281406547079287,3.1260857022793096,3.4465483506294046,5.251876625,2.2770540027604946,4.227323834079116,1310.6660190189011,1.2278164904934892,164.09858123628968,2016.8639022576726,20.65035894277148,413.15234612922677,
1900,380.0000000000002,5.047,0.258,0.21932903968727496,4.912696654579952,3.4785366641833684,5.251876625,2.2770540027604946,4.246895972595894,1310.6660190189011,1.2278164904934892,164.09858123628968,2016.8639022576726,23.78021512826293,309.92336981584947,
1900,380.0000000000002,4.813,0.375,0.23781734965321308,4.467710896599046,3.4739502938189144,5.251876625,2.2770540027604946,4.244095331950617,1310.6660190189011,1.2278164904934892,164.09858123628968,2016.8639022576726,15.60223354144694,327.1996367993163,
1900,380.0000000000002,4.563,0.5,0.2611419041188502,4.015635422566331,3.467726230055073,5.251876625,2.2770540027604946,4.240291685,1310.6660190189011,1.2278164904934892,164.09858123628968,2016.8639022576726,11.093859076920173,349.19680159010795,
1900,380.0000000000002,4.313,0.625,0.28901758463907135,3.5876680689491813,3.4594320867784463,5.251876625,2.2770540027604946,4.235217662,1310.6660190189011,1.2278164904934892,164.09858123628968,2016.8639022576726,8.388834398,375.6942593158525,
1900,380.0000000000002,4.063,0.75,0.3225983621203084,3.183808835747601,3.4484663087426126,5.251876625,2.2770540027604946,4.228499895105827,1310.6660190189011,1.2278164904934892,164.09858123628968,2016.8639022576726,6.585484612393404,407.83104079799114,
1900,380.0000000000002,5.189,0.719,0.2094370632771075,5.193028193151727,3.4808670586351087,5.251876625,2.2770540027604946,4.2483183071497805,1310.6660190189011,1.2278164904934892,164.09858123628968,2016.8639022576726,8.773178399964822,300.75581473506907,
1900,380.0000000000002,4.897,0.864,0.23084220965885957,4.625019275285073,3.475667062282801,5.251876625,2.2770540027604946,4.245143883089646,1310.6660190189011,1.2278164904934892,164.09858123628968,2016.8639022576726,6.889989212201769,320.66131749162423,
1900,380.0000000000002,3.826,0.337,0.36109593167738685,2.823210563874457,3.434517468590731,5.251876625,2.2770540027604946,4.219939214775392,1310.6660190189011,1.2278164904934892,164.09858123628968,2016.8639022576726,13.80121257498762,444.8719814563928,
2000,380.0000000000002,4.026,0.237,0.3444722693960133,2.9697814171653443,3.440791338412129,5.528291184271253,2.336208113361116,4.333518909755312,1310.6660190189011,1.2278164904934892,164.09858123628968,2016.8639022576726,20.65035894277148,431.0557727010679,
2000,380.0000000000002,5.047,0.258,0.22944808963419736,4.667061821850955,3.4761596170234776,5.528291184271253,2.336208113361116,4.355734329547205,1310.6660190189011,1.2278164904934892,164.09858123628968,2016.8639022576726,23.78021512826293,321.72000055672015,
2000,380.0000000000002,4.813,0.375,0.24901908645684323,4.244325351769094,3.471113162918764,5.528291184271253,2.336208113361116,4.352571500557294,1310.6660190189011,1.2278164904934892,164.09858123628968,2016.8639022576726,15.60223354144694,340.06446169895844,
2000,380.0000000000002,4.563,0.5,0.273689295,3.8148536514380145,3.4641448526830754,5.528291184271253,2.336208113361116,4.348200380339279,1310.6660190189011,1.2278164904934892,164.09858123628968,2016.8639022576726,11.093859076920173,363.3845733694369,
2000,380.0000000000002,4.313,0.625,0.30315135039402813,3.4082846655017223,3.455033716162691,5.528291184271253,2.336208113361116,4.342478458662199,1310.6660190189011,1.2278164904934892,164.09858123628968,2016.8639022576726,8.388834398,391.4424809566211,
2000,380.0000000000002,4.063,0.75,0.3386202606962906,3.0246183939602207,3.4429113099165294,5.528291184271253,2.336208113361116,4.334853707633209,1310.6660190189011,1.2278164904934892,164.09858123628968,2016.8639022576726,6.585484612393404,425.43110299131445,
2000,380.0000000000002,5.189,0.719,0.21896930918307347,4.933376783494141,3.4787215216326453,5.528291184271253,2.336208113361116,4.357339106344076,1310.6660190189011,1.2278164904934892,164.09858123628968,2016.8639022576726,8.773178399964822,311.9729417264974,
2000,380.0000000000002,4.897,0.864,0.24163739548486873,4.3937683115208195,3.4730569452033007,5.528291184271253,2.336208113361116,4.353790024251464,1310.6660190189011,1.2278164904934892,164.09858123628968,2016.8639022576726,6.889989212201769,333.12639273948093,
2000,380.0000000000002,3.826,0.337,0.3792602035732134,2.682050035680734,3.4274969859425624,5.528291184271253,2.336208113361116,4.325138993794725,1310.6660190189011,1.2278164904934892,164.09858123628968,2016.8639022576726,13.80121257498762,464.56823920818164,
2100,380.0000000000002,4.026,0.237,0.3608286873320113,2.8283632544431847,3.434754392404836,5.804705743484815,2.3939009516646714,4.4366382711353545,1310.6660190189011,1.2278164904934892,164.09858123628968,2016.8639022576726,20.65035894277148,448.92707199084236,
2100,380.0000000000002,5.047,0.258,0.23958967166382322,4.444820782715195,3.4736782972139357,5.804705743484815,2.3939009516646714,4.461706262673637,1310.6660190189011,1.2278164904934892,164.09858123628968,2016.8639022576726,23.78021512826293,333.49060744164444,
2100,380.0000000000002,4.813,0.375,0.2602437511476191,4.042214621,3.4681484593691505,5.804705743484815,2.3939009516646714,4.458153495684729,1310.6660190189011,1.2278164904934892,164.09858123628968,2016.8639022576726,15.60223354144694,352.9025482,
2100,380.0000000000002,4.563,0.5,0.2862601053347497,3.633193954,3.460446900275065,5.804705743484815,2.3939009516646714,4.453200735503404,1310.6660190189011,1.2278164904934892,164.09858123628968,2016.8639022576726,11.093859076920173,377.5455317786619,
2100,380.0000000000002,4.313,0.625,0.31730911591584965,3.245985395715926,3.4504204928302293,5.804705743484815,2.3939009516646714,4.446744633802242,1310.6660190189011,1.2278164904934892,164.09858123628968,2016.8639022576726,8.388834398,407.1610167074432,
2100,380.0000000000002,4.063,0.75,0.35466684929537695,2.8805889466287815,3.4370857389483924,5.804705743484815,2.3939009516646714,4.4381437043587155,1310.6660190189011,1.2278164904934892,164.09858123628968,2016.8639022576726,6.585484612393404,442.9994007860907,
2100,380.0000000000002,5.501,0.562,0.2074695791308282,5.280450005359382,3.481522875,5.804705743484815,2.3939009516646714,4.466741338093299,1310.6660190189011,1.2278164904934892,164.09858123628968,2016.8639022576726,11.898919044437164,303.7061339495703,
2100,380.0000000000002,5.189,0.719,0.22852387265020824,4.698454079518229,3.476483279180973,5.804705743484815,2.3939009516646714,4.463507304552468,1310.6660190189011,1.2278164904934892,164.09858123628968,2016.8639022576726,8.773178399964822,323.16438345078996,
2100,380.0000000000002,4.897,0.864,0.25245536057270146,4.184541249067447,3.470279088,5.804705743484815,2.3939009516646714,4.4595227,1310.6660190189011,1.2278164904934892,164.09858123628968,2016.8639022576726,6.889989212201769,345.5638089924661,
2100,380.0000000000002,3.826,0.337,0.39744994869263406,2.554333367314985,3.4201386695094333,5.804705743484815,2.3939009516646714,4.427188715533359,1310.6660190189011,1.2278164904934892,164.09858123628968,2016.8639022576726,13.80121257498762,484.23006488223757,
2200,380.0000000000002,4.026,0.237,0.3772084469916535,2.6998012883321314,3.4284395352376613,6.081120302698378,2.450235740460035,4.536867728749598,1310.6660190189011,1.2278164904934892,164.09858123628968,2016.8639022576726,20.65035894277148,466.7675453517087,
2200,380.0000000000002,5.047,0.258,0.24975237901903635,4.2427834744099595,3.4710920759709385,6.081120302698378,2.450235740460035,4.565001635864581,1310.6660190189011,1.2278164904934892,164.09858123628968,2016.8639022576726,23.78021512826293,345.2367087810844,
2200,380.0000000000002,4.813,0.375,0.27148992742394823,3.8584775925173584,3.4649568375681525,6.081120302698378,2.450235740460035,4.560965476695191,1310.6660190189011,1.2278164904934892,164.09858123628968,2016.8639022576726,15.60223354144694,365.71277584849497,
2200,380.0000000000002,4.563,0.5,0.29885290751751037,3.468048774034559,3.4565736226045987,6.081120302698378,2.450235740460035,4.555444670680603,1310.6660190189011,1.2278164904934892,164.09858123628968,2016.8639022576726,11.093859076920173,391.67965544072996,
2200,380.0000000000002,4.313,0.625,0.331489439,3.0984406050015663,3.4455921956157294,6.081120302698378,2.450235740460035,4.548202661114032,1310.6660190189011,1.2278164904934892,164.09858123628968,2016.8639022576726,8.388834398,422.8512138193499,
2200,380.0000000000002,4.063,0.75,0.3707366691236148,2.749653085418383,3.4309914952252423,6.081120302698378,2.450235740460035,4.538555924077381,1310.6660190189011,1.2278164904934892,164.09858123628968,2016.8639022576726,6.585484612393404,460.5372473994655,
2200,380.0000000000002,5.501,0.562,0.2159108218979407,5.0404295505703205,3.4796441898432398,6.081120302698378,2.450235740460035,4.570621826210131,1310.6660190189011,1.2278164904934892,164.09858123628968,2016.8639022576726,11.898919044437164,313.7541836413013,
2200,380.0000000000002,5.189,0.719,0.23809935209439387,4.484887984994674,3.4741517937598476,6.081120302698378,2.450235740460035,4.567013184348249,1310.6660190189011,1.2278164904934892,164.09858123628968,2016.8639022576726,8.773178399964822,334.33168014466753,
2200,380.0000000000002,4.897,0.864,0.2632946922047342,3.994334828655291,3.4673819764762666,6.081120302698378,2.450235740460035,4.562561317657286,1310.6660190189011,1.2278164904934892,164.09858123628968,2016.8639022576726,6.889989212201769,357.9762607112997,
2300,380.0000000000002,4.026,0.237,0.39361024468223266,2.5824186236220386,3.421848831396029,6.357534862,2.505304093573163,4.634371639874316,1310.6660190189011,1.2278164904934892,164.09858123628968,2016.8639022576726,20.65035894277148,484.57831899153234,
2300,380.0000000000002,5.047,0.258,0.25993495899291663,4.0583146276964825,3.468400340900385,6.357534862,2.505304093573163,4.665788605191853,1310.6660190189011,1.2278164904934892,164.09858123628968,2016.8639022576726,23.78021512826293,356.9596337725089,
2300,380.0000000000002,4.813,0.375,0.28275635369342694,3.6907176971905167,3.4616764537835816,6.357534862,2.505304093573163,4.661263831200722,1310.6660190189011,1.2278164904934892,164.09858123628968,2016.8639022576726,15.60223354144694,378.49999557867375,
2300,380.0000000000002,4.563,0.5,0.31146642872602914,3.3172640447287085,3.4525288257886158,6.357534862,2.505304093573163,4.655100962639076,1310.6660190189011,1.2278164904934892,164.09858123628968,2016.8639022576726,11.093859076920173,405.7882784612497,
2300,380.0000000000002,4.313,0.625,0.34569103415777713,2.9637257960884544,3.440550111480708,6.357534862,2.505304093573163,4.647018397836283,1310.6660190189011,1.2278164904934892,164.09858123628968,2016.8639022576726,8.388834398,438.5142766,
2300,380.0000000000002,4.063,0.75,0.38682841903010057,2.6301029512697576,3.424630517828522,6.357534862,2.505304093573163,4.636254941928712,1310.6660190189011,1.2278164904934892,164.09858123628968,2016.8639022576726,6.585484612393404,478.0457802985592,
2300,380.0000000000002,5.761,0.432,0.20807945224346058,5.287797977579743,3.4815766028339077,6.357534862,2.505304093573163,4.6746427410816125,1310.6660190189011,1.2278164904934892,164.09858123628968,2016.8639022576726,16.211242741063668,308.81476007330286,
2300,380.0000000000002,5.501,0.562,0.2243713376940179,4.8212804396759585,3.477692288,6.357534862,2.505304093573163,4.672034317936455,1310.6660190189011,1.2278164904934892,164.09858123628968,2016.8639022576726,11.898919044437164,323.7800743,
2300,380.0000000000002,5.189,0.719,0.24769449962454174,4.289892855212297,3.471726531442435,6.357534862,2.505304093573163,4.668025311085236,1310.6660190189011,1.2278164904934892,164.09858123628968,2016.8639022576726,8.773178399964822,345.47618219847425,
2300,380.0000000000002,4.897,0.864,0.27415413212507933,3.820668096974626,3.464254670285175,6.357534862,2.505304093573163,4.662999335753426,1310.6660190189011,1.2278164904934892,164.09858123628968,2016.8639022576726,6.889989212201769,370.36208262567516,
2400,380.0000000000002,5.047,0.258,0.2701362899811421,3.889218184875796,3.4656025044251937,6.633949421125503,2.559187765428939,4.764216899204702,1310.6660190189011,1.2278164904934892,164.09858123628968,2016.8639022576726,23.78021512826293,368.6605516205717,
2400,380.0000000000002,4.813,0.375,0.2940419000527172,3.536937793140912,3.4582553511820953,6.633949421125503,2.559187765428939,4.759164097664561,1310.6660190189011,1.2278164904934892,164.09858123628968,2016.8639022576726,15.60223354144694,391.26400017131715,
2400,380.0000000000002,4.563,0.5,0.3240995287422562,3.179044709531679,3.4483118980844845,6.633949421125503,2.559187765428939,4.752317207,1310.6660190189011,1.2278164904934892,164.09858123628968,2016.8639022576726,11.093859076920173,419.8724661,
2400,380.0000000000002,4.313,0.625,0.3599127488447241,2.8402372212514355,3.4352955527541633,6.633949421125503,2.559187765428939,4.743339439670544,1310.6660190189011,1.2278164904934892,164.09858123628968,2016.8639022576726,8.388834398,454.15125800670245,
2400,380.0000000000002,4.063,0.75,0.40294093216397125,2.520515328300184,3.4180047830845814,6.633949421125503,2.559187765428939,4.731387127103856,1310.6660190189011,1.2278164904934892,164.09858123628968,2016.8639022576726,6.585484612393404,495.5259890214034,
2400,380.0000000000002,5.761,0.432,0.2157497240013392,5.067473061847253,3.4798685469946036,6.633949421125503,2.559187765428939,4.774012702257151,1310.6660190189011,1.2278164904934892,164.09858123628968,2016.8639022576726,16.211242741063668,318.0222988032042,
2400,380.0000000000002,5.501,0.562,0.23285001810059114,4.620393755,3.4756293208307945,6.633949421125503,2.559187765428939,4.771103930470233,1310.6660190189011,1.2278164904934892,164.09858123628968,2016.8639022576726,11.898919044437164,333.7840034188298,
2400,380.0000000000002,5.189,0.719,0.25730819813430295,4.111147319578451,3.46920697,6.633949421125503,2.559187765428939,4.766693812403049,1310.6660190189011,1.2278164904934892,164.09858123628968,2016.8639022576726,8.773178399964822,356.59907928406415,
2400,380.0000000000002,4.897,0.864,0.2850325535466952,3.6614735929340165,3.461058527833784,6.633949421125503,2.559187765428939,4.761092537585024,1310.6660190189011,1.2278164904934892,164.09858123628968,2016.8639022576726,6.889989212201769,382.72668244427655,
1000,400.0000000000002,2.9,0.3,0.3126619412916441,3.2635646213956675,3.5774029888891783,2.7475665077215794,1.6052840464684601,3.0362380770233335,1310.6654591742376,1.235225782627706,165.0887680881442,2016.8983156903296,12.369590383007676,375.1266363290388,
1100,400.0000000000002,2.9,0.3,0.3426282394297017,2.9668769285415153,3.5666421258954886,3.0223231584937373,1.6836361117625058,3.1796403499992274,1310.6654591742376,1.235225782627706,165.0887680881442,2016.8983156903296,12.369590383007676,407.2846033910751,
1200,400.0000000000002,2.9,0.3,0.372653728,2.7196371844963894,3.5549113571941433,3.297079809265895,1.7585005669078941,3.315560069500491,1310.6654591742376,1.235225782627706,165.0887680881442,2016.8983156903296,12.369590383007676,439.3602128398889,
1300,400.0000000000002,2.9,0.3,0.40273233691189725,2.5104343241505136,3.5422237709220363,3.5718364600380528,1.830305420087041,3.4447805659424535,1310.6654591742376,1.235225782627706,165.0887680881442,2016.8983156903296,12.369590383007676,471.35936490075665,
1300,400.0000000000002,3.826,0.337,0.23977512138639773,4.3696112386193455,3.600233510384804,3.5718364600380528,1.830305420087041,3.472872991466305,1310.6654591742376,1.235225782627706,165.0887680881442,2016.8983156903296,14.527592184197498,313.87915029850166,
1400,400.0000000000002,4.026,0.237,0.23433320372346372,4.492785931141928,3.6017918335603865,3.8465931108102107,1.8993976986888803,3.604750510476079,1310.6654591742376,1.235225782627706,165.0887680881442,2016.8983156903296,21.737219939759456,311.52702672198564,
1400,400.0000000000002,4.063,0.75,0.2305786170012844,4.575745167275049,3.6028557418095386,3.8465931108102107,1.8993976986888803,3.605282862263137,1310.6654591742376,1.235225782627706,165.0887680881442,2016.8983156903296,6.9320890656772685,307.9676697434596,
1400,400.0000000000002,3.826,0.337,0.2567102385169367,4.057496150146536,3.595659295833363,3.8465931108102107,1.8993976986888803,3.6016804154690445,1310.6654591742376,1.235225782627706,165.0887680881442,2016.8983156903296,14.527592184197498,332.84106214027685,
1500,400.0000000000002,4.026,0.237,0.24958019157709752,4.193266869065798,3.597769764866512,4.121349761582368,1.966063403038984,3.7291873557724826,1310.6654591742376,1.235225782627706,165.0887680881442,2016.8983156903296,21.737219939759456,328.73575838685434,
1500,400.0000000000002,4.313,0.625,0.22107270258624823,4.812423933150927,3.605315089280333,4.121349761582368,1.966063403038984,3.7330957758231635,1310.6654591742376,1.235225782627706,165.0887680881442,2016.8983156903296,8.830351998109592,301.73377973438437,
1500,400.0000000000002,4.063,0.75,0.24553382368640744,4.270695489456712,3.5988876089298296,4.121349761582368,1.966063403038984,3.7297666488435453,1310.6654591742376,1.235225782627706,165.0887680881442,2016.8983156903296,6.9320890656772685,324.88649856242046,
1500,400.0000000000002,3.826,0.337,0.27368375863886224,3.786996406803433,3.5906581171024983,4.121349761582368,1.966063403038984,3.725499823307027,1310.6654591742376,1.235225782627706,165.0887680881442,2016.8983156903296,14.527592184197498,351.75161974171374,
1600,400.0000000000002,4.026,0.237,0.26486157939613636,3.9311876897491844,3.5935041074283207,4.396106412354527,2.0305415513487644,3.849204224537978,1310.6654591742376,1.235225782627706,165.0887680881442,2016.8983156903296,21.737219939759456,345.90104374258766,
1600,400.0000000000002,4.313,0.625,0.2342826623602061,4.5116474373289925,3.6020197380919123,4.396106412354527,2.0305415513487644,3.8537623110934356,1310.6654591742376,1.235225782627706,165.0887680881442,2016.8983156903296,8.830351998109592,316.8536330005012,
1600,400.0000000000002,4.063,0.75,0.2605233103511166,4.003777021365667,3.5947667024595815,4.396106412354527,2.0305415513487644,3.8498803834017234,1310.6654591742376,1.235225782627706,165.0887680881442,2016.8983156903296,6.9320890656772685,341.7637587812467,
1600,400.0000000000002,3.826,0.337,0.29069238870822894,3.550309131378217,3.585377486934165,4.396106412354527,2.0305415513487644,3.844849321031345,1310.6654591742376,1.235225782627706,165.0887680881442,2016.8983156903296,14.527592184197498,370.61744296056713,
1700,400.0000000000002,4.026,0.237,0.2801745891327546,3.699941355058057,3.588832504266266,4.670863063126685,2.0930343233541255,3.9650890481688146,1310.6654591742376,1.235225782627706,165.0887680881442,2016.8983156903296,21.737219939759456,363.0224747934191,
1700,400.0000000000002,4.563,0.5,0.22431906187375295,4.752785746,3.604708772117962,4.670863063126685,2.0930343233541255,3.9738497452569437,1310.6654591742376,1.235225782627706,165.0887680881442,2016.8983156903296,11.677746396758078,310.04180793885064,
1700,400.0000000000002,4.313,0.625,0.24752341965748706,4.246256411603759,3.598541113,4.670863063126685,2.0930343233541255,3.9704486599705553,1310.6654591742376,1.235225782627706,165.0887680881442,2016.8983156903296,8.830351998109592,331.9348840885049,
1700,400.0000000000002,4.063,0.75,0.2755443027615519,3.768260725991216,3.5902757581326106,4.670863063126685,2.0930343233541255,3.965886251001095,1310.6654591742376,1.235225782627706,165.0887680881442,2016.8983156903296,6.9320890656772685,358.598016,
1700,400.0000000000002,3.826,0.337,0.3077333281091521,3.3414674177677344,3.5797709937876836,4.670863063126685,2.0930343233541255,3.960080120546223,1310.6654591742376,1.235225782627706,165.0887680881442,2016.8983156903296,14.527592184197498,389.4406333596353,
1800,400.0000000000002,4.026,0.237,0.2955168343358812,3.4943890575548315,3.583973076517687,4.945619713898843,2.153714550659645,4.077279761133136,1310.6654591742376,1.235225782627706,165.0887680881442,2016.8983156903296,21.737219939759456,380.10736580440107,
1800,400.0000000000002,4.813,0.375,0.21546063852925906,4.994079355537546,3.6070363034510615,4.945619713898843,2.153714550659645,4.090377575997834,1310.6654591742376,1.235225782627706,165.0887680881442,2016.8983156903296,16.423403727838885,304.27476672358864,
1800,400.0000000000002,4.563,0.5,0.2360919562701189,4.488742093511425,3.6017426139929425,4.945619713898843,2.153714550659645,4.087374953175945,1310.6654591742376,1.235225782627706,165.0887680881442,2016.8983156903296,11.677746396758078,323.6107470309189,
1800,400.0000000000002,4.313,0.625,0.26079261266370996,4.010353277625772,3.5948778323096313,4.945619713898843,2.153714550659645,4.083477906345075,1310.6654591742376,1.235225782627706,165.0887680881442,2016.8983156903296,8.830351998109592,346.98027623244616,
1800,400.0000000000002,4.063,0.75,0.29059441793839114,3.5589129078805932,3.5855877837557704,4.945619713898843,2.153714550659645,4.078198137419805,1310.6654591742376,1.235225782627706,165.0887680881442,2016.8983156903296,6.9320890656772685,375.3956256515919,
1800,400.0000000000002,3.826,0.337,0.32480416984747096,3.1558303390028604,3.5738392562586125,4.945619713898843,2.153714550659645,4.071511349,1310.6654591742376,1.235225782627706,165.0887680881442,2016.8983156903296,14.527592184197498,408.2237306602176,
1900,400.0000000000002,4.026,0.237,0.3108862458705958,3.310473843999314,3.5788486095249055,5.220376364671001,2.212731355747392,4.1860108902888085,1310.6654591742376,1.235225782627706,165.0887680881442,2016.8983156903296,21.737219939759456,397.1562822944168,
1900,400.0000000000002,5.047,0.258,0.2086466617128107,5.202465743863591,3.6088038204844186,5.220376364671001,2.212731355747392,4.203492985600323,1310.6654591742376,1.235225782627706,165.0887680881442,2016.8983156903296,25.031805398171507,300.4157062291477,
1900,400.0000000000002,4.813,0.375,0.22598963931867522,4.731233073667149,3.604484273416834,5.220376364671001,2.212731355747392,4.200976553112631,1310.6654591742376,1.235225782627706,165.0887680881442,2016.8983156903296,16.423403727838885,316.5580131040861,
1900,400.0000000000002,4.563,0.5,0.24789067881540952,4.252492509642402,3.5986300729319227,5.220376364671001,2.212731355747392,4.197563671960594,1310.6654591742376,1.235225782627706,165.0887680881442,2016.8983156903296,11.677746396758078,337.14729896331124,
1900,400.0000000000002,4.313,0.625,0.27408819479505947,3.7992820524875737,3.590905811828654,5.220376364671001,2.212731355747392,4.193056332441477,1310.6654591742376,1.235225782627706,165.0887680881442,2016.8983156903296,8.830351998109592,361.9892673121137,
1900,400.0000000000002,4.063,0.75,0.30567159,3.371601702202667,3.5806438588892657,5.220376364671001,2.212731355747392,4.187060668027622,1310.6654591742376,1.235225782627706,165.0887680881442,2016.8983156903296,6.9320890656772685,392.1575605296894,
1900,400.0000000000002,4.897,0.864,0.21944457380781984,4.897820084606206,3.606146875143753,5.220376364671001,2.212731355747392,4.201945311068793,1310.6654591742376,1.235225782627706,165.0887680881442,2016.8983156903296,7.252620223370283,310.44657546423673,
1900,400.0000000000002,3.826,0.337,0.3419028259842228,2.989734005371131,3.5675846147160155,5.220376364671001,2.212731355747392,4.179418216321431,1310.6654591742376,1.235225782627706,165.0887680881442,2016.8983156903296,14.527592184197498,426.9689095065433,
2000,400.0000000000002,4.026,0.237,0.32628101491332073,3.1449501517993483,3.5734591685706363,5.495133015443159,2.270214469976858,4.291521568017445,1310.6654591742376,1.235225782627706,165.0887680881442,2016.8983156903296,21.737219939759456,414.17111208732945,
2000,400.0000000000002,5.047,0.258,0.21817728840848302,4.942342456670412,3.6065643857602794,5.495133015443159,2.270214469976858,4.311354483,1310.6654591742376,1.235225782627706,165.0887680881442,2016.8983156903296,25.031805398171507,311.6604600856981,
2000,400.0000000000002,4.813,0.375,0.23654223199933772,4.494671419983792,3.6018147394020392,5.495133015443159,2.270214469976858,4.308514639715276,1310.6654591742376,1.235225782627706,165.0887680881442,2016.8983156903296,16.423403727838885,328.81179188433373,
2000,400.0000000000002,4.563,0.5,0.2597134564031408,4.039867884160282,3.5953701644237377,5.495133015443159,2.270214469976858,4.304658392357832,1310.6654591742376,1.235225782627706,165.0887680881442,2016.8983156903296,11.677746396758078,350.65352165870706,
2000,400.0000000000002,4.313,0.625,0.2874083779721781,3.609317949863195,3.5867901054319904,5.495133015443159,2.270214469976858,4.299518965439522,1310.6654591742376,1.235225782627706,165.0887680881442,2016.8983156903296,8.830351998109592,376.9676030596253,
2000,400.0000000000002,4.063,0.75,0.3207740128197323,3.203021617092534,3.5754439153603212,5.495133015443159,2.270214469976858,4.292713186682544,1310.6654591742376,1.235225782627706,165.0887680881442,2016.8983156903296,6.9320890656772685,408.8857198393612,
2000,400.0000000000002,5.189,0.719,0.2083521751794548,5.224365663565421,3.608978041442407,5.495133015443159,2.270214469976858,4.312796906291345,1310.6654591742376,1.235225782627706,165.0887680881442,2016.8983156903296,9.234924631541917,302.56057209418947,
2000,400.0000000000002,4.897,0.864,0.22961341631388754,4.652929080375896,3.6036435033961776,5.495133015443159,2.270214469976858,4.309608290711157,1310.6654591742376,1.235225782627706,165.0887680881442,2016.8983156903296,7.252620223370283,322.3216015787768,
2000,400.0000000000002,3.826,0.337,0.3590274703984421,2.8402473051025745,3.5610094666358414,5.495133015443159,2.270214469976858,4.2840393528643235,1310.6654591742376,1.235225782627706,165.0887680881442,2016.8983156903296,14.527592184197498,445.6780203140318,
2100,400.0000000000002,4.026,0.237,0.3416995485414791,2.9951906207612837,3.5678064822084408,5.769889666215317,2.326277590202193,4.394021545669295,1310.6654591742376,1.235225782627706,165.0887680881442,2016.8983156903296,21.737219939759456,431.1535090212804,
2100,400.0000000000002,5.047,0.258,0.22772959560757344,4.706992815876582,3.6042282658083207,5.769889666215317,2.326277590202193,4.416392677463879,1310.6654591742376,1.235225782627706,165.0887680881442,2016.8983156903296,25.031805398171507,322.8781955587122,
2100,400.0000000000002,4.813,0.375,0.24711686838417363,4.280639447603611,3.5990269667068158,5.769889666215317,2.326277590202193,4.413204855970597,1310.6654591742376,1.235225782627706,165.0887680881442,2016.8983156903296,16.423403727838885,341.03793243612233,
2100,400.0000000000002,4.563,0.5,0.27155872911135914,3.847493223009792,3.591855238504984,5.769889666215317,2.326277590202193,4.408805599029338,1310.6654591742376,1.235225782627706,165.0887680881442,2016.8983156903296,11.677746396758078,364.1285703816816,
2100,400.0000000000002,4.313,0.625,0.3007515884390038,3.4374456665363757,3.5824728842562377,5.769889666215317,2.326277590202193,4.403043670847972,1310.6654591742376,1.235225782627706,165.0887680881442,2016.8983156903296,8.830351998109592,391.9156805888478,
2100,400.0000000000002,4.063,0.75,0.33590009640221385,3.050496778183365,3.5699895766794536,5.769889666215317,2.326277590202193,4.395365662460254,1310.6654591742376,1.235225782627706,165.0887680881442,2016.8983156903296,6.9320890656772685,425.5817688316733,
2100,400.0000000000002,5.189,0.719,0.21735039151315194,4.975586346252781,3.6068692215764564,5.769889666215317,2.326277590202193,4.418010411007052,1310.6654591742376,1.235225782627706,165.0887680881442,2016.8983156903296,9.234924631541917,313.2312316218907,
2100,400.0000000000002,4.897,0.864,0.23980416614155298,4.431361028929423,3.601030264639706,5.769889666215317,2.326277590202193,4.414432928769222,1310.6654591742376,1.235225782627706,165.0887680881442,2016.8983156903296,7.252620223370283,334.16923436893364,
2100,400.0000000000002,3.826,0.337,0.3761764941857205,2.7049974334310227,3.554116266158631,5.769889666215317,2.326277590202193,4.385583178616803,1310.6654591742376,1.235225782627706,165.0887680881442,2016.8983156903296,14.527592184197498,464.3526476740992,
2200,400.0000000000002,4.026,0.237,0.3571404346671638,2.8590455925448617,3.5618923169838212,6.044646316987475,2.3810210233556397,4.493695317188981,1310.6654591742376,1.235225782627706,165.0887680881442,2016.8983156903296,21.737219939759456,448.10490318378913,
2200,400.0000000000002,5.047,0.258,0.23730222147798105,4.493038596973101,3.6017949046666144,6.044646316987475,2.3810210233556397,4.518795834335814,1310.6654591742376,1.235225782627706,165.0887680881442,2016.8983156903296,25.031805398171507,334.07054390274095,
2200,400.0000000000002,4.813,0.375,0.2577121778828151,4.0860649272579925,3.5961202381458897,6.044646316987475,2.3810210233556397,4.515234725479037,1310.6654591742376,1.235225782627706,165.0887680881442,2016.8983156903296,16.423403727838885,353.2380275727779,
2200,400.0000000000002,4.563,0.5,0.2834251154641889,3.6726071674184375,3.5882326447949002,6.044646316987475,2.3810210233556397,4.510280235185683,1310.6654591742376,1.235225782627706,165.0887680881442,2016.8983156903296,11.677746396758078,377.5775250961269,
2200,400.0000000000002,4.313,0.625,0.3141164318868678,3.2811981362392677,3.577953580709702,6.044646316987475,2.3810210233556397,4.503815393819287,1310.6654591742376,1.235225782627706,165.0887680881442,2016.8983156903296,8.830351998109592,406.8349658205798,
2200,400.0000000000002,4.063,0.75,0.3510484310895164,2.911837833720485,3.564282501684262,6.044646316987475,2.3810210233556397,4.495202796860544,1310.6654591742376,1.235225782627706,165.0887680881442,2016.8983156903296,6.9320890656772685,442.2471484046116,
2200,400.0000000000002,5.501,0.562,0.20557000277078827,5.337732800325313,3.6098477682753183,6.044646316987475,2.3810210233556397,4.523844557334077,1310.6654591742376,1.235225782627706,165.0887680881442,2016.8983156903296,12.525177941512807,304.67449059033964,
2200,400.0000000000002,5.189,0.719,0.2263687344143432,4.749423330514018,3.6046739396229652,6.044646316987475,2.3810210233556397,4.520601485790759,1310.6654591742376,1.235225782627706,165.0887680881442,2016.8983156903296,9.234924631541917,323.8768164024434,
2200,400.0000000000002,4.897,0.864,0.2500154559891942,4.229935528,3.598306500091511,6.044646316987475,2.3810210233556397,4.516607035818409,1310.6654591742376,1.235225782627706,165.0887680881442,2016.8983156903296,7.252620223370283,345.9910814198394,
2200,400.0000000000002,3.826,0.337,0.3933484704330877,2.5820430046387037,3.546907522073553,6.044646316987475,2.3810210233556397,4.484232920873446,1310.6654591742376,1.235225782627706,165.0887680881442,2016.8983156903296,14.527592184197498,482.99415616595184,
2300,400.0000000000002,4.026,0.237,0.37260241401279637,2.7347392624342164,3.5557184772064714,6.319402967759632,2.434533795338679,4.590706121962625,1310.6654591742376,1.235225782627706,165.0887680881442,2016.8983156903296,21.737219939759456,465.0265376031808,
2300,400.0000000000002,5.047,0.258,0.24689395352805116,4.2976890927568805,3.5992637499847144,6.319402967759632,2.434533795338679,4.618730730597268,1310.6654591742376,1.235225782627706,165.0887680881442,2016.8983156903296,25.031805398171507,345.2389364840144,
2300,400.0000000000002,4.813,0.375,0.26832693985004963,3.908409930420689,3.593093865220736,6.319402967759632,2.434533795338679,4.614770301287192,1310.6654591742376,1.235225782627706,165.0887680881442,2016.8983156903296,16.423403727838885,365.4134715402461,
2300,400.0000000000002,4.563,0.5,0.29531138468249357,3.512928594921985,3.5844460338190762,6.319402967759632,2.434533795338679,4.609213558493578,1310.6654591742376,1.235225782627706,165.0887680881442,2016.8983156903296,11.677746396758078,391.00037760103197,
2300,400.0000000000002,4.313,0.625,0.3275016655898731,3.1385373477071266,3.5732333190506815,6.319402967759632,2.434533795338679,4.601998736872514,1310.6654591742376,1.235225782627706,165.0887680881442,2016.8983156903296,8.830351998109592,421.7267728788662,
2300,400.0000000000002,4.063,0.75,0.36621775993648864,2.785236188776117,3.558324384444344,6.319402967759632,2.434533795338679,4.592388027229262,1310.6654591742376,1.235225782627706,165.0887680881442,2016.8983156903296,6.9320890656772685,458.88311184001896,
2300,400.0000000000002,5.761,0.432,0.19827963292639156,5.599691935626327,3.6115665416961265,6.319402967759632,2.434533795338679,4.6266177335240135,1310.6654591742376,1.235225782627706,165.0887680881442,2016.8983156903296,17.06446604322491,300.2965502231596,
2300,400.0000000000002,5.501,0.562,0.21353629846486932,5.105657461180735,3.608008151478012,6.319402967759632,2.434533795338679,4.624337923873324,1310.6654591742376,1.235225782627706,165.0887680881442,2016.8983156903296,12.525177941512807,314.23979361905015,
2300,400.0000000000002,5.189,0.719,0.23540599581050992,4.542926663969932,3.602391725053103,6.319402967759632,2.434533795338679,4.620737271108525,1310.6654591742376,1.235225782627706,165.0887680881442,2016.8983156903296,9.234924631541917,334.4987767666545,
2300,400.0000000000002,4.897,0.864,0.26024606827327534,4.046025287283388,3.5954715692717083,6.319402967759632,2.434533795338679,4.616296944313884,1310.6654591742376,1.235225782627706,165.0887680881442,2016.8983156903296,7.252620223370283,357.78855121940705,
2400,400.0000000000002,4.026,0.237,0.3880843574692929,2.620791793166124,3.5492868038246486,6.594159619,2.486895351,4.685199170093194,1310.6654591742376,1.235225782627706,165.0887680881442,2016.8983156903296,21.737219939759456,481.9194977,
2400,400.0000000000002,5.047,0.258,0.25650370634661757,4.118618714,3.596634261492431,6.594159619,2.486895351,4.7163459,1310.6654591742376,1.235225782627706,165.0887680881442,2016.8983156903296,25.031805398171507,356.3846354119926,
2400,400.0000000000002,4.813,0.375,0.2789600612593117,3.745559517,3.5898048465849386,6.594159619,2.486895351,4.711865990806736,1310.6654591742376,1.235225782627706,165.0887680881442,2016.8983156903296,16.423403727838885,377.56175244266745,
2400,400.0000000000002,4.563,0.5,0.3072164342746516,3.3665565701335685,3.5804993319823555,6.594159619,2.486895351,4.705754964,1310.6654591742376,1.235225782627706,165.0887680881442,2016.8983156903296,11.677746396758078,404.39840738926466,
2400,400.0000000000002,4.313,0.625,0.34090617589815864,3.007764958219329,3.5683132454560154,6.594159619,2.486895351,4.697740213858402,1310.6654591742376,1.235225782627706,165.0887680881442,2016.8983156903296,8.830351998109592,436.59225482115437,
2400,400.0000000000002,4.063,0.75,0.3814069560125267,2.669184680910445,3.5521169536367396,6.594159619,2.486895351,4.687066752799352,1310.6654591742376,1.235225782627706,165.0887680881442,2016.8983156903296,6.9320890656772685,475.4907543146419,
2400,400.0000000000002,5.761,0.432,0.2055003709913822,5.366371438308562,3.6100592900892665,6.594159619,2.486895351,4.725139969218688,1310.6654591742376,1.235225782627706,165.0887680881442,2016.8983156903296,17.06446604322491,309.0895300416323,
2400,400.0000000000002,5.501,0.562,0.22152007682757158,4.892921733631537,3.6061002792187336,6.594159619,2.486895351,4.7225483203578795,1310.6654591742376,1.235225782627706,165.0887680881442,2016.8983156903296,12.525177941512807,323.78333570271946,
2400,400.0000000000002,5.189,0.719,0.24446109441794628,4.353638052971184,3.6000221088283544,6.594159619,2.486895351,4.718566656390753,1310.6654591742376,1.235225782627706,165.0887680881442,2016.8983156903296,9.234924631541917,345.0983931944278,
2400,400.0000000000002,4.897,0.864,0.27049491282682775,3.877440900313246,3.5924274381982158,6.594159619,2.486895351,4.713586842583456,1310.6654591742376,1.235225782627706,165.0887680881442,2016.8983156903296,7.252620223370283,369.5603263941636,
1000,420.0000000000002,2.9,0.3,0.29682189891920774,3.446024273481613,3.708784099,2.732194061781275,1.5622079075304849,3.008531811238941,1310.6650186176585,1.2421760877396661,166.01762530157797,2016.9304656929696,12.98806990215806,360.12771682965604,
1100,420.0000000000002,2.9,0.3,0.32516742723784825,3.132749339528739,3.698669576518899,3.0054134679594022,1.6384574760993507,3.1510692081793703,1310.6650186176585,1.2421760877396661,166.01762530157797,2016.9304656929696,12.98806990215806,390.7254724778419,
1200,420.0000000000002,2.9,0.3,0.35356979035848296,2.8716868945680103,3.6876392251810195,3.278632874,1.7113130209347827,3.2862732199847757,1310.6650186176585,1.2421760877396661,166.01762530157797,2016.9304656929696,12.98806990215806,421.2402473224433,
1300,420.0000000000002,2.9,0.3,0.38202311279421397,2.6507879026781636,3.6757045377520496,3.551852280315657,1.7811910650618052,3.4149221313931863,1310.6650186176585,1.2421760877396661,166.01762530157797,2016.9304656929696,12.98806990215806,451.6784552,
1300,420.0000000000002,3.826,0.337,0.22814262632381352,4.613907840292998,3.730199751216408,3.551852280315657,1.7811910650618052,3.4401434483573192,1310.6650186176585,1.2421760877396661,166.01762530157797,2016.9304656929696,15.253971793407368,303.1600854,
1400,420.0000000000002,2.9,0.3,0.4105225890528614,2.461445909629723,3.662877443723937,3.825071686493785,1.8484293237478915,3.537643321121412,1310.6650186176585,1.2421760877396661,166.01762530157797,2016.9304656929696,12.98806990215806,482.04510863236595,
1400,420.0000000000002,4.026,0.237,0.22305517180039613,4.743968994139532,3.7316942300546843,3.825071686493785,1.8484293237478915,3.5707206498918453,1310.6650186176585,1.2421760877396661,166.01762530157797,2016.9304656929696,22.824080936747425,301.1943128591702,
1400,420.0000000000002,3.826,0.337,0.24415285247598809,4.284342994557783,3.7259035411968155,3.825071686493785,1.8484293237478915,3.5679491259353555,1310.6650186176585,1.2421760877396661,166.01762530157797,2016.9304656929696,15.253971793407368,321.2409411512423,
1500,420.0000000000002,4.026,0.237,0.23746779553655142,4.427704395,3.727895566,4.0982910926719125,1.9133061227953472,3.6941653463779587,1310.6650186176585,1.2421760877396661,166.01762530157797,2016.9304656929696,22.824080936747425,317.6099520220906,
1500,420.0000000000002,4.063,0.75,0.23365317552978018,4.5094619009022585,3.728951001305763,4.0982910926719125,1.9133061227953472,3.6946882520745197,1310.6650186176585,1.2421760877396661,166.01762530157797,2016.9304656929696,7.278693518961131,313.9901838029033,
1500,420.0000000000002,3.826,0.337,0.2602000602564396,3.9987201282539315,3.7213057768740705,4.0982910926719125,1.9133061227953472,3.6908988198931363,1310.6650186176585,1.2421760877396661,166.01762530157797,2016.9304656929696,15.253971793407368,339.27135715273914,
1600,420.0000000000002,4.026,0.237,0.25191355514423613,4.150972869872091,3.723870082618565,4.371510499,1.9760540666088169,3.813257065361178,1310.6650186176585,1.2421760877396661,166.01762530157797,2016.9304656929696,22.824080936747425,333.98090469513494,
1600,420.0000000000002,4.313,0.625,0.22308953583750668,4.763885011,3.7319095747577546,4.371510499,1.9760540666088169,3.8173710813094335,1310.6650186176585,1.2421760877396661,166.01762530157797,2016.9304656929696,9.271869598,306.6706226861753,
1600,420.0000000000002,4.063,0.75,0.2478225824868948,4.227620532095868,3.725061272028493,4.371510499,1.9760540666088169,3.813866907829218,1310.6650186176585,1.2421760877396661,166.01762530157797,2016.9304656929696,7.278693518961131,330.0882625439955,
1600,420.0000000000002,3.826,0.337,0.27628105825552773,3.748800120238061,3.716277101772402,4.371510499,1.9760540666088169,3.8093674610521284,1310.6650186176585,1.2421760877396661,166.01762530157797,2016.9304656929696,15.253971793407368,357.2526161624003,
1700,420.0000000000002,4.026,0.237,0.26638975796116976,3.9067979951737324,3.719615966800799,4.644729905028168,2.0368699096398672,3.928369623,1310.6650186176585,1.2421760877396661,166.01762530157797,2016.9304656929696,22.824080936747425,350.3105304553155,
1700,420.0000000000002,4.563,0.5,0.2137458763185714,5.018504901126684,3.734451295114789,4.644729905028168,2.0368699096398672,3.9361957883610414,1310.6650186176585,1.2421760877396661,166.01762530157797,2016.9304656929696,12.261633716595982,300.50411492183093,
1700,420.0000000000002,4.313,0.625,0.2356038881891846,4.483656481,3.7286238249463186,4.644729905028168,2.0368699096398672,3.9331234469104968,1310.6650186176585,1.2421760877396661,166.01762530157797,2016.9304656929696,9.271869598,321.0639994807912,
1700,420.0000000000002,4.063,0.75,0.26202232558475186,3.9789369713843454,3.720951621856477,4.644729905028168,2.0368699096398672,3.929074867321965,1310.6650186176585,1.2421760877396661,166.01762530157797,2016.9304656929696,7.278693518961131,346.14524602681985,
1700,420.0000000000002,3.826,0.337,0.2923931330113695,3.528282466,3.7110093560550887,4.644729905028168,2.0368699096398672,3.923822173930624,1310.6650186176585,1.2421760877396661,166.01762530157797,2016.9304656929696,15.253971793407368,375.1917906308493,
1800,420.0000000000002,4.026,0.237,0.2808940914411328,3.6897536621085254,3.7149576509269147,4.917949311206295,2.095921845735522,4.039727009303529,1310.6650186176585,1.2421760877396661,166.01762530157797,2016.9304656929696,22.824080936747425,366.59786654303923,
1800,420.0000000000002,4.563,0.5,0.22487105539226124,4.739699073286313,3.731647724448815,4.917949311206295,2.095921845735522,4.048791417174933,1310.6650186176585,1.2421760877396661,166.01762530157797,2016.9304656929696,12.261633716595982,313.4618440766157,
1800,420.0000000000002,4.313,0.625,0.2481456341161581,4.2345644542576615,3.725166129228239,4.917949311206295,2.095921845735522,4.045273663850054,1310.6650186176585,1.2421760877396661,166.01762530157797,2016.9304656929696,9.271869598,335.42047262022015,
1800,420.0000000000002,4.063,0.75,0.27625009547683116,3.757884917418549,3.7164746706193084,4.917949311206295,2.095921845735522,4.040551745477416,1310.6650186176585,1.2421760877396661,166.01762530157797,2016.9304656929696,7.278693518961131,362.1607999167361,
1800,420.0000000000002,3.826,0.337,0.30853395304443343,3.332266773544943,3.7054348391494702,4.917949311206295,2.095921845735522,4.034546029042387,1310.6650186176585,1.2421760877396661,166.01762530157797,2016.9304656929696,15.253971793407368,393.0902629384426,
1900,420.0000000000002,4.026,0.237,0.295424551,3.4955561009449183,3.710142597768241,5.191168717384422,2.1533549958301057,4.147734348,1310.6650186176585,1.2421760877396661,166.01762530157797,2016.9304656929696,22.824080936747425,382.8505504992146,
1900,420.0000000000002,4.813,0.375,0.21539743854031723,4.995747260056892,3.734239030885601,5.191168717384422,2.1533549958301057,4.1611817895009375,1310.6650186176585,1.2421760877396661,166.01762530157797,2016.9304656929696,17.244573914230827,307.06102540755137,
1900,420.0000000000002,4.563,0.5,0.2360211272275106,4.4902412273238745,3.728707822642475,5.191168717384422,2.1533549958301057,4.158098846472336,1310.6650186176585,1.2421760877396661,166.01762530157797,2016.9304656929696,12.261633716595982,326.38616256776805,
1900,420.0000000000002,4.313,0.625,0.26071278982221585,4.011692640875679,3.7215352718849193,5.191168717384422,2.1533549958301057,4.1540976572233665,1310.6650186176585,1.2421760877396661,166.01762530157797,2016.9304656929696,9.271869598,349.7425306066228,
1900,420.0000000000002,4.063,0.75,0.29050389051177733,3.5601015007123094,3.711829554540491,5.191168717384422,2.1533549958301057,4.148677203,1310.6650186176585,1.2421760877396661,166.01762530157797,2016.9304656929696,7.278693518961131,378.14154579446364,
1900,420.0000000000002,4.897,0.864,0.20923828817728968,5.171647831958924,3.735811319,5.191168717384422,2.1533549958301057,4.162057722994598,1310.6650186176585,1.2421760877396661,166.01762530157797,2016.9304656929696,7.615251234538795,301.3317886469652,
1900,420.0000000000002,3.826,0.337,0.3247014964439931,3.1568843117794194,3.699555605554505,5.191168717384422,2.1533549958301057,4.141812284673348,1310.6650186176585,1.2421760877396661,166.01762530157797,2016.9304656929696,15.253971793407368,410.95037676311574,
2000,420.0000000000002,4.026,0.237,0.30997938467189967,3.320778295897673,3.705077600963186,5.464388124,2.2092956100761056,4.252579916681042,1310.6650186176585,1.2421760877396661,166.01762530157797,2016.9304656929696,22.824080936747425,399.06864958844494,
2000,420.0000000000002,5.047,0.258,0.20808546913522996,5.218659364637147,3.7362062600178674,5.464388124,2.2092956100761056,4.270406834344703,1310.6650186176585,1.2421760877396661,166.01762530157797,2016.9304656929696,26.28339566808008,302.6875408,
2000,420.0000000000002,4.813,0.375,0.2253682057796798,4.745959897054048,3.7317158730460123,5.464388124,2.2092956100761056,4.267839852895969,1310.6650186176585,1.2421760877396661,166.01762530157797,2016.9304656929696,17.244573914230827,318.76758388171515,
2000,420.0000000000002,4.563,0.5,0.2471943727649021,4.265729165957682,3.7256306964430532,5.464388124,2.2092956100761056,4.264358725706743,1310.6650186176585,1.2421760877396661,166.01762530157797,2016.9304656929696,12.261633716595982,339.27926625777627,
2000,420.0000000000002,4.313,0.625,0.2733036224483571,3.811108008831895,3.717604192405798,5.464388124,2.2092956100761056,4.259762678707099,1310.6650186176585,1.2421760877396661,166.01762530157797,2016.9304656929696,9.271869598,364.0294185381881,
2000,420.0000000000002,4.063,0.75,0.30478196140607106,3.382096425676694,3.706942979209603,5.464388124,2.2092956100761056,4.2536502953231485,1310.6650186176585,1.2421760877396661,166.01762530157797,2016.9304656929696,7.278693518961131,394.08798488269593,
2000,420.0000000000002,4.897,0.864,0.2188457608646174,4.913065440360978,3.733444186466782,5.464388124,2.2092956100761056,4.268828045900421,1310.6650186176585,1.2421760877396661,166.01762530157797,2016.9304656929696,7.615251234538795,312.67954456120054,
2000,420.0000000000002,3.826,0.337,0.3408939952904194,2.999040096190449,3.693373759624139,5.464388124,2.2092956100761056,4.245857940304648,1310.6650186176585,1.2421760877396661,166.01762530157797,2016.9304656929696,15.253971793407368,428.7741330570893,
2100,420.0000000000002,4.026,0.237,0.3245570499429938,3.1626459960930218,3.699764177969583,5.737607529740677,2.263854334390053,4.354471983908561,1310.6650186176585,1.2421760877396661,166.01762530157797,2016.9304656929696,22.824080936747425,415.2539468840631,
2100,420.0000000000002,5.047,0.258,0.21710965663769546,4.9701517758449025,3.7339969895936633,5.737607529740677,2.263854334390053,4.374570912205308,1310.6650186176585,1.2421760877396661,166.01762530157797,2016.9304656929696,26.28339566808008,313.41027331408964,
2100,420.0000000000002,4.813,0.375,0.23536021859095466,4.5199618067181415,3.7290825953365148,5.737607529740677,2.263854334390053,4.3716912306598585,1310.6650186176585,1.2421760877396661,166.01762530157797,2016.9304656929696,17.244573914230827,330.44562924871127,
2100,420.0000000000002,4.563,0.5,0.25838927991706884,4.062599205673982,3.7224154755595187,5.737607529740677,2.263854334390053,4.367781471682443,1310.6650186176585,1.2421760877396661,166.01762530157797,2016.9304656929696,12.261633716595982,352.1430545420171,
2100,420.0000000000002,4.313,0.625,0.2859166071571613,3.6296266750779957,3.7135481349384527,5.737607529740677,2.263854334390053,4.362576021171268,1310.6650186176585,1.2421760877396661,166.01762530157797,2016.9304656929696,9.271869598,378.28689949419055,
2100,420.0000000000002,4.063,0.75,0.3190827681469433,3.2210442149301852,3.7018163698055204,5.737607529740677,2.263854334390053,4.355679489654934,1310.6650186176585,1.2421760877396661,166.01762530157797,2016.9304656929696,7.278693518961131,410.0019106985138,
2100,420.0000000000002,5.189,0.719,0.207346537,5.253761856463033,3.736494645416058,5.737607529740677,2.263854334390053,4.376033734220458,1310.6650186176585,1.2421760877396661,166.01762530157797,2016.9304656929696,9.696670863119015,304.3731951835631,
2100,420.0000000000002,4.897,0.864,0.2284743534283618,4.679109943200932,3.730974711618749,5.737607529740677,2.263854334390053,4.372800176218592,1310.6650186176585,1.2421760877396661,166.01762530157797,2016.9304656929696,7.615251234538795,323.99900151627287,
2100,420.0000000000002,3.826,0.337,0.35710989235220675,2.856228663038523,3.686891455332256,5.737607529740677,2.263854334390053,4.346890047603206,1310.6650186176585,1.2421760877396661,166.01762530157797,2016.9304656929696,15.253971793407368,446.5632514191456,
2200,420.0000000000002,4.026,0.237,0.3391561797417515,3.018889359906975,3.694203879349351,6.0108269359188045,2.3171287840712926,4.453593784597267,1310.6650186176585,1.2421760877396661,166.01762530157797,2016.9304656929696,22.824080936747425,431.40798892098564,
2200,420.0000000000002,5.047,0.258,0.22615343421434717,4.744235786,3.7316971318382657,6.0108269359188045,2.3171287840712926,4.476136960350004,1310.6650186176585,1.2421760877396661,166.01762530157797,2016.9304656929696,26.28339566808008,324.1067680917807,
2200,420.0000000000002,4.813,0.375,0.24537214814442282,4.314508997321862,3.726338548068106,6.0108269359188045,2.3171287840712926,4.472922019415534,1310.6650186176585,1.2421760877396661,166.01762530157797,2016.9304656929696,17.244573914230827,342.0968608151161,
2200,420.0000000000002,4.563,0.5,0.2696045098217838,3.877935605416074,3.718959606961982,6.0108269359188045,2.3171287840712926,4.468491157409384,1310.6650186176585,1.2421760877396661,166.01762530157797,2016.9304656929696,12.261633716595982,364.9767348596214,
2200,420.0000000000002,4.313,0.625,0.29855039325919963,3.4646436443926323,3.709301517402391,6.0108269359188045,2.3171287840712926,4.462685079,1310.6650186176585,1.2421760877396661,166.01762530157797,2016.9304656929696,9.271869598,392.5151023,
2200,420.0000000000002,4.063,0.75,0.3334049459680114,3.074633114,3.696451182460429,6.0108269359188045,2.3171287840712926,4.454948210858328,1310.6650186176585,1.2421760877396661,166.01762530157797,2016.9304656929696,7.278693518961131,425.8848796845293,
2200,420.0000000000002,5.189,0.719,0.21586558710986858,5.014954499351076,3.7344183600850376,6.0108269359188045,2.3171287840712926,4.477768707264261,1310.6650186176585,1.2421760877396661,166.01762530157797,2016.9304656929696,9.696670863119015,314.5517219520467,
2200,420.0000000000002,4.897,0.864,0.23812274006984036,4.466423128,3.7284023064363097,6.0108269359188045,2.3171287840712926,4.474160467341974,1310.6650186176585,1.2421760877396661,166.01762530157797,2016.9304656929696,7.615251234538795,335.29187212424523,
2200,420.0000000000002,3.826,0.337,0.3733478068905313,2.7264000874458625,3.680110896011752,6.0108269359188045,2.3171287840712926,4.445090681,1310.6650186176585,1.2421760877396661,166.01762530157797,2016.9304656929696,15.253971793407368,464.3192182990931,
2300,420.0000000000002,4.026,0.237,0.35377555521089427,2.8876333007805846,3.688398288668918,6.284046342096932,2.369205596103214,4.550107482872884,1310.6650186176585,1.2421760877396661,166.01762530157797,2016.9304656929696,22.824080936747425,447.53212425175275,
2300,420.0000000000002,5.047,0.258,0.2352156261276366,4.537964664901867,3.7293061957858504,6.284046342096932,2.369205596103214,4.575270452915004,1310.6650186176585,1.2421760877396661,166.01762530157797,2016.9304656929696,26.28339566808008,334.77854921503297,
2300,420.0000000000002,4.813,0.375,0.25540281118789954,4.126921649612216,3.723483095,6.284046342096932,2.369205596103214,4.571697044606997,1310.6650186176585,1.2421760877396661,166.01762530157797,2016.9304656929696,17.244573914230827,353.7227692284566,
2300,420.0000000000002,4.563,0.5,0.28083886988704304,3.709329709528418,3.7154020046449134,6.284046342096932,2.369205596103214,4.566733363488577,1310.6650186176585,1.2421760877396661,166.01762530157797,2016.9304656929696,12.261633716595982,377.7850198843674,
2300,420.0000000000002,4.313,0.625,0.3112037771518679,3.314006964201648,3.704865326445817,6.284046342096932,2.369205596103214,4.560253262086053,1310.6650186176585,1.2421760877396661,166.01762530157797,2016.9304656929696,9.271869598,406.71544054076975,
2300,420.0000000000002,4.063,0.75,0.34774727816165246,2.9409534136319078,3.6908489039720402,6.284046342096932,2.369205596103214,4.551618804404547,1310.6650186176585,1.2421760877396661,166.01762530157797,2016.9304656929696,7.278693518961131,441.7382497992651,
2300,420.0000000000002,5.501,0.562,0.20383735664173544,5.391104998493066,3.737572332180527,6.284046342096932,2.369205596103214,4.580338268962603,1310.6650186176585,1.2421760877396661,166.01762530157797,2016.9304656929696,13.151436838588445,305.7372093419135,
2300,420.0000000000002,5.189,0.719,0.22440287861523067,4.796912999,3.7322610857527625,6.284046342096932,2.369205596103214,4.577082685955569,1310.6650186176585,1.2421760877396661,166.01762530157797,2016.9304656929696,9.696670863119015,324.7058247034141,
2300,420.0000000000002,4.897,0.864,0.24778974035862866,4.272230817705198,3.725726387602733,6.284046342096932,2.369205596103214,4.573073995700321,1310.6650186176585,1.2421760877396661,166.01762530157797,2016.9304656929696,7.615251234538795,346.5596598974015,
2300,420.0000000000002,3.826,0.337,0.389606507,2.6078609532090855,3.6730343329008712,6.284046342096932,2.369205596103214,4.540620898668995,1310.6650186176585,1.2421760877396661,166.01762530157797,2016.9304656929696,15.253971793407368,482.0433252877843,
2400,420.0000000000002,4.026,0.237,0.3684140837311749,2.7673152465813935,3.6823490224137494,6.557265748,2.420162083671642,4.644157368034424,1310.6650186176585,1.2421760877396661,166.01762530157797,2016.9304656929696,22.824080936747425,463.6275344441504,
2400,420.0000000000002,5.047,0.258,0.24429518003202044,4.348882803864289,3.7268236924187703,6.557265748,2.420162083671642,4.672118792086138,1310.6650186176585,1.2421760877396661,166.01762530157797,2016.9304656929696,26.28339566808008,345.4269630842769,
2400,420.0000000000002,4.813,0.375,0.2654511483571927,3.954966580878373,3.7205156241347845,6.557265748,2.420162083671642,4.668163074220481,1310.6650186176585,1.2421760877396661,166.01762530157797,2016.9304656929696,17.244573914230827,365.3246684935218,
2400,420.0000000000002,4.563,0.5,0.29209129202528983,3.554774304964734,3.71169375,6.557265748,2.420162083671642,4.662625348683698,1310.6650186176585,1.2421760877396661,166.01762530157797,2016.9304656929696,12.261633716595982,390.56803410524384,
2400,420.0000000000002,4.313,0.625,0.32387568046374104,3.1759233406932457,3.7002405683010196,6.557265748,2.420162083671642,4.655426054027872,1310.6650186176585,1.2421760877396661,166.01762530157797,2016.9304656929696,9.271869598,420.88915789066533,
2400,420.0000000000002,4.063,0.75,0.3621086741163917,2.8184136880639112,3.6850110518207635,6.557265748,2.420162083671642,4.645835732834262,1310.6650186176585,1.2421760877396661,166.01762530157797,2016.9304656929696,7.278693518961131,457.5632115503291,
2400,420.0000000000002,5.761,0.432,0.19632754732701965,5.666394995120806,3.739393217562027,6.557265748,2.420162083671642,4.6799910294088365,1310.6650186176585,1.2421760877396661,166.01762530157797,2016.9304656929696,17.917689345386158,301.1306742306447,
2400,420.0000000000002,5.501,0.562,0.2113776637328667,5.166475623555855,3.7357672452368944,6.557265748,2.420162083671642,4.677721458830808,1310.6650186176585,1.2421760877396661,166.01762530157797,2016.9304656929696,13.151436838588445,314.8677781040317,
2400,420.0000000000002,5.189,0.719,0.2329573629381952,4.597041624405152,3.730047445575643,6.557265748,2.420162083671642,4.674139078421066,1310.6650186176585,1.2421760877396661,166.01762530157797,2016.9304656929696,9.696670863119015,334.8374941095934,
2400,420.0000000000002,4.897,0.864,0.2574742975660505,4.094221200300814,3.722946386080311,6.557265748,2.420162083671642,4.669687774223612,1310.6650186176585,1.2421760877396661,166.01762530157797,2016.9304656929696,7.615251234538795,357.80369127727346,
2400,420.0000000000002,3.826,0.337,0.4058848891653542,2.499200080158707,3.6656640620875627,6.557265748,2.420162083671642,4.633623934662285,1310.6650186176585,1.2421760877396661,166.01762530157797,2016.9304656929696,15.253971793407368,499.73669983675904,
1000,440.0000000000002,2.9,0.3,0.28254374647518443,3.6291353554509627,3.8393162117936384,2.7178795431256986,1.5222865657658249,2.982794654371366,1310.6646874983244,1.248718691967535,166.89200636108617,2016.960621650403,13.606549421308443,346.62668534725685,
1100,440.0000000000002,2.9,0.3,0.30942780654620294,3.299213959500875,3.829777341,2.989667497438268,1.5965876196257505,3.1244927404713994,1310.6646874983244,1.248718691967535,166.89200636108617,2016.960621650403,13.606549421308443,375.81758455828725,
1200,440.0000000000002,2.9,0.3,0.3363665739478092,3.024279462875802,3.8193711013303604,3.261455451750838,1.667581382114028,3.2589895405168914,1310.6646874983244,1.248718691967535,166.89200636108617,2016.960621650403,13.606549421308443,404.9247355161857,
1300,440.0000000000002,2.9,0.3,0.36335435213193124,2.7916425811161254,3.8081076176690556,3.533243406063408,1.7356737322447562,3.3870584981272556,1310.6646874983244,1.248718691967535,166.89200636108617,2016.960621650403,13.606549421308443,433.9550190611949,
1400,440.0000000000002,2.9,0.3,0.3903864838029209,2.5922395396078306,3.795997408141663,3.8050313603759776,1.8011937551622685,3.5093233509150017,1310.6646874983244,1.248718691967535,166.89200636108617,2016.960621650403,13.606549421308443,462.91384084903547,
1400,440.0000000000002,3.826,0.337,0.2328394741831301,4.511999743031197,3.8554388153628887,3.8050313603759776,1.8011937551622685,3.5366928161678577,1310.6646874983244,1.248718691967535,166.89200636108617,2016.960621650403,15.980351402617245,310.8149057327116,
1500,440.0000000000002,2.9,0.3,0.41745909892629024,2.419423570300642,3.7830513621300295,4.076819314688548,1.8644126642100092,3.6262952667993824,1310.6646874983244,1.248718691967535,166.89200636108617,2016.960621650403,13.606549421308443,491.8055088681741,
1500,440.0000000000002,4.026,0.237,0.22655656865020868,4.662978924823582,3.8573264217914356,4.076819314688548,1.8644126642100092,3.661720912086204,1310.6646874983244,1.248718691967535,166.89200636108617,2016.960621650403,23.910941933735394,307.6135677996193,
1500,440.0000000000002,4.063,0.75,0.22295102941504716,4.7490807724604425,3.858326832661471,4.076819314688548,1.8644126642100092,3.6621957212566265,1310.6646874983244,1.248718691967535,166.89200636108617,2016.960621650403,7.625297972244995,304.2009558188861,
1500,440.0000000000002,3.826,0.337,0.24805165723324746,4.211199760162451,3.8510846255871227,4.076819314688548,1.8644126642100092,3.6587570756401036,1310.6646874983244,1.248718691967535,166.89200636108617,2016.960621650403,15.980351402617245,328.04990862477774,
1600,440.0000000000002,4.026,0.237,0.2402490993613644,4.3715427420221085,3.8535126630947993,4.348607269001118,1.9255571197182844,3.7799390867601006,1310.6646874983244,1.248718691967535,166.89200636108617,2016.960621650403,23.910941933735394,323.2689165765844,
1600,440.0000000000002,4.063,0.75,0.23638123288536125,4.452263224181665,3.8546409084141375,4.348607269001118,1.9255571197182844,3.7804923983542333,1310.6646874983244,1.248718691967535,166.89200636108617,2016.960621650403,7.625297972244995,319.59711858185835,
1600,440.0000000000002,3.826,0.337,0.2632964349536147,3.9479997751522977,3.846465201186273,4.348607269001118,1.9255571197182844,3.7764810512190605,1310.6646874983244,1.248718691967535,166.89200636108617,2016.960621650403,15.980351402617245,345.23772933501243,
1700,440.0000000000002,4.026,0.237,0.25397100496868996,4.114393168961984,3.8494851469211477,4.620395223313688,1.9848188481896494,3.8942353928306606,1310.6646874983244,1.248718691967535,166.89200636108617,2016.960621650403,23.910941933735394,338.8819278235794,
1700,440.0000000000002,4.313,0.625,0.22486795690802336,4.721904132,3.8580166903578395,4.620395223313688,1.9848188481896494,3.898548365756126,1310.6646874983244,1.248718691967535,166.89200636108617,2016.960621650403,9.713387197920548,311.3005783619974,
1700,440.0000000000002,4.063,0.75,0.24984071218359483,4.190365387465096,3.8507493685986187,4.620395223313688,1.9848188481896494,3.894874799461707,1310.6646874983244,1.248718691967535,166.89200636108617,2016.960621650403,7.625297972244995,334.95114856025276,
1700,440.0000000000002,3.826,0.337,0.27857117377841173,3.7157644942609855,3.841414368896533,4.620395223313688,1.9848188481896494,3.89015095,1310.6646874983244,1.248718691967535,166.89200636108617,2016.960621650403,15.980351402617245,362.3785085127535,
1800,440.0000000000002,4.026,0.237,0.2677200406988932,3.8858157706863192,3.8452403539797286,4.892183177626257,2.0423617453722533,4.004925235,1310.6646874983244,1.248718691967535,166.89200636108617,2016.960621650403,23.910941933735394,354.45555900505036,
1800,440.0000000000002,4.563,0.5,0.2147660224726352,4.991552036771601,3.8608839799832473,4.892183177626257,2.0423617453722533,4.013063602782288,1310.6646874983244,1.248718691967535,166.89200636108617,2016.960621650403,12.845521036433883,304.35149978138907,
1800,440.0000000000002,4.313,0.625,0.23675404592353824,4.459576124911005,3.854740236169844,4.892183177626257,2.0423617453722533,4.009869379521297,1310.6646874983244,1.248718691967535,166.89200636108617,2016.960621650403,9.713387197920548,325.03651877560753,
1800,440.0000000000002,4.063,0.75,0.2633272254970704,3.957567310383703,3.8466487241698517,4.892183177626257,2.0423617453722533,4.005658596308328,1310.6646874983244,1.248718691967535,166.89200636108617,2016.960621650403,7.625297972244995,350.2660168637374,
1800,440.0000000000002,3.826,0.337,0.29387361141574886,3.5093331334687097,3.8361579380709667,4.892183177626257,2.0423617453722533,4.000192643841848,1310.6646874983244,1.248718691967535,166.89200636108617,2016.960621650403,15.980351402617245,379.47960632410377,
1900,440.0000000000002,4.026,0.237,0.2814942611402663,3.6812991511765123,3.8405971370593424,5.163971131938827,2.098327223716813,4.1121845033921165,1310.6646874983244,1.248718691967535,166.89200636108617,2016.960621650403,23.910941933735394,369.9885020266783,
1900,440.0000000000002,4.563,0.5,0.22533150747239017,4.728838771678358,3.8580963128205417,5.163971131938827,2.098327223716813,4.121542170200981,1310.6646874983244,1.248718691967535,166.89200636108617,2016.960621650403,12.845521036433883,316.72449686991035,
1900,440.0000000000002,4.313,0.625,0.24866465686933298,4.224861592020951,3.8513018843687146,5.163971131938827,2.098327223716813,4.117911381708847,1310.6646874983244,1.248718691967535,166.89200636108617,2016.960621650403,9.713387197920548,338.7371729172901,
1900,440.0000000000002,4.063,0.75,0.27683883012406807,3.7492742940477175,3.8421876777176887,5.163971131938827,2.098327223716813,4.113035923024949,1310.6646874983244,1.248718691967535,166.89200636108617,2016.960621650403,7.625297972244995,365.54106810285714,
1900,440.0000000000002,3.826,0.337,0.3092017864183336,3.324631389601935,3.830613074300725,5.163971131938827,2.098327223716813,4.106835982830312,1310.6646874983244,1.248718691967535,166.89200636108617,2016.960621650403,15.980351402617245,396.54185787216954,
2000,440.0000000000002,4.026,0.237,0.29529196639210226,3.4972341936176865,3.835821049,5.435759086251397,2.152838307124392,4.2163881254669136,1310.6646874983244,1.248718691967535,166.89200636108617,2016.960621650403,23.910941933735394,385.48849099556173,
2000,440.0000000000002,4.813,0.375,0.2153066387558291,4.998145541368938,3.8609486212346136,5.435759086251397,2.152838307124392,4.2301758716060505,1310.6646874983244,1.248718691967535,166.89200636108617,2016.960621650403,18.065744100622773,309.75436835247325,
2000,440.0000000000002,4.563,0.5,0.2359193665747947,4.492396833094441,3.8551803279158334,5.435759086251397,2.152838307124392,4.227014729330163,1310.6646874983244,1.248718691967535,166.89200636108617,2016.960621650403,12.845521036433883,329.0654154303213,
2000,440.0000000000002,4.313,0.625,0.26059810753481716,4.013618512419904,3.8476985810460875,5.435759086251397,2.152838307124392,4.222911054493747,1310.6646874983244,1.248718691967535,166.89200636108617,2016.960621650403,9.713387197920548,352.40476078134793,
2000,440.0000000000002,4.063,0.75,0.2903738286567338,3.5618105793453316,3.8375801247967956,5.435759086251397,2.152838307124392,4.217354815012273,1310.6646874983244,1.248718691967535,166.89200636108617,2016.960621650403,7.625297972244995,380.78296280718547,
2000,440.0000000000002,4.897,0.864,0.20915079990679664,5.174130556905207,3.862588331536567,5.435759086251397,2.152838307124392,4.231074035159918,1310.6646874983244,1.248718691967535,166.89200636108617,2016.960621650403,7.977882245707311,304.0293326619229,
2000,440.0000000000002,3.826,0.337,0.3245539841347091,3.1583998201218377,3.824781631816187,5.435759086251397,2.152838307124392,4.210316413,1310.6646874983244,1.248718691967535,166.89200636108617,2016.960621650403,15.980351402617245,413.56740122505863,
2100,440.0000000000002,4.026,0.237,0.3091116601206449,3.330699232016845,3.830809803474285,5.707547040563966,2.2060028140175456,4.3176889996872765,1310.6646874983244,1.248718691967535,166.89200636108617,2016.960621650403,23.910941933735394,400.9552674811643,
2100,440.0000000000002,5.047,0.258,0.2075485200641203,5.234250284,3.8631129399719604,5.707547040563966,2.2060028140175456,4.335855145809624,1310.6646874983244,1.248718691967535,166.89200636108617,2016.960621650403,27.53498593798866,304.9185088472941,
2100,440.0000000000002,4.813,0.375,0.22477361123044723,4.760138610827561,3.8584515813144695,5.707547040563966,2.2060028140175456,4.333238463781008,1310.6646874983244,1.248718691967535,166.89200636108617,2016.960621650403,18.065744100622773,320.9389176507681,
2100,440.0000000000002,4.563,0.5,0.2465281315881417,4.278473174375659,3.852135230277115,5.707547040563966,2.2060028140175456,4.329690218421407,1310.6646874983244,1.248718691967535,166.89200636108617,2016.960621650403,12.845521036433883,341.3762675722063,
2100,440.0000000000002,4.313,0.625,0.2725529179309259,3.8224938213522903,3.843807933956411,5.707547040563966,2.2060028140175456,4.3250078646759835,1310.6646874983244,1.248718691967535,166.89200636108617,2016.960621650403,9.713387197920548,366.0385028219493,
2100,440.0000000000002,4.063,0.75,0.30393072706456986,3.3922005517574596,3.832745393338371,5.707547040563966,2.2060028140175456,4.318779659376889,1310.6646874983244,1.248718691967535,166.89200636108617,2016.960621650403,7.625297972244995,395.99190456079725,
2100,440.0000000000002,4.897,0.864,0.21827281230225637,4.9277433875287695,3.860245658515973,5.707547040563966,2.2060028140175456,4.334245766929426,1310.6646874983244,1.248718691967535,166.89200636108617,2016.960621650403,7.977882245707311,314.87328903596085,
2100,440.0000000000002,3.826,0.337,0.33992869460224073,3.007999828687465,3.8186655082000023,5.707547040563966,2.2060028140175456,4.3108396759246554,1310.6646874983244,1.248718691967535,166.89200636108617,2016.960621650403,15.980351402617245,430.55807882082786,
2200,440.0000000000002,4.026,0.237,0.322952016,3.179303812379715,3.825564766803322,5.979334994876536,2.257915865191713,4.416269159907384,1310.6646874983244,1.248718691967535,166.89200636108617,2016.960621650403,23.910941933735394,416.3904840822556,
2200,440.0000000000002,5.047,0.258,0.21611575675274414,4.996329816,3.860930844461368,5.979334994876536,2.257915865191713,4.436635669730828,1310.6646874983244,1.248718691967535,166.89200636108617,2016.960621650403,27.53498593798866,315.1686520166563,
2200,440.0000000000002,4.813,0.375,0.23425981416951097,4.543768673971762,3.855850958793464,5.979334994876536,2.257915865191713,4.433716034413821,1310.6646874983244,1.248718691967535,166.89200636108617,2016.960621650403,18.065744100622773,332.09590457801716,
2200,440.0000000000002,4.563,0.5,0.2571565027388271,4.083997120994946,3.848960244724806,5.979334994876536,2.257915865191713,4.4297525602713685,1310.6646874983244,1.248718691967535,166.89200636108617,2016.960621650403,12.845521036433883,353.6588075837361,
2200,440.0000000000002,4.313,0.625,0.2845277773405921,3.6487441021999127,3.8398040915266596,5.979334994876536,2.257915865191713,4.424480533,1310.6646874983244,1.248718691967535,166.89200636108617,2016.960621650403,9.713387197920548,379.64393568534683,
2200,440.0000000000002,4.063,0.75,0.3175082016053982,3.2380096175866653,3.8276847663742175,5.979334994876536,2.257915865191713,4.417492664482478,1310.6646874983244,1.248718691967535,166.89200636108617,2016.960621650403,7.625297972244995,411.16955508183656,
2200,440.0000000000002,5.189,0.719,0.20641036133385013,5.281433685661467,3.863512868165072,5.979334994876536,2.257915865191713,4.438118936892286,1310.6646874983244,1.248718691967535,166.89200636108617,2016.960621650403,10.15841709469611,306.19011629760394,
2200,440.0000000000002,4.897,0.864,0.2274139416633023,4.703755051732006,3.857806716764305,5.979334994876536,2.257915865191713,4.434840323,1310.6646874983244,1.248718691967535,166.89200636108617,2016.960621650403,7.977882245707311,325.68988347494894,
2200,440.0000000000002,3.826,0.337,0.3553245792997846,2.8712725637471253,3.812266644312077,5.979334994876536,2.257915865191713,4.408586736893388,1310.6646874983244,1.248718691967535,166.89200636108617,2016.960621650403,15.980351402617245,447.51548784679085,
2300,440.0000000000002,4.026,0.237,0.33681185349115306,3.0410732118414674,3.8200873340866965,6.2511229491891065,2.3086618836710477,4.5122897415137215,1310.6646874983244,1.248718691967535,166.89200636108617,2016.960621650403,23.910941933735394,431.7955853746725,
2300,440.0000000000002,5.047,0.258,0.22470077966400276,4.7790980852678615,3.858663558182324,6.2511229491891065,2.3086618836710477,4.535015643618365,1310.6646874983244,1.248718691967535,166.89200636108617,2016.960621650403,27.53498593798866,325.3933488091506,
2300,440.0000000000002,4.813,0.375,0.24376409863715073,4.3462135142338605,3.853146174739047,6.2511229491891065,2.3086618836710477,4.531772244629523,1310.6646874983244,1.248718691967535,166.89200636108617,2016.960621650403,18.065744100622773,343.22690771983173,
2300,440.0000000000002,4.563,0.5,0.2678033224490416,3.9064320287777754,3.845652696473097,6.2511229491891065,2.3086618836710477,4.5273634755578085,1310.6646874983244,1.248718691967535,166.89200636108617,2016.960621650403,12.845521036433883,365.9145277628692,
2300,440.0000000000002,4.313,0.625,0.2965215179981287,3.490103054278178,3.8356208641363128,6.2511229491891065,2.3086618836710477,4.521454542410552,1310.6646874983244,1.248718691967535,166.89200636108617,2016.960621650403,9.713387197920548,393.2210913951542,
2300,440.0000000000002,4.063,0.75,0.331105072,3.0972265907350716,3.8223995538810946,6.2511229491891065,2.3086618836710477,4.513655132726352,1310.6646874983244,1.248718691967535,166.89200636108617,2016.960621650403,7.625297972244995,426.31736761793707,
2300,440.0000000000002,5.189,0.719,0.21449715487006987,5.0518061341109695,3.861465810674593,6.2511229491891065,2.3086618836710477,4.536662062420665,1310.6646874983244,1.248718691967535,166.89200636108617,2016.960621650403,10.15841709469611,315.9231121293907,
2300,440.0000000000002,4.897,0.864,0.2365730416649807,4.499243962526268,3.8552709822542464,6.2511229491891065,2.3086618836710477,4.533021589471403,1310.6646874983244,1.248718691967535,166.89200636108617,2016.960621650403,7.977882245707311,336.4807062126354,
2300,440.0000000000002,3.826,0.337,0.3707404445772931,2.746434626192903,3.805587024132152,6.2511229491891065,2.3086618836710477,4.503717711378785,1310.6646874983244,1.248718691967535,166.89200636108617,2016.960621650403,15.980351402617245,464.44102030237394,
2400,440.0000000000002,4.026,0.237,0.35069011199940475,2.914361828014739,3.814378929193798,6.522910903501676,2.3583162069465287,4.605894149,1310.6646874983244,1.248718691967535,166.89200636108617,2016.960621650403,23.910941933735394,447.1718403040708,
2400,440.0000000000002,5.047,0.258,0.23330256680911665,4.579968998,3.8563876610671852,6.522910903501676,2.3583162069465287,4.631187644355132,1310.6646874983244,1.248718691967535,166.89200636108617,2016.960621650403,27.53498593798866,335.5958730470483,
2400,440.0000000000002,4.813,0.375,0.2532854361503781,4.1651212844741154,3.850336661052809,6.522910903501676,2.3583162069465287,4.627552854450618,1310.6646874983244,1.248718691967535,166.89200636108617,2016.960621650403,18.065744100622773,354.3333210557555,
2400,440.0000000000002,4.563,0.5,0.278467554,3.7436640275787005,3.842059638412361,6.522910903501676,2.3583162069465287,4.622576280996689,1310.6646874983244,1.248718691967535,166.89200636108617,2016.960621650403,12.845521036433883,378.1411149546338,
2400,440.0000000000002,4.313,0.625,0.30853309383355204,3.3446820936832533,3.8312591380585177,6.522910903501676,2.3583162069465287,4.616074394250219,1310.6646874983244,1.248718691967535,166.89200636108617,2016.960621650403,9.713387197920548,406.7712960346187,
2400,440.0000000000002,4.063,0.75,0.3447202820161253,2.9681754827877764,3.8168910925653563,6.522910903501676,2.3583162069465287,4.607410628153935,1310.6646874983244,1.248718691967535,166.89200636108617,2016.960621650403,7.625297972244995,441.43661936624835,
2400,440.0000000000002,5.501,0.562,0.202248923,5.441006174219034,3.8647934058368656,6.522910903501676,2.3583162069465287,4.6362321827584205,1310.6646874983244,1.248718691967535,166.89200636108617,2016.960621650403,13.777695735664084,306.87822801341144,
2400,440.0000000000002,5.189,0.719,0.22260055610744983,4.841314211856345,3.859342606,6.522910903501676,2.3583162069465287,4.632961620887373,1310.6646874983244,1.248718691967535,166.89200636108617,2016.960621650403,10.15841709469611,325.6323546046483,
2400,440.0000000000002,4.897,0.864,0.2457490862628908,4.311775464087673,3.852637934662576,6.522910903501676,2.3583162069465287,4.628935548,1310.6646874983244,1.248718691967535,166.89200636108617,2016.960621650403,7.977882245707311,347.2471625172359,
2400,440.0000000000002,3.826,0.337,0.3861752201888642,2.631999850101532,3.7986286737824053,6.522910903501676,2.3583162069465287,4.596375030132702,1310.6646874983244,1.248718691967535,166.89200636108617,2016.960621650403,15.980351402617245,481.3358951868442,
1000,460.0000000000003,2.9,0.3,0.2696105239630194,3.8128683765938405,3.969122540213748,2.7044987761259547,1.4851560585638577,2.9588254451101483,1310.6644574730071,1.2548970676599907,167.71772056401005,2016.9890117429286,14.225028940458829,334.4150061874442,
1100,460.0000000000003,2.9,0.3,0.2951703147302781,3.466243978721673,3.9601005708344497,2.9749486537385503,1.5576448151352817,3.099713405525565,1310.6644574730071,1.2548970676599907,167.71772056401005,2016.9890117429286,14.225028940458829,362.33125020047834,
1200,460.0000000000003,2.9,0.3,0.3207828811686801,3.1773903138282007,3.9502550115400465,3.2453985313511455,1.626906949381777,3.233517983237551,1310.6644574730071,1.2548970676599907,167.71772056401005,2016.9890117429286,14.225028940458829,390.16288074223246,
1300,460.0000000000003,2.9,0.3,0.3464426911514291,2.9329756743029542,3.9395948092988897,3.515848408963741,1.693338440411607,3.361007995952347,1310.6644574730071,1.2548970676599907,167.71772056401005,2016.9890117429286,14.225028940458829,417.9172060735124,
1400,460.0000000000003,2.9,0.3,0.3721452234480758,2.7234774118527434,3.928129258118914,3.7862982865763364,1.7572603465635097,3.482803675802413,1310.6644574730071,1.2548970676599907,167.71772056401005,2016.9890117429286,14.225028940458829,445.5999909647343,
1400,460.0000000000003,3.826,0.337,0.22259688097914226,4.740429730614286,3.9843663095144413,3.7862982865763364,1.7572603465635097,3.5076458530151746,1310.6644574730071,1.2548970676599907,167.71772056401005,2016.9890117429286,16.70673101182712,301.39859599969475,
1500,460.0000000000003,2.9,0.3,0.3978867224287923,2.541912251062561,3.9158679927717888,4.056748164188932,1.8189372659422312,3.599413508641067,1310.6644574730071,1.2548970676599907,167.71772056401005,2016.9890117429286,14.225028940458829,473.2158499143014,
1500,460.0000000000003,3.826,0.337,0.23705264184151947,4.424401081906667,3.980228775169116,4.056748164188932,1.8189372659422312,3.628872740167477,1310.6644574730071,1.2548970676599907,167.71772056401005,2016.9890117429286,16.70673101182712,317.9134655522463,
1600,460.0000000000003,4.026,0.237,0.22968941091490722,4.592861782614116,3.9825763512584693,4.327198041801528,1.8785903303440836,3.748988755636344,1310.6644574730071,1.2548970676599907,167.71772056401005,2016.9890117429286,24.99780293072337,313.5966509052453,
1600,460.0000000000003,4.063,0.75,0.22602380812086373,4.677668918095382,3.9836078661417513,4.327198041801528,1.8785903303440836,3.7494742312413543,1310.6644574730071,1.2548970676599907,167.71772056401005,2016.9890117429286,7.971902426,310.1244021928956,
1600,460.0000000000003,3.826,0.337,0.25153990856388203,4.147876014287499,3.975842063806311,4.327198041801528,1.8785903303440836,3.7458177618603408,1310.6644574730071,1.2548970676599907,167.71772056401005,2016.9890117429286,16.70673101182712,334.3801114136642,
1700,460.0000000000003,4.026,0.237,0.24272805973964187,4.322693442460344,3.9787096352398104,4.597647919414124,1.9364065898181577,3.8624927277720276,1310.6644574730071,1.2548970676599907,167.71772056401005,2016.9890117429286,24.99780293072337,328.5601275366478,
1700,460.0000000000003,4.313,0.625,0.2151506106114492,4.960960994787643,3.9868174823687395,4.597647919414124,1.9364065898181577,3.866426234539636,1310.6644574730071,1.2548970676599907,167.71772056401005,2016.9890117429286,10.15490479782603,302.48919303320906,
1700,460.0000000000003,4.063,0.75,0.2388127510523486,4.402511923,3.9799103259218653,4.597647919414124,1.9364065898181577,3.863075493243592,1310.6644574730071,1.2548970676599907,167.71772056401005,2016.9890117429286,7.971902426,324.84206592945947,
1700,460.0000000000003,3.826,0.337,0.26605612115491095,3.9038833075647053,3.971208614,4.597647919414124,1.9364065898181577,3.858850050831726,1310.6644574730071,1.2548970676599907,167.71772056401005,2016.9890117429286,16.70673101182712,350.8022776807878,
1800,460.0000000000003,4.026,0.237,0.2557929277386807,4.082543806768102,3.9746794808687187,4.868097797026719,1.9925459424866672,3.972458786532008,1310.6644574730071,1.2548970676599907,167.71772056401005,2016.9890117429286,24.99780293072337,343.4841585052932,
1800,460.0000000000003,4.313,0.625,0.2264428489115001,4.685352050632774,3.9837022751846938,4.868097797026719,1.9925459424866672,3.9769651071616763,1310.6644574730071,1.2548970676599907,167.71772056401005,2016.9890117429286,10.15490479782603,315.6635151213678,
1800,460.0000000000003,4.063,0.75,0.2516278239129261,4.157927927195894,3.9760162739673395,4.868097797026719,1.9925459424866672,3.9731267534821324,1310.6644574730071,1.2548970676599907,167.71772056401005,2016.9890117429286,7.971902426,339.5197110478525,
1800,460.0000000000003,3.826,0.337,0.28059908100345854,3.6870009015888883,3.9661357343390975,4.868097797026719,1.9925459424866672,3.968187003175751,1310.6644574730071,1.2548970676599907,167.71772056401005,2016.9890117429286,16.70673101182712,367.1792271678746,
1900,460.0000000000003,4.026,0.237,0.2688821239784737,3.867673080096098,3.9703338280393203,5.138547674639314,2.0471463515706376,4.079081698462646,1310.6644574730071,1.2548970676599907,167.71772056401005,2016.9890117429286,24.99780293072337,358.3684016456763,
1900,460.0000000000003,4.563,0.5,0.21565721863606277,4.968246715698148,3.986893211617325,5.138547674639314,2.0471463515706376,4.087579320694095,1310.6644574730071,1.2548970676599907,167.71772056401005,2016.9890117429286,13.42940835627179,308.0078309439758,
1900,460.0000000000003,4.313,0.625,0.2377587999963089,4.438754574283681,3.9804351510583413,5.138547674639314,2.0471463515706376,4.0842674018626415,1310.6644574730071,1.2548970676599907,167.71772056401005,2016.9890117429286,10.15490479782603,328.80169821828116,
1900,460.0000000000003,4.063,0.75,0.2644671382855316,3.9390896152382164,3.9719287382002957,5.138547674639314,2.0471463515706376,4.079900913660706,1310.6644574730071,1.2548970676599907,167.71772056401005,2016.9890117429286,7.971902426,354.1601244329442,
1900,460.0000000000003,3.826,0.337,0.2951668822853873,3.492948222557895,3.9608911323367018,5.138547674639314,2.0471463515706376,4.074228144851031,1310.6644574730071,1.2548970676599907,167.71772056401005,2016.9890117429286,16.70673101182712,383.51879615058954,
2000,460.0000000000003,4.026,0.237,0.28199399648510803,3.674289426091293,3.9658171162986897,5.408997552251909,2.100327840261578,4.182668353827195,1310.6644574730071,1.2548970676599907,167.71772056401005,2016.9890117429286,24.99780293072337,373.21805234827633,
2000,460.0000000000003,4.813,0.375,0.20620222542256283,5.2511877375075295,3.989606909408346,5.408997552251909,2.100327840261578,4.195194906692223,1310.6644574730071,1.2548970676599907,167.71772056401005,2016.9890117429286,18.886914287014715,301.62702082603596,
2000,460.0000000000003,4.563,0.5,0.2257149122953495,4.71983438,3.9841205942523934,5.408997552251909,2.100327840261578,4.192309399,1310.6644574730071,1.2548970676599907,167.71772056401005,2016.9890117429286,13.42940835627179,319.84905622780616,
2000,460.0000000000003,4.313,0.625,0.24909682831894245,4.216816845569498,3.977012941026635,5.408997552251909,2.100327840261578,4.188568199542405,1310.6644574730071,1.2548970676599907,167.71772056401005,2016.9890117429286,10.15490479782603,341.90608073023964,
2000,460.0000000000003,4.063,0.75,0.27732904451110674,3.7421351344763054,3.967480748672191,5.408997552251909,2.100327840261578,4.183545561812045,1310.6644574730071,1.2548970676599907,167.71772056401005,2016.9890117429286,7.971902426,368.7621294018584,
2000,460.0000000000003,3.826,0.337,0.30975785932929023,3.318300811,3.955374434544046,5.408997552251909,2.100327840261578,4.177157879661094,1310.6644574730071,1.2548970676599907,167.71772056401005,2016.9890117429286,16.70673101182712,399.82126509614955,
2100,460.0000000000003,4.026,0.237,0.29512709139473964,3.4993232629440882,3.9610772249995847,5.6794474298645055,2.1521955971534648,4.283397642759598,1310.6644574730071,1.2548970676599907,167.71772056401005,2016.9890117429286,24.99780293072337,388.0340537277727,
2100,460.0000000000003,4.813,0.375,0.2151937257944053,5.001131179,3.987231124242301,5.6794474298645055,2.1521955971534648,4.297515423132485,1310.6644574730071,1.2548970676599907,167.71772056401005,2016.9890117429286,18.886914287014715,312.36509972127806,
2100,460.0000000000003,4.563,0.5,0.2357928230908837,4.495080361822134,3.9812268209689874,5.6794474298645055,2.1521955971534648,4.294278426488205,1310.6644574730071,1.2548970676599907,167.71772056401005,2016.9890117429286,13.42940835627179,331.6594809002977,
2100,460.0000000000003,4.313,0.625,0.2604554951931793,4.016016043399521,3.9734391059221115,5.6794474298645055,2.1521955971534648,4.290076331,1310.6644574730071,1.2548970676599907,167.71772056401005,2016.9890117429286,10.15490479782603,354.9788190252272,
2100,460.0000000000003,4.063,0.75,0.2902120908646049,3.563938223310767,3.9629080990034007,5.6794474298645055,2.1521955971534648,4.284387456254704,1310.6644574730071,1.2548970676599907,167.71772056401005,2016.9890117429286,7.971902426,383.33258806935385,
2100,460.0000000000003,4.897,0.864,0.20904200501932824,5.1772213185868114,3.988937948887626,5.6794474298645055,2.1521955971534648,4.298435149151343,1310.6644574730071,1.2548970676599907,167.71772056401005,2016.9890117429286,8.340513256875825,306.6450449447866,
2100,460.0000000000003,3.826,0.337,0.32437054561559464,3.160286487,3.9495873181717234,5.6794474298645055,2.1521955971534648,4.277180699866326,1310.6644574730071,1.2548970676599907,167.71772056401005,2016.9890117429286,16.70673101182712,416.08858891838884,
2200,460.0000000000003,4.026,0.237,0.30828012070865357,3.340263114628448,3.9561153612184965,5.949897307477101,2.202842422924448,4.381450456685029,1310.6644574730071,1.2548970676599907,167.71772056401005,2016.9890117429286,24.99780293072337,402.81815556561276,
2200,460.0000000000003,5.047,0.258,0.20703398507451798,5.249280087454817,3.9895899911669863,5.949897307477101,2.202842422924448,4.399948208744556,1310.6644574730071,1.2548970676599907,167.71772056401005,2016.9890117429286,28.786576207897237,307.1116709956109,
2200,460.0000000000003,4.813,0.375,0.2242038306963816,4.7738070340977545,3.9847581132417162,5.949897307477101,2.202842422924448,4.397282965739075,1310.6644574730071,1.2548970676599907,167.71772056401005,2016.9890117429286,18.886914287014715,323.07489102632644,
2200,460.0000000000003,4.563,0.5,0.2458896872650747,4.290758527193854,3.9782089797095677,5.949897307477101,2.202842422924448,4.393667911,1310.6644574730071,1.2548970676599907,167.71772056401005,2016.9890117429286,13.42940835627179,343.4409037,
2200,460.0000000000003,4.313,0.625,0.27183352669936767,3.8334698596086336,3.9695839028333655,5.949897307477101,2.202842422924448,4.388902414169297,1310.6644574730071,1.2548970676599907,167.71772056401005,2016.9890117429286,10.15490479782603,368.0188649578408,
2200,460.0000000000003,4.063,0.75,0.30311499133130254,3.4019410313420955,3.9581210065147503,5.949897307477101,2.202842422924448,4.382560955394597,1310.6644574730071,1.2548970676599907,167.71772056401005,2016.9890117429286,7.971902426,397.8713902085123,
2200,460.0000000000003,4.897,0.864,0.21772377657540037,4.941893076832865,3.9866177816092527,5.949897307477101,2.202842422924448,4.398308941962179,1310.6644574730071,1.2548970676599907,167.71772056401005,2016.9890117429286,8.340513256875825,317.0307544452577,
2200,460.0000000000003,3.826,0.337,0.3390036414058814,3.0166371012999997,3.9435314982051026,5.949897307477101,2.202842422924448,4.374476508523489,1310.6644574730071,1.2548970676599907,167.71772056401005,2016.9890117429286,16.70673101182712,432.3224661104106,
2300,460.0000000000003,4.026,0.237,0.32145193653152754,3.1950342835576455,3.950932758084114,6.220347185089696,2.252350681413653,4.476986949767315,1310.6644574730071,1.2548970676599907,167.71772056401005,2016.9890117429286,24.99780293072337,417.57189036534646,
2300,460.0000000000003,5.047,0.258,0.2151869176842806,5.021050518435042,3.987432757460925,6.220347185089696,2.252350681413653,4.4976193365307955,1310.6644574730071,1.2548970676599907,167.71772056401005,2016.9890117429286,28.786576207897237,316.9319387572982,
2300,460.0000000000003,4.813,0.375,0.23323142282545423,4.566250206528286,3.982187355765391,6.220347185089696,2.252350681413653,4.494660091159321,1310.6644574730071,1.2548970676599907,167.71772056401005,2016.9890117429286,18.886914287014715,333.7580539704395,
2300,460.0000000000003,4.563,0.5,0.25600437949001026,4.104203808620208,3.9750708411595475,6.220347185089696,2.252350681413653,4.4906421212985475,1310.6644574730071,1.2548970676599907,167.71772056401005,2016.9890117429286,13.42940835627179,355.1950443215783,
2300,460.0000000000003,4.313,0.625,0.28322978804916815,3.666797257016954,3.9656277866545175,6.220347185089696,2.252350681413653,4.4853050349683325,1310.6644574730071,1.2548970676599907,167.71772056401005,2016.9890117429286,10.15490479782603,381.03170288081463,
2300,460.0000000000003,4.063,0.75,0.31603659986288485,3.254030551718526,3.9531206290519023,6.220347185089696,2.252350681413653,4.478226367737018,1310.6644574730071,1.2548970676599907,167.71772056401005,2016.9890117429286,7.971902426,412.3800763457232,
2300,460.0000000000003,5.189,0.719,0.20553547847372386,5.307565016692792,3.990099151705753,6.220347185089696,2.252350681413653,4.499122863095552,1310.6644574730071,1.2548970676599907,167.71772056401005,2016.9890117429286,10.620163326273207,308.0081699651743,
2300,460.0000000000003,4.897,0.864,0.22642293238841552,4.727028160448827,3.9842067678931743,6.220347185089696,2.252350681413653,4.495799593,1310.6644574730071,1.2548970676599907,167.71772056401005,2016.9890117429286,8.340513256875825,327.3900237412497,
2300,460.0000000000003,3.826,0.337,0.35365598787568475,2.885478966460869,3.9372087274344763,6.220347185089696,2.252350681413653,4.469204514640293,1310.6644574730071,1.2548970676599907,167.71772056401005,2016.9890117429286,16.70673101182712,448.5243804271258,
2400,460.0000000000003,4.026,0.237,0.33464151026390726,3.0619078550760777,3.9455306738362887,6.490797062702291,2.300793872534747,4.570149679606785,1310.6644574730071,1.2548970676599907,167.71772056401005,2016.9890117429286,24.99780293072337,432.2966070226905,
2400,460.0000000000003,5.047,0.258,0.22335606930523522,4.811840080166916,3.9851951492022524,6.490797062702291,2.300793872534747,4.593064123324078,1310.6644574730071,1.2548970676599907,167.71772056401005,2016.9890117429286,28.786576207897237,326.7275484905738,
2400,460.0000000000003,4.813,0.375,0.24227550215527457,4.375989781256275,3.979518332249953,6.490797062702291,2.300793872534747,4.589791601481892,1310.6644574730071,1.2548970676599907,167.71772056401005,2016.9890117429286,18.886914287014715,344.4160558337313,
2400,460.0000000000003,4.563,0.5,0.26613589224413203,3.933195316594367,3.9718094732386784,6.490797062702291,2.300793872534747,4.585343926543465,1310.6644574730071,1.2548970676599907,167.71772056401005,2016.9890117429286,13.42940835627179,366.9232852074265,
2400,460.0000000000003,4.313,0.625,0.29464326288501025,3.5140140379745812,3.961502260970778,6.490797062702291,2.300793872534747,4.579390366116143,1310.6644574730071,1.2548970676599907,167.71772056401005,2016.9890117429286,10.15490479782603,394.0172379937759,
2400,460.0000000000003,4.063,0.75,0.3289758895849973,3.118445945396921,3.9479081479724596,6.490797062702291,2.300793872534747,4.5715263988936155,1310.6644574730071,1.2548970676599907,167.71772056401005,2016.9890117429286,7.971902426,426.8600030243333,
2400,460.0000000000003,5.189,0.719,0.21323042916397875,5.086416474330593,3.9880787314907034,6.490797062702291,2.300793872534747,4.594725532977482,1310.6644574730071,1.2548970676599907,167.71772056401005,2016.9890117429286,10.620163326273207,317.3358963695563,
2400,460.0000000000003,4.897,0.864,0.23513847469648916,4.530068654,3.981704437910893,6.490797062702291,2.300793872534747,4.591052104758598,1310.6644574730071,1.2548970676599907,167.71772056401005,2016.9890117429286,8.340513256875825,337.72433038076315,
2400,460.0000000000003,3.826,0.337,0.36832654621776195,2.7652506761916666,3.9306207963755644,6.490797062702291,2.300793872534747,4.561506372323937,1310.6644574730071,1.2548970676599907,167.71772056401005,2016.9890117429286,16.70673101182712,464.6956344041174,
1000,480.0000000000002,2.9,0.3,0.2578434104559033,3.9971965968420204,4.098367213861641,2.691947241132875,1.4505083840640256,2.9364707397941348,1310.664323,1.2607483093490082,168.49972505743128,2017.0158304713448,14.843508459609211,323.3246001560198,
1100,480.0000000000002,2.9,0.3,0.2821979118050737,3.633815088,4.089735514161316,2.961141965246162,1.5213060275513386,3.0765515568377304,1310.664323,1.2607483093490082,168.49972505743128,2017.0158304713448,14.843508459609211,350.07966638998283,
1200,480.0000000000002,2.9,0.3,0.30660342625966774,3.3309971640350176,4.080397341527838,3.2303366893594494,1.5889523236044678,3.2096826480903795,1310.664323,1.2607483093490082,168.49972505743128,2017.0158304713448,14.843508459609211,376.7502444705158,
1300,480.0000000000002,2.9,0.3,0.3310545734166688,3.0747666129554005,4.070283352948784,3.499531413472737,1.6538340134100642,3.336600737,1310.664323,1.2607483093490082,168.49972505743128,2017.0158304713448,14.843508459609211,403.3429261,
1400,480.0000000000002,2.9,0.3,0.3555469575104809,2.8551404263157294,4.059401783249546,3.7687261375860244,1.716264665235535,3.4579226976102335,1310.664323,1.2607483093490082,168.49972505743128,2017.0158304713448,14.843508459609211,429.86380624456876,
1500,480.0000000000002,2.9,0.3,0.3800769283283147,2.6647977312280138,4.047761172029899,4.037920861699312,1.7765027042929167,3.574154427368398,1310.664323,1.2607483093490082,168.49972505743128,2017.0158304713448,14.843508459609211,456.31606703221144,
1500,480.0000000000002,3.826,0.337,0.2270498360104912,4.6382930646717595,4.108708856148453,4.037920861699312,1.7765027042929167,3.6009621543568953,1310.664323,1.2607483093490082,168.49972505743128,2017.0158304713448,17.433110621036995,308.71857010552867,
1600,480.0000000000002,2.9,0.3,0.4046414123416736,2.4982478730262625,4.035370345622521,4.307115586,1.8347641035250417,3.6857165592077212,1310.664323,1.2607483093490082,168.49972505743128,2017.0158304713448,14.843508459609211,482.7075285287991,
1600,480.0000000000002,4.026,0.237,0.22008717804175978,4.8148977813997424,4.111010224159053,4.307115586,1.8347641035250417,3.7200991337004856,1310.664323,1.2607483093490082,168.49972505743128,2017.0158304713448,26.08466392771134,304.8263668876103,
1600,480.0000000000002,4.063,0.75,0.21660575692967704,4.903804808826812,4.112032263859502,4.307115586,1.8347641035250417,3.720561532541238,1310.664323,1.2607483093490082,168.49972505743128,2017.0158304713448,8.318506878812723,301.53741702090235,
1600,480.0000000000002,3.826,0.337,0.24084783285147077,4.348399748129774,4.104633983443203,4.307115586,1.8347641035250417,3.7172130484042603,1310.664323,1.2607483093490082,168.49972505743128,2017.0158304713448,17.433110621036995,324.5311326267003,
1700,480.0000000000002,4.026,0.237,0.2325041591175674,4.531668500140934,4.1073625576270745,4.576310309925887,1.891231549231361,3.8328888382486186,1310.664323,1.2607483093490082,168.49972505743128,2017.0158304713448,26.08466392771134,319.2006277585869,
1700,480.0000000000002,4.063,0.75,0.22878461365053135,4.615345702425235,4.108477470886162,4.576310309925887,1.891231549231361,3.8334090076485943,1310.664323,1.2607483093490082,168.49972505743128,2017.0158304713448,8.318506878812723,315.6758701168362,
1700,480.0000000000002,3.826,0.337,0.2546738472271021,4.0926115276515524,4.1002240109311625,4.576310309925887,1.891231549231361,3.829556632448231,1310.664323,1.2607483093490082,168.49972505743128,2017.0158304713448,17.433110621036995,340.29653756172945,
1800,480.0000000000002,4.026,0.237,0.24494652599188305,4.279909139021994,4.103527220575391,4.845505034039174,1.9460612092203204,3.9421682449451314,1310.664323,1.2607483093490082,168.49972505743128,2017.0158304713448,26.08466392771134,333.53392401537513,
1800,480.0000000000002,4.313,0.625,0.21706787809372455,4.911859372530108,4.112122261151423,4.845505034039174,1.9460612092203204,3.946294618465352,1310.664323,1.2607483093490082,168.49972505743128,2017.0158304713448,10.596422397731505,307.1698690348364,
1800,480.0000000000002,4.063,0.75,0.24098877302618749,4.358937607846055,4.104799844536294,4.845505034039174,1.9460612092203204,3.942779488466296,1310.664323,1.2607483093490082,168.49972505743128,2017.0158304713448,8.318506878812723,329.77461094208275,
1800,480.0000000000002,3.826,0.337,0.2685257393805297,3.865244221,4.095458205025595,4.845505034039174,1.9460612092203204,3.938290474950035,1310.664323,1.2607483093490082,168.49972505743128,2017.0158304713448,17.433110621036995,356.0174824014835,
1900,480.0000000000002,4.026,0.237,0.25741243809672343,4.054650763283993,4.099500393,5.1146997581524625,1.9993878281254138,4.048205122365347,1310.664323,1.2607483093490082,168.49972505743128,2017.0158304713448,26.08466392771134,347.8290306382237,
1900,480.0000000000002,4.563,0.5,0.20686267534529762,5.208430216518757,4.115165051,5.1146997581524625,1.9993878281254138,4.055932074473624,1310.664323,1.2607483093490082,168.49972505743128,2017.0158304713448,14.01329567610969,300.11344001304076,
1900,480.0000000000002,4.313,0.625,0.22784281688167476,4.653340458186417,4.1090086929217975,5.1146997581524625,1.9993878281254138,4.052897066709115,1310.664323,1.2607483093490082,168.49972505743128,2017.0158304713448,10.596422397731505,319.7966815,
1900,480.0000000000002,4.063,0.75,0.25321639683310077,4.129519839012052,4.100909231574388,5.1146997581524625,1.9993878281254138,4.048900667831225,1310.664323,1.2607483093490082,168.49972505743128,2017.0158304713448,8.318506878812723,343.8348096976074,
1900,480.0000000000002,3.826,0.337,0.2824016548712206,3.6618103142145464,4.090485208354558,5.1146997581524625,1.9993878281254138,4.043751481774531,1310.664323,1.2607483093490082,168.49972505743128,2017.0158304713448,17.433110621036995,371.69950082754514,
2000,480.0000000000002,4.026,0.237,0.26990028774809144,3.851918225119794,4.095156112098609,5.383894482,2.051328629079227,4.1511695530799075,1310.664323,1.2607483093490082,168.49972505743128,2017.0158304713448,26.08466392771134,362.08583432365515,
2000,480.0000000000002,4.563,0.5,0.2164380711056503,4.9480087056928195,4.112521051308069,5.383894482,2.051328629079227,4.159961470916292,1310.664323,1.2607483093490082,168.49972505743128,2017.0158304713448,14.01329567610969,311.5004945266837,
2000,480.0000000000002,4.313,0.625,0.2386391351414759,4.420673435277096,4.105748825564903,5.383894482,2.051328629079227,4.156534885933938,1310.664323,1.2607483093490082,168.49972505743128,2017.0158304713448,10.596422397731505,332.3889562,
2000,480.0000000000002,4.063,0.75,0.2654658795438667,3.9230438470614497,4.096833198985784,5.383894482,2.051328629079227,4.1520194790908365,1310.664323,1.2607483093490082,168.49972505743128,2017.0158304713448,8.318506878812723,357.8594370266657,
2000,480.0000000000002,3.826,0.337,0.29629997325415197,3.4787197985038194,4.085253296088612,5.383894482,2.051328629079227,4.146147382,1310.664323,1.2607483093490082,168.49972505743128,2017.0158304713448,17.433110621036995,387.3439765065949,
2100,480.0000000000002,4.026,0.237,0.28240866031293166,3.668493547733137,4.090661678346861,5.653089206379037,2.1019863466978244,4.251348153850129,1310.664323,1.2607483093490082,168.49972505743128,2017.0158304713448,26.08466392771134,376.30974630334447,
2100,480.0000000000002,4.813,0.375,0.20648604324307696,5.2429044364843955,4.115487389916824,5.653089206379037,2.1019863466978244,4.264229089014208,1310.664323,1.2607483093490082,168.49972505743128,2017.0158304713448,19.70808447340666,304.60317087827445,
2100,480.0000000000002,4.563,0.5,0.22603305324067527,4.712389243516971,4.109762991746158,5.653089206379037,2.1019863466978244,4.261262412524107,1310.664323,1.2607483093490082,168.49972505743128,2017.0158304713448,14.01329567610969,322.8560209406455,
2100,480.0000000000002,4.313,0.625,0.24945543238003348,4.210165176454377,4.102346592399606,5.653089206379037,2.1019863466978244,4.257415780205293,1310.664323,1.2607483093490082,168.49972505743128,2017.0158304713448,10.596422397731505,344.9489538862063,
2100,480.0000000000002,4.063,0.75,0.27773580851800267,3.7362322352966184,4.092397822718638,5.653089206379037,2.1019863466978244,4.2522502293291735,1310.664323,1.2607483093490082,168.49972505743128,2017.0158304713448,8.318506878812723,371.84699635040124,
2100,480.0000000000002,3.826,0.337,0.3102192681057853,3.313066474765542,4.079763954450818,5.653089206379037,2.1019863466978244,4.245681476971925,1310.664323,1.2607483093490082,168.49972505743128,2017.0158304713448,17.433110621036995,402.9529679264879,
2200,480.0000000000002,4.026,0.237,0.29493630276923194,3.501743841017994,4.085956027465252,5.922283930492324,2.1514516166830404,4.3488900523203755,1310.664323,1.2607483093490082,168.49972505743128,2017.0158304713448,26.08466392771134,390.50137569330366,
2200,480.0000000000002,4.813,0.375,0.21506306712098422,5.004590598462377,4.113128868987264,5.922283930492324,2.1514516166830404,4.363326806,1310.664323,1.2607483093490082,168.49972505743128,2017.0158304713448,19.70808447340666,314.9065684417483,
2200,480.0000000000002,4.563,0.5,0.23564639131217022,4.498189732448017,4.106887822910499,5.922283930492324,2.1514516166830404,4.360015207654786,1310.664323,1.2607483093490082,168.49972505743128,2017.0158304713448,14.01329567610969,334.18190122435124,
2200,480.0000000000002,4.313,0.625,0.26029046869184275,4.018794032070087,4.098798678577978,5.922283930492324,2.1514516166830404,4.355719232481593,1310.664323,1.2607483093490082,168.49972505743128,2017.0158304713448,10.596422397731505,357.4785140416464,
2200,480.0000000000002,4.063,0.75,0.2900249325818462,3.566403497,4.087858198025552,5.922283930492324,2.1514516166830404,4.349902222792045,1310.664323,1.2607483093490082,168.49972505743128,2017.0158304713448,8.318506878812723,385.80452186708976,
2200,480.0000000000002,4.897,0.864,0.20891611174020222,5.1808025448599695,4.114902331738004,5.922283930492324,2.1514516166830404,4.364267375070132,1310.664323,1.2607483093490082,168.49972505743128,2017.0158304713448,8.703144268044339,309.1921957811652,
2200,480.0000000000002,3.826,0.337,0.3241582754670224,3.162472544094381,4.074018703597119,5.922283930492324,2.1514516166830404,4.342532656208471,1310.664323,1.2607483093490082,168.49972505743128,2017.0158304713448,17.433110621036995,418.52826682545725,
2300,480.0000000000002,4.026,0.237,0.3074820985895656,3.3494941087998207,4.0810402520782105,6.1914786546056115,2.199804881381999,4.443954467916991,1310.664323,1.2607483093490082,168.49972505743128,2017.0158304713448,26.08466392771134,404.6623359677262,
2300,480.0000000000002,5.047,0.258,0.20654021067446893,5.263786751220012,4.115679741243978,6.1914786546056115,2.199804881381999,4.462774552118867,1310.664323,1.2607483093490082,168.49972505743128,2017.0158304713448,30.038166477805806,309.27462913793875,
2300,480.0000000000002,4.813,0.375,0.22365703391019884,4.786999702877057,4.110678321019135,6.1914786546056115,2.199804881381999,4.460062120956388,1310.664323,1.2607483093490082,168.49972505743128,2017.0158304713448,19.70808447340666,325.1827002622255,
2300,480.0000000000002,4.563,0.5,0.2452769898172329,4.302616265819843,4.1038997703750635,6.1914786546056115,2.199804881381999,4.45638326,1310.664323,1.2607483093490082,168.49972505743128,2017.0158304713448,14.01329567610969,345.4799375356686,
2300,480.0000000000002,4.313,0.625,0.27114313976036336,3.8440638567626926,4.094976601,6.1914786546056115,2.199804881381999,4.451535833300636,1310.664323,1.2607483093490082,168.49972505743128,2017.0158304713448,10.596422397731505,369.97651016981536,
2300,480.0000000000002,4.063,0.75,0.30233213692870253,3.411342475705608,4.083115576038026,6.1914786546056115,2.199804881381999,4.445084262334381,1310.664323,1.2607483093490082,168.49972505743128,2017.0158304713448,8.318506878812723,399.731607,
2300,480.0000000000002,5.189,0.719,0.19739156457298504,5.564152424583453,4.1182241919072755,6.1914786546056115,2.199804881381999,4.464153857102184,1310.664323,1.2607483093490082,168.49972505743128,2017.0158304713448,11.081909557850302,300.8488043855176,
2300,480.0000000000002,4.897,0.864,0.21719688979623844,4.955550260300841,4.112603205902297,6.1914786546056115,2.199804881381999,4.461106243202678,1310.664323,1.2607483093490082,168.49972505743128,2017.0158304713448,8.703144268044339,319.1592914033245,
2300,480.0000000000002,3.826,0.337,0.3381158686284959,3.0249737378294084,4.068019096612133,6.1914786546056115,2.199804881381999,4.436859260661219,1310.664323,1.2607483093490082,168.49972505743128,2017.0158304713448,17.433110621036995,434.07144136423517,
2400,480.0000000000002,4.026,0.237,0.3200450474564434,3.2099318542664954,4.075915467552764,6.460673378718899,2.2471179260056813,4.53668315,1310.664323,1.2607483093490082,168.49972505743128,2017.0158304713448,26.08466392771134,418.7940496179331,
2400,480.0000000000002,5.047,0.258,0.214315843,5.044462303252512,4.113545587082449,6.460673378718899,2.2471179260056813,4.557577071288207,1310.664323,1.2607483093490082,168.49972505743128,2017.0158304713448,30.038166477805806,318.7021838397382,
2400,480.0000000000002,4.813,0.375,0.23226696991285478,4.587541381923847,4.1081926350466045,6.460673378718899,2.2471179260056813,4.554610721104975,1310.664323,1.2607483093490082,168.49972505743128,2017.0158304713448,19.70808447340666,335.43437625800277,
2400,480.0000000000002,4.563,0.5,0.254923868,4.123340588,4.100795743074734,6.460673378718899,2.2471179260056813,4.550508534934372,1310.664323,1.2607483093490082,168.49972505743128,2017.0158304713448,14.01329567610969,356.7515805650336,
2400,480.0000000000002,4.313,0.625,0.2820124566730384,3.6838945293975804,4.091064732139769,6.460673378718899,2.2471179260056813,4.545106248212918,1310.664323,1.2607483093490082,168.49972505743128,2017.0158304713448,10.596422397731505,382.4483427261759,
2400,480.0000000000002,4.063,0.75,0.3146564228482405,3.2692032058845415,4.078171003943399,6.460673378718899,2.2471179260056813,4.5379382349812145,1310.664323,1.2607483093490082,168.49972505743128,2017.0158304713448,8.318506878812723,413.6296813518194,
2400,480.0000000000002,5.189,0.719,0.20471501400738043,5.3323127402258095,4.1162960346742645,6.460673378718899,2.2471179260056813,4.559100487271705,1310.664323,1.2607483093490082,168.49972505743128,2017.0158304713448,11.081909557850302,309.82995500325546,
2400,480.0000000000002,4.897,0.864,0.22549354324506057,4.749068999454972,4.110218112,6.460673378718899,2.2471179260056813,4.555733370562977,1310.664323,1.2607483093490082,168.49972505743128,2017.0158304713448,8.703144268044339,329.1008337461056,
2400,480.0000000000002,3.826,0.337,0.3520910377628125,2.898933165,4.061766719629969,6.460673378718899,2.2471179260056813,4.528802198322799,1310.664323,1.2607483093490082,168.49972505743128,2017.0158304713448,17.433110621036995,449.5838708722104,
1000,500.00000000000034,2.9,0.3,0.24709372996179893,4.182095643,4.226914300702774,2.6801362642004505,1.4180809324206287,2.9154979399390157,1310.6642744604474,1.2663042931365165,169.24227922990238,2017.0412450512263,15.461987978759597,313.20751845201943,
1100,500.00000000000034,2.9,0.3,0.2703467724030193,3.8019051300762734,4.218748887363022,2.9481498906204955,1.4872958293441343,3.0548451299701003,1310.6642744604474,1.2663042931365165,169.24227922990238,2017.0412450512263,15.461987978759597,338.90360283376504,
1200,500.00000000000034,2.9,0.3,0.29364921243379466,3.4850797025699167,4.209872775149849,3.2161635170405405,1.5534298301094749,3.1873233639164047,1310.6642744604474,1.2663042931365165,169.24227922990238,2017.0412450512263,15.461987978759597,364.51361526105717,
1300,500.00000000000034,2.9,0.3,0.3169958101977907,3.2169966485260777,4.200256463049829,3.4841771434605855,1.6168610299476724,3.313680240238149,1310.6642744604474,1.2663042931365165,169.24227922990238,2017.0412450512263,15.461987978759597,390.04511655710667,
1400,500.00000000000034,2.9,0.3,0.340382286,2.987211173631357,4.189907269823339,3.7521907698806305,1.677895987018547,3.4345294212924116,1310.6642744604474,1.2663042931365165,169.24227922990238,2017.0412450512263,15.461987978759597,415.5045074593291,
1500,500.00000000000034,2.9,0.3,0.36380508736168377,2.7880637620559336,4.1788327793876325,4.0202043963006755,1.7367873492003676,3.550374318166148,1310.6642744604474,1.2663042931365165,169.24227922990238,2017.0412450512263,15.461987978759597,440.8969440724725,
1500,500.00000000000034,3.826,0.337,0.21791592341867744,4.852847426227479,4.236883383489578,4.0202043963006755,1.7367873492003676,3.574949426219597,1310.6642744604474,1.2663042931365165,169.24227922990238,2017.0412450512263,18.15949023024687,300.3463830279028,
1600,500.00000000000034,2.9,0.3,0.38726122354407916,2.6138097769274373,4.167040839377969,4.288218022720721,1.793746261,3.661633622159514,1310.6642744604474,1.2663042931365165,169.24227922990238,2017.0412450512263,15.461987978759597,466.2266332110482,
1600,500.00000000000034,3.826,0.337,0.2310841890207627,4.549544462088261,4.232893649170491,4.288218022720721,1.793746261,3.690453073475343,1310.6642744604474,1.2663042931365165,169.24227922990238,2017.0412450512263,18.15949023024687,315.5584229485186,
1700,500.00000000000034,2.9,0.3,0.4107481468768869,2.460056260637588,4.154539555554797,4.556231649140766,1.8489513250817156,3.7686597326404625,1310.6642744604474,1.2663042931365165,169.24227922990238,2017.0412450512263,15.461987978759597,491.49704484251254,
1700,500.00000000000034,4.026,0.237,0.22316901457356736,4.741290709922262,4.235501331054201,4.556231649140766,1.8489513250817156,3.805203517,1310.6642744604474,1.2663042931365165,169.24227922990238,2017.0412450512263,27.17152492469932,310.6766901352448,
1700,500.00000000000034,4.063,0.75,0.21962845244725074,4.828838583693369,4.236593616047591,4.556231649140766,1.8489513250817156,3.805694143644299,1310.6642744604474,1.2663042931365165,169.24227922990238,2017.0412450512263,8.665111332096586,307.3297360624217,
1700,500.00000000000034,3.826,0.337,0.2442796195530425,4.281924199612481,4.228685436020604,4.556231649140766,1.8489513250817156,3.8021405608731165,1310.6642744604474,1.2663042931365165,169.24227922990238,2017.0412450512263,18.15949023024687,330.7242832186263,
1800,500.00000000000034,4.026,0.237,0.23504268015610563,4.477885670482137,4.231837284327491,4.824245275560811,1.9025552174932867,3.913828130151393,1310.6642744604474,1.2663042931365165,169.24227922990238,2017.0412450512263,27.17152492469932,324.47071497644504,
1800,500.00000000000034,4.063,0.75,0.23127450344441552,4.560569773488183,4.233051972,4.824245275560811,1.9025552174932867,3.9143897937142014,1310.6642744604474,1.2663042931365165,169.24227922990238,2017.0412450512263,8.665111332096586,320.89899559133426,
1800,500.00000000000034,3.826,0.337,0.25750012985618764,4.044039521856233,4.224254453083943,4.824245275560811,1.9025552174932867,3.9103200551988375,1310.6642744604474,1.2663042931365165,169.24227922990238,2017.0412450512263,18.15949023024687,345.84729946638697,
1900,500.00000000000034,4.026,0.237,0.2469391719629243,4.242207477298866,4.227995154273199,5.092258901980856,1.9546896706895507,4.019250351716809,1310.6642744604474,1.2663042931365165,169.24227922990238,2017.0412450512263,27.17152492469932,338.22591187434455,
1900,500.00000000000034,4.313,0.625,0.2187900555892675,4.868590869746653,4.237071187625076,5.092258901980856,1.9546896706895507,4.0235620045272205,1310.6642744604474,1.2663042931365165,169.24227922990238,2017.0412450512263,11.037939997636988,311.5988608036835,
1900,500.00000000000034,4.063,0.75,0.2429433051653748,4.320539785409856,4.2293391466400925,5.092258901980856,1.9546896706895507,4.019889119310075,1310.6642744604474,1.2663042931365165,169.24227922990238,2017.0412450512263,8.665111332096586,334.42959498297034,
1900,500.00000000000034,3.826,0.337,0.2707439131363144,3.8311953364953775,4.219461375365574,5.092258901980856,1.9546896706895507,4.015192078519529,1310.6642744604474,1.2663042931365165,169.24227922990238,2017.0412450512263,18.15949023024687,360.92772005251993,
2000,500.00000000000034,4.026,0.237,0.2588569233927465,4.030097103433923,4.223971121345315,5.360272528400901,2.005469287171938,4.121701017994319,1310.6642744604474,1.2663042931365165,169.24227922990238,2017.0412450512263,27.17152492469932,351.94476391351617,
2000,500.00000000000034,4.563,0.5,0.20797006693059936,5.176889639695896,4.240427193294927,5.360272528400901,2.005469287171938,4.129722033468945,1310.6642744604474,1.2663042931365165,169.24227922990238,2017.0412450512263,14.597182995947595,303.90395091071167,
2000,500.00000000000034,4.313,0.625,0.22909152067696958,4.625161326259321,4.233896235955888,5.360272528400901,2.005469287171938,4.1265405814406755,1310.6642744604474,1.2663042931365165,169.24227922990238,2017.0412450512263,11.037939997636988,323.7226004960923,
2000,500.00000000000034,4.063,0.75,0.25463329302401605,4.104512796139364,4.225451347173319,5.360272528400901,2.005469287171938,4.1224231481552325,1310.6642744604474,1.2663042931365165,169.24227922990238,2017.0412450512263,8.665111332096586,347.92402701047985,
2000,500.00000000000034,3.826,0.337,0.28400939086798305,3.639635569670609,4.2144887682464605,5.360272528400901,2.005469287171938,4.117072034692221,1310.6642744604474,1.2663042931365165,169.24227922990238,2017.0412450512263,18.15949023024687,375.97140830987087,
2100,500.00000000000034,4.026,0.237,0.2707945561883705,3.8381877175561168,4.219629084976219,5.628286154820946,2.054994504829494,4.221315412966674,1310.6642744604474,1.2663042931365165,169.24227922990238,2017.0412450512263,27.17152492469932,365.62675374471144,
2100,500.00000000000034,4.563,0.5,0.21712392653455106,4.930371085424663,4.237791733153695,5.628286154820946,2.054994504829494,4.230390611145038,1310.6642744604474,1.2663042931365165,169.24227922990238,2017.0412450512263,14.597182995947595,314.8444500423915,
2100,500.00000000000034,4.313,0.625,0.2394123588667657,4.404915549,4.230710597151793,5.628286154820946,2.054994504829494,4.226854748915317,1310.6642744604474,1.2663042931365165,169.24227922990238,2017.0412450512263,11.037939997636988,335.81586291312976,
2100,500.00000000000034,4.063,0.75,0.266343091,3.909059805847013,4.221387472389206,5.628286154820946,2.054994504829494,4.222194866422123,1310.6642744604474,1.2663042931365165,169.24227922990238,2017.0412450512263,8.665111332096586,361.3844917573686,
2100,500.00000000000034,3.826,0.337,0.2972951737767233,3.4663195901624846,4.209270638092733,5.628286154820946,2.054994504829494,4.216130936005976,1310.6642744604474,1.2663042931365165,169.24227922990238,2017.0412450512263,18.15949023024687,390.97926903120253,
2200,500.00000000000034,4.026,0.237,0.28275084974683684,3.663724639485385,4.215156717379931,5.896299781240991,2.103353933119415,4.318363743942805,1310.6642744604474,1.2663042931365165,169.24227922990238,2017.0412450512263,27.17152492469932,379.2774712673389,
2200,500.00000000000034,4.813,0.375,0.20672025975984756,5.236088851317351,4.241008174,5.896299781240991,2.103353933119415,4.331585713798397,1310.6642744604474,1.2663042931365165,169.24227922990238,2017.0412450512263,20.529254659798607,307.47672888571486,
2200,500.00000000000034,4.563,0.5,0.226295593,4.706263308814451,4.235047998,5.896299781240991,2.103353933119415,4.328540908,1310.6642744604474,1.2663042931365165,169.24227922990238,2017.0412450512263,14.597182995947595,325.7547388110983,
2200,500.00000000000034,4.313,0.625,0.24975136181202898,4.204692114781201,4.227325824995709,5.896299781240991,2.103353933119415,4.324592783932477,1310.6642744604474,1.2663042931365165,169.24227922990238,2017.0412450512263,11.037939997636988,347.87695265798425,
2200,500.00000000000034,4.063,0.75,0.2780714790926171,3.7313752692176037,4.216964666228589,5.896299781240991,2.103353933119415,4.319289752663702,1310.6642744604474,1.2663042931365165,169.24227922990238,2017.0412450512263,8.665111332096586,374.8091712258802,
2200,500.00000000000034,4.897,0.864,0.20087784015660712,5.420451865603644,4.242703729691936,5.896299781240991,2.103353933119415,4.332451512,1310.6642744604474,1.2663042931365165,169.24227922990238,2017.0412450512263,9.065775279212854,302.06390223614187,
2200,500.00000000000034,3.826,0.337,0.31060003103973943,3.3087596087914632,4.203808335959413,5.896299781240991,2.103353933119415,4.312546704220969,1310.6642744604474,1.2663042931365165,169.24227922990238,2017.0412450512263,18.15949023024687,405.9531803114913,
2300,500.00000000000034,4.026,0.237,0.2947247166040591,3.504432263855585,4.210483954251346,6.164313407661036,2.1506262160260228,4.412969682824723,1310.6642744604474,1.2663042931365165,169.24227922990238,2017.0412450512263,27.17152492469932,392.89721485441044,
2300,500.00000000000034,5.047,0.258,0.19864947158679633,5.5072746874126315,4.2434471816754025,6.164313407661036,2.1506262160260228,4.430210233641262,1310.6642744604474,1.2663042931365165,169.24227922990238,2017.0412450512263,31.28975674771439,302.31298397914605,
2300,500.00000000000034,4.813,0.375,0.21491816679146297,5.0084328143035535,4.238666229641758,6.164313407661036,2.1506262160260228,4.427713844389861,1310.6642744604474,1.2663042931365165,169.24227922990238,2017.0412450512263,20.529254659798607,317.3815656578842,
2300,500.00000000000034,4.563,0.5,0.23548399815801263,4.501643164952953,4.232192851053384,6.164313407661036,2.1506262160260228,4.424331504496999,1310.6642744604474,1.2663042931365165,169.24227922990238,2017.0412450512263,14.597182995947595,336.6365353058732,
2300,500.00000000000034,4.313,0.625,0.2601074534587745,4.021879414,4.2238027942104805,6.164313407661036,2.1506262160260228,4.419943849019985,1310.6642744604474,1.2663042931365165,169.24227922990238,2017.0412450512263,11.037939997636988,359.9088063541656,
2300,500.00000000000034,4.063,0.75,0.28981737257055373,3.5691415618603166,4.212456768675126,6.164313407661036,2.1506262160260228,4.4140034061192255,1310.6642744604474,1.2663042931365165,169.24227922990238,2017.0412450512263,8.665111332096586,388.20526152749244,
2300,500.00000000000034,4.897,0.864,0.2087764963691709,5.184780045360006,4.240505716544995,6.164313407661036,2.1506262160260228,4.428674504857268,1310.6642744604474,1.2663042931365165,169.24227922990238,2017.0412450512263,9.065775279212854,311.6732931861859,
2300,500.00000000000034,3.826,0.337,0.32392286567873146,3.164900495365747,4.198103242441037,6.164313407661036,2.1506262160260228,4.406476851003677,1310.6642744604474,1.2663042931365165,169.24227922990238,2017.0412450512263,18.15949023024687,420.8947884398895,
2400,500.00000000000034,4.026,0.237,0.3067151826371415,3.358414252861602,4.205611786773637,6.432327034081081,2.1968815339357524,4.505274208441278,1310.6642744604474,1.2663042931365165,169.24227922990238,2017.0412450512263,27.17152492469932,406.4874751615063,
2400,500.00000000000034,5.047,0.258,0.20606570257359189,5.277804908770438,4.2414065320434355,6.432327034081081,2.1968815339357524,4.524406199688183,1310.6642744604474,1.2663042931365165,169.24227922990238,2017.0412450512263,31.28975674771439,311.4048719908414,
2400,500.00000000000034,4.813,0.375,0.2231315668011089,4.7997481137075715,4.236236969,6.432327034081081,2.1968815339357524,4.521648112745923,1310.6642744604474,1.2663042931365165,169.24227922990238,2017.0412450512263,20.529254659798607,327.2601258698092,
2400,500.00000000000034,4.563,0.5,0.2446881865853542,4.3140746997465795,4.229230873025371,6.432327034081081,2.1968815339357524,4.517907504253803,1310.6642744604474,1.2663042931365165,169.24227922990238,2017.0412450512263,14.597182995947595,347.49151389943086,
2400,500.00000000000034,4.313,0.625,0.2704796703411082,3.8543011052161003,4.220012126734426,6.432327034081081,2.1968815339357524,4.512980821,1310.6642744604474,1.2663042931365165,169.24227922990238,2017.0412450512263,11.037939997636988,371.91019359922257,
2400,500.00000000000034,4.063,0.75,0.30157979843771376,3.4204273301161363,4.207756230782693,6.432327034081081,2.1968815339357524,4.506422683088055,1310.6642744604474,1.2663042931365165,169.24227922990238,2017.0412450512263,8.665111332096586,401.57208390894675,
2400,500.00000000000034,5.189,0.719,0.19694467567867474,5.578970495491116,4.243913975762625,6.432327034081081,2.1968815339357524,4.525743376120476,1310.6642744604474,1.2663042931365165,169.24227922990238,2017.0412450512263,11.543655789427397,303.00499025681563,
2400,500.00000000000034,4.897,0.864,0.2166905578918286,4.9687475434700055,4.2382265326025435,6.432327034081081,2.1968815339357524,4.522709792273599,1310.6642744604474,1.2663042931365165,169.24227922990238,2017.0412450512263,9.065775279212854,321.2565668136143,
2400,500.00000000000034,3.826,0.337,0.3372626946845553,3.033029641392174,4.192156766885234,6.432327034081081,2.1968815339357524,4.498061569814196,1310.6642744604474,1.2663042931365165,169.24227922990238,2017.0412450512263,18.15949023024687,435.8055437721602,
1000,520.0000000000003,2.9,0.3,0.2372368979955199,4.367542872030333,4.354939602545781,2.6689902482073546,1.387648305022262,2.8958127615357885,1310.6643089832544,1.271592494739597,169.94905481751326,2017.065399930773,16.080467497909982,303.9447085658552,
1100,520.0000000000003,2.9,0.3,0.2594796160554873,3.970493520027575,4.347277782257136,2.9358892730280903,1.455377820455662,3.0344811772071716,1310.6643089832544,1.271592494739597,169.94905481751326,2017.065399930773,16.080467497909982,328.67074684519747,
1200,520.0000000000003,2.9,0.3,0.28177024489361124,3.6396190600252774,4.338732976568919,3.2027882978488256,1.5200925570890045,3.1662958659822933,1310.6643089832544,1.271592494739597,169.94905481751326,2017.065399930773,16.080467497909982,353.30682512633257,
1300,520.0000000000003,2.9,0.3,0.3041036753035828,3.3596483631002556,4.3295725326970125,3.4696873226695613,1.582162496066856,3.2921043722036365,1310.6643089832544,1.271592494739597,169.94905481751326,2017.065399930773,16.080467497909982,377.8650133919655,
1400,520.0000000000003,2.9,0.3,0.3264757355563798,3.1196734800216666,4.319711259399376,3.7365863474902965,1.6418876166789307,3.4124852791506406,1310.6643089832544,1.271592494739597,169.94905481751326,2017.065399930773,16.080467497909982,402.3507117515896,
1500,520.0000000000003,2.9,0.3,0.34888296349651293,2.911695248020222,4.309155915154308,4.003485372311032,1.699515144871247,3.5279396157297103,1310.6643089832544,1.271592494739597,169.94905481751326,2017.065399930773,16.080467497909982,426.76931754968984,
1600,520.0000000000003,2.9,0.3,0.3713224456159608,2.7297142950189577,4.297913490444498,4.270384397131768,1.755251694056967,3.6388842034010485,1310.6643089832544,1.271592494739597,169.94905481751326,2017.065399930773,16.080467497909982,451.12524537152643,
1600,520.0000000000003,3.826,0.337,0.2221350315815655,4.751285523380849,4.360658014943089,4.270384397131768,1.755251694056967,3.6653496948058435,1310.6643089832544,1.271592494739597,169.94905481751326,2017.065399930773,18.88586983945675,307.35251795036845,
1700,520.0000000000003,2.9,0.3,0.39379170046122974,2.5691428659001954,4.285991205,4.537283421952504,1.809272033535302,3.7456699598606624,1310.6643089832544,1.271592494739597,169.94905481751326,2017.065399930773,16.080467497909982,475.4221460431402,
1700,520.0000000000003,4.026,0.237,0.21461348845074024,4.951534400842773,4.363150914,4.537283421952504,1.809272033535302,3.779235779766593,1310.6643089832544,1.271592494739597,169.94905481751326,2017.065399930773,28.258385921687285,302.88362145449753,
1700,520.0000000000003,3.826,0.337,0.23475219173986386,4.471798139652564,4.356632976565526,4.537283421952504,1.809272033535302,3.7764118996560585,1310.6643089832544,1.271592494739597,169.94905481751326,2017.065399930773,18.88586983945675,321.9688730351464,
1800,520.0000000000003,2.9,0.3,0.4162885922666307,2.426412706683518,4.273396493051652,4.804182446773239,1.8617255633352847,3.8485954025267826,1310.6643089832544,1.271592494739597,169.94905481751326,2017.065399930773,16.080467497909982,499.6630675754035,
1800,520.0000000000003,4.026,0.237,0.22596566153489894,4.676449156351508,4.3596474098764215,4.804182446773239,1.8617255633352847,3.887239915,1310.6643089832544,1.271592494739597,169.94905481751326,2017.065399930773,28.258385921687285,316.1835516757603,
1800,520.0000000000003,4.063,0.75,0.22237145428675442,4.7627997316453765,4.360809492907631,4.804182446773239,1.8617255633352847,3.8877579604874644,1310.6643089832544,1.271592494739597,169.94905481751326,2017.065399930773,9.011715785,312.7840575957454,
1800,520.0000000000003,3.826,0.337,0.2473936963003505,4.223364909671866,4.352397209690337,4.804182446773239,1.8617255633352847,3.8840062821803856,1310.6643089832544,1.271592494739597,169.94905481751326,2017.065399930773,18.88586983945675,336.54169564010886,
1900,520.0000000000003,4.026,0.237,0.2373399979579208,4.430320253385639,4.355972956977873,5.071081471593974,1.9127411887182224,3.992075970398697,1310.6643089832544,1.271592494739597,169.94905481751326,2017.065399930773,28.258385921687285,329.4439318619475,
1900,520.0000000000003,4.313,0.625,0.2104944345875451,5.0844794487564435,4.3646536471581845,5.071081471593974,1.9127411887182224,3.9960517442815178,1310.6643089832544,1.271592494739597,169.94905481751326,2017.065399930773,11.479457597542465,304.1070027278618,
1900,520.0000000000003,4.063,0.75,0.23352782502668312,4.512126061558777,4.357258082138921,5.071081471593974,1.9127411887182224,3.992664810020366,1310.6643089832544,1.271592494739597,169.94905481751326,2017.065399930773,9.011715785,325.8293123199327,
1900,520.0000000000003,3.826,0.337,0.260057783,4.001082546004926,4.347946740723741,5.071081471593974,1.9127411887182224,3.9883964206635127,1310.6643089832544,1.271592494739597,169.94905481751326,2017.065399930773,18.88586983945675,351.0739361,
2000,520.0000000000003,4.026,0.237,0.24873496935662842,4.208804240716358,4.352126434753602,5.337980496414709,1.9624310527665205,4.0939747445496195,1310.6643089832544,1.271592494739597,169.94905481751326,2017.065399930773,28.258385921687285,342.6673935562147,
2000,520.0000000000003,4.313,0.625,0.22034216011072424,4.830255476318622,4.361676320155232,5.337980496414709,1.9624310527665205,4.098463994353042,1310.6643089832544,1.271592494739597,169.94905481751326,2017.065399930773,11.479457597542465,315.80381903411666,
2000,520.0000000000003,4.063,0.75,0.24470476188725115,4.286519758480839,4.353541154088145,5.337980496414709,1.9624310527665205,4.094640092249323,1310.6643089832544,1.271592494739597,169.94905481751326,2017.065399930773,9.011715785,338.8378089124575,
2000,520.0000000000003,3.826,0.337,0.27274291171098586,3.801028419,4.343129254612944,5.337980496414709,1.9624310527665205,4.089740804493503,1310.6643089832544,1.271592494739597,169.94905481751326,2017.065399930773,18.88586983945675,365.5653139206647,
2100,520.0000000000003,4.026,0.237,0.2601492313187393,4.008384991158435,4.3481042606627955,5.604879521235445,2.010893438,4.1931368013198576,1310.6643089832544,1.271592494739597,169.94905481751326,2017.065399930773,28.258385921687285,355.8561696261089,
2100,520.0000000000003,4.563,0.5,0.20896084093122563,5.148999192838148,4.365343516467454,5.604879521235445,2.010893438,4.201441001,1310.6643089832544,1.271592494739597,169.94905481751326,2017.065399930773,15.181070315785501,307.52526632123386,
2100,520.0000000000003,4.313,0.625,0.23020869995905374,4.600243310779639,4.358591045410448,5.604879521235445,2.010893438,4.198190273,1310.6643089832544,1.271592494739597,169.94905481751326,2017.065399930773,11.479457597542465,327.4675091274552,
2100,520.0000000000003,4.063,0.75,0.2559009222007592,4.082399769981751,4.349655133778344,5.604879521235445,2.010893438,4.193884534467139,1310.6643089832544,1.271592494739597,169.94905481751326,2017.065399930773,9.011715785,351.81178851871925,
2100,520.0000000000003,3.826,0.337,0.2854477282897721,3.620027065433028,4.338159457127795,5.604879521235445,2.010893438,4.188338872145248,1310.6643089832544,1.271592494739597,169.94905481751326,2017.065399930773,18.88586983945675,380.0220185320161,
2200,520.0000000000003,4.026,0.237,0.2715815933940442,3.8261856733785065,4.343765361049312,5.871778546056181,2.0582150520653926,4.289670446329836,1310.6643089832544,1.271592494739597,169.94905481751326,2017.065399930773,28.258385921687285,369.00947180654015,
2200,520.0000000000003,4.813,0.375,0.19907720759353145,5.468273442695581,4.368424106279314,5.871778546056181,2.0582150520653926,4.301829044474308,1310.6643089832544,1.271592494739597,169.94905481751326,2017.065399930773,21.350424846190553,300.6924076495175,
2200,520.0000000000003,4.563,0.5,0.21772755760963752,4.9149537749818695,4.362717036370089,5.871778546056181,2.0582150520653926,4.299018092255755,1310.6643089832544,1.271592494739597,169.94905481751326,2017.065399930773,15.181070315785501,318.0547854,
2200,520.0000000000003,4.313,0.625,0.24009287516639136,4.391141342107837,4.355333026,5.871778546056181,2.0582150520653926,4.2953784523351395,1310.6643089832544,1.271592494739597,169.94905481751326,2017.065399930773,11.479457597542465,339.0988835968059,
2200,520.0000000000003,4.063,0.75,0.2671151171353079,3.8968361440734895,4.345604186491224,5.871778546056181,2.0582150520653926,4.290578313109302,1310.6643089832544,1.271592494739597,169.94905481751326,2017.065399930773,9.011715785,364.7533479971372,
2200,520.0000000000003,3.826,0.337,0.29817103251298616,3.455480380640618,4.332956313023001,5.871778546056181,2.0582150520653926,4.2843299029201125,1310.6643089832544,1.271592494739597,169.94905481751326,2017.065399930773,18.88586983945675,394.44449489391604,
2300,520.0000000000003,4.026,0.237,0.2830309951407061,3.6598297745359627,4.339315098177985,6.138677570876916,2.1044728514266136,4.383832189568063,1310.6643089832544,1.271592494739597,169.94905481751326,2017.065399930773,28.258385921687285,382.1330314457453,
2300,520.0000000000003,4.813,0.375,0.2069120120204508,5.230522423447947,4.366180898789534,6.138677570876916,2.1044728514266136,4.397381958024944,1310.6643089832544,1.271592494739597,169.94905481751326,2017.065399930773,21.350424846190553,310.2571824652865,
2300,520.0000000000003,4.563,0.5,0.22651053216035485,4.7012601325913534,4.359987556898458,6.138677570876916,2.1044728514266136,4.394262051260154,1310.6643089832544,1.271592494739597,169.94905481751326,2017.065399930773,15.181070315785501,328.55533493910457,
2300,520.0000000000003,4.313,0.625,0.24999363598205623,4.200222153,4.351965571592362,6.138677570876916,2.1044728514266136,4.390217666429627,1310.6643089832544,1.271592494739597,169.94905481751326,2017.065399930773,11.479457597542465,350.70098121858143,
2300,520.0000000000003,4.063,0.75,0.2783462877556346,3.7274084856355123,4.341194048274958,6.138677570876916,2.1044728514266136,4.384781199982869,1310.6643089832544,1.271592494739597,169.94905481751326,2017.065399930773,9.011715785,377.6603268789669,
2300,520.0000000000003,4.897,0.864,0.20106258712087507,5.414689443,4.367942749537322,6.138677570876916,2.1044728514266136,4.398269089073016,1310.6643089832544,1.271592494739597,169.94905481751326,2017.065399930773,9.428406290381368,304.83821536636896,
2300,520.0000000000003,3.826,0.337,0.3109117550240633,3.3052421032214605,4.327521053055064,6.138677570876916,2.1044728514266136,4.377870615801263,1310.6643089832544,1.271592494739597,169.94905481751326,2017.065399930773,18.88586983945675,408.8344617920069,
2400,520.0000000000003,4.026,0.237,0.2944964867825199,3.507336867263631,4.334674287893619,6.405576595697651,2.1497355102976687,4.4757236676494525,1310.6643089832544,1.271592494739597,169.94905481751326,2017.065399930773,28.258385921687285,395.22685352557875,
2400,520.0000000000003,5.047,0.258,0.19850835644084905,5.511839321,4.368805768756659,6.405576595697651,2.1497355102976687,4.4933101722345095,1310.6643089832544,1.271592494739597,169.94905481751326,2017.065399930773,32.54134701762296,304.7437932958332,
2400,520.0000000000003,4.813,0.375,0.21476186984569234,5.012583989137616,4.363855049110626,6.405576595697651,2.1497355102976687,4.4907635467120475,1310.6643089832544,1.271592494739597,169.94905481751326,2017.065399930773,21.350424846190553,319.79515189080746,
2400,520.0000000000003,4.563,0.5,0.2353088320000755,4.5053742937333805,4.357154542690305,6.405576595697651,2.1497355102976687,4.487314537850604,1310.6643089832544,1.271592494739597,169.94905481751326,2017.065399930773,15.181070315785501,339.02854275733847,
2400,520.0000000000003,4.313,0.625,0.25991004261535255,4.025212896932184,4.348464112557692,6.405576595697651,2.1497355102976687,4.482837285847585,1310.6643089832544,1.271592494739597,169.94905481751326,2017.065399930773,11.479457597542465,362.27492960073914,
2400,520.0000000000003,4.063,0.75,0.28959348569267085,3.5720997987340324,4.336716981127243,6.405576595697651,2.1497355102976687,4.476778124455811,1310.6643089832544,1.271592494739597,169.94905481751326,2017.065399930773,9.011715785,390.5400854,
2400,520.0000000000003,4.897,0.864,0.20862590021816096,5.189077383318296,4.365759846611972,6.405576595697651,2.1497355102976687,4.491743536,1310.6643089832544,1.271592494739597,169.94905481751326,2017.065399930773,9.428406290381368,314.09336560308293,
2400,520.0000000000003,3.826,0.337,0.3236689377204686,3.167523682,4.321854933783326,6.405576595697651,2.1497355102976687,4.469100520620523,1310.6643089832544,1.271592494739597,169.94905481751326,2017.065399930773,18.88586983945675,423.1934354792857,
1100,540.0000000000003,2.9,0.3,0.24948054152099483,4.139561352992023,4.4751288246610885,2.924288515251037,1.4253477550396234,3.0152519495534156,1310.6644223735711,1.2766368374808474,170.6232488339706,2017.0884207428644,16.698947017060366,319.26611653096404,
1200,540.0000000000003,2.9,0.3,0.27083988707200984,3.7945979069093547,4.467013774066505,3.190132925728404,1.488727176714083,3.1464712097289795,1310.6644223735711,1.2766368374808474,170.6232488339706,2017.0884207428644,16.698947017060366,343.0077290765097,
1300,540.0000000000003,2.9,0.3,0.2922407825344674,3.5027057602240195,4.458272756867809,3.455977336205771,1.5495163731234576,3.2717452996076988,1310.6644223735711,1.2766368374808474,170.6232488339706,2017.0884207428644,16.698947017060366,366.67016026724616,
1400,540.0000000000003,2.9,0.3,0.3136791567376342,3.2525124916365895,4.448860639499771,3.721821746683138,1.6080091338261313,3.3916647062301437,1310.6644223735711,1.2766368374808474,170.6232488339706,2017.0884207428644,16.698947017060366,390.25966949345656,
1500,540.0000000000003,2.9,0.3,0.33515163185885427,3.0356783255274835,4.438783468,3.987666157160505,1.6644475835420158,3.5067281764932865,1310.6644223735711,1.2766368374808474,170.6232488339706,2017.0884207428644,16.698947017060366,413.7818786772335,
1600,540.0000000000003,2.9,0.3,0.3566553660875163,2.8459484301820157,4.428047488816881,4.253510567637872,1.719034072451575,3.617350735973125,1310.6644223735711,1.2766368374808474,170.6232488339706,2017.0884207428644,16.698947017060366,437.24139572965413,
1700,540.0000000000003,2.9,0.3,0.37818793964723324,2.6785396989948382,4.416659152686292,4.519354978115239,1.7719397636883816,3.7238818766995077,1310.6644223735711,1.2766368374808474,170.6232488339706,2017.0884207428644,16.698947017060366,460.6420397456536,
1700,540.0000000000003,3.826,0.337,0.22598922817053824,4.662212055986132,4.484085236634742,4.519354978115239,1.7719397636883816,3.7521991768408878,1310.6644223735711,1.2766368374808474,170.6232488339706,2017.0884207428644,19.61224944866662,313.93259762601014,
1800,540.0000000000003,2.9,0.3,0.39974727037664265,2.5297319379395695,4.404625108203791,4.7851993885926065,1.8233109745818532,3.826618978264382,1310.6644223735711,1.2766368374808474,170.6232488339706,2017.0884207428644,16.698947017060366,483.98700666781394,
1800,540.0000000000003,4.026,0.237,0.21761779809025295,4.875577330429797,4.486974137449594,4.7851993885926065,1.8233109745818532,3.862224630730046,1310.6644223735711,1.2766368374808474,170.6232488339706,2017.0884207428644,29.345246918675265,308.5794214787788,
1800,540.0000000000003,4.063,0.75,0.21418378448896697,4.965604804972217,4.4880881569330215,4.7851993885926065,1.8233109745818532,3.862704054761579,1310.6644223735711,1.2766368374808474,170.6232488339706,2017.0884207428644,9.358320238664312,305.3385766504456,
1800,540.0000000000003,3.826,0.337,0.23809793240726795,4.403200275098015,4.480027772186771,4.7851993885926065,1.8233109745818532,3.8592338831097113,1310.6644223735711,1.2766368374808474,170.6232488339706,2017.0884207428644,19.61224944866662,327.99937755563246,
1900,540.0000000000003,4.026,0.237,0.2285116736425724,4.618967997249281,4.483409129874293,5.051043799069974,1.8732739505798979,3.966481927717948,1310.6644223735711,1.2766368374808474,170.6232488339706,2017.0884207428644,29.345246918675265,321.38398548540664,
1900,540.0000000000003,4.063,0.75,0.2248686475927128,4.704257183657889,4.484684212711019,5.051043799069974,1.8732739505798979,3.9670459219171863,1310.6644223735711,1.2766368374808474,170.6232488339706,2017.0884207428644,9.358320238664312,317.93752209232554,
1900,540.0000000000003,3.826,0.337,0.2502285798142584,4.171452892198118,4.475769150434691,5.051043799069974,1.8732739505798979,3.9631009334380023,1310.6644223735711,1.2766368374808474,170.6232488339706,2017.0884207428644,19.61224944866662,342.0250529309137,
2000,540.0000000000003,4.026,0.237,0.23942560648194708,4.388019597386817,4.479768465284788,5.31688821,1.9219385208200097,4.0678719673346135,1310.6644223735711,1.2766368374808474,170.6232488339706,2017.0884207428644,29.345246918675265,334.15261715776614,
2000,540.0000000000003,4.313,0.625,0.2122966847453079,5.0359328869293245,4.488919258679075,5.31688821,1.9219385208200097,4.072024555372475,1310.6644223735711,1.2766368374808474,170.6232488339706,2017.0884207428644,11.920975197447946,308.53946765144406,
2000,540.0000000000003,4.063,0.75,0.23557350330336257,4.4690443244749956,4.481123357138845,5.31688821,1.9219385208200097,4.068487078356717,1310.6644223735711,1.2766368374808474,170.6232488339706,2017.0884207428644,9.358320238664312,330.4991278999266,
2000,540.0000000000003,3.826,0.337,0.26237966723474554,3.9628802475882137,4.471308032254919,5.31688821,1.9219385208200097,4.064028886674665,1310.6644223735711,1.2766368374808474,170.6232488339706,2017.0884207428644,19.61224944866662,356.0122959380193,
2100,540.0000000000003,4.026,0.237,0.25035828378544667,4.179066283,4.475919934378093,5.582732620024707,1.9694009398043857,4.1665375047463336,1310.6644223735711,1.2766368374808474,170.6232488339706,2017.0884207428644,29.345246918675265,346.8853531214498,
2100,540.0000000000003,4.563,0.5,0.20145553093795596,5.368249049582101,4.492436585646622,5.582732620024707,1.9694009398043857,4.174217923406487,1310.6644223735711,1.2766368374808474,170.6232488339706,2017.0884207428644,15.764957635623402,300.81514336026544,
2100,540.0000000000003,4.313,0.625,0.22174523357855103,4.796126558980308,4.485941165286677,5.582732620024707,1.9694009398043857,4.171199170982407,1310.6644223735711,1.2766368374808474,170.6232488339706,2017.0884207428644,11.920975197447946,319.80850445922607,
2100,540.0000000000003,4.063,0.75,0.24629704043678952,4.256232689976185,4.477404616232356,5.582732620024707,1.9694009398043857,4.167228476638693,1310.6644223735711,1.2766368374808474,170.6232488339706,2017.0884207428644,9.358320238664312,343.02576794477096,
2100,540.0000000000003,3.826,0.337,0.27454987214864357,3.7741716643697267,4.4664665779039225,5.582732620024707,1.9694009398043857,4.162135216046588,1310.6644223735711,1.2766368374808474,170.6232488339706,2017.0884207428644,19.61224944866662,369.96011905119144,
2200,540.0000000000003,4.026,0.237,0.2613085432367951,3.989108724897106,4.471906280448324,5.848577030502074,2.0157461262750793,4.262674593769583,1310.6644223735711,1.2766368374808474,170.6232488339706,2017.0884207428644,29.345246918675265,359.5850353,
2200,540.0000000000003,4.563,0.5,0.20984968811228033,5.124237729,4.4899172300978965,5.848577030502074,2.0157461262750793,4.271250094,1310.6644223735711,1.2766368374808474,170.6232488339706,2017.0884207428644,15.764957635623402,310.9946429260266,
2200,540.0000000000003,4.313,0.625,0.2312109279849454,4.578120806299385,4.482941482,5.848577030502074,2.0157461262750793,4.2679307960735935,1310.6644223735711,1.2766368374808474,170.6232488339706,2017.0884207428644,11.920975197447946,331.0474802082201,
2200,540.0000000000003,4.063,0.75,0.25703809819690443,4.062767567704541,4.473527042391317,5.848577030502074,2.0157461262750793,4.263446988632794,1310.6644223735711,1.2766368374808474,170.6232488339706,2017.0884207428644,9.358320238664312,355.5195158765923,
2200,540.0000000000003,3.826,0.337,0.2867380232444031,3.602618406898375,4.461501856819422,5.848577030502074,2.0157461262750793,4.257712895522905,1310.6644223735711,1.2766368374808474,170.6232488339706,2017.0884207428644,19.61224944866662,383.8752448424067,
2300,540.0000000000003,4.026,0.237,0.27227534959900107,3.815669215118971,4.467569168693282,6.1144214409794415,2.0610494485779762,4.356362932438883,1310.6644223735711,1.2766368374808474,170.6232488339706,2017.0884207428644,29.345246918675265,372.2503978577163,
2300,540.0000000000003,4.813,0.375,0.19955182359724227,5.453243625974466,4.493240051916584,6.1144214409794415,2.0610494485779762,4.368860947817697,1310.6644223735711,1.2766368374808474,170.6232488339706,2017.0884207428644,22.171595032582495,303.72794357668295,
2300,540.0000000000003,4.563,0.5,0.218259658,4.901444784401048,4.487300196309325,6.1144214409794415,2.0610494485779762,4.365972276738472,1310.6644223735711,1.2766368374808474,170.6232488339706,2017.0884207428644,15.764957635623402,321.1446565408319,
2300,540.0000000000003,4.313,0.625,0.24069274277041808,4.379072075590716,4.479614418883226,6.1144214409794415,2.0610494485779762,4.362231689913628,1310.6644223735711,1.2766368374808474,170.6232488339706,2017.0884207428644,11.920975197447946,342.25243234639936,
2300,540.0000000000003,4.063,0.75,0.26779564276194223,3.8861254995434735,4.469489729212908,6.1144214409794415,2.0610494485779762,4.3572992088959595,1310.6644223735711,1.2766368374808474,170.6232488339706,2017.0884207428644,9.358320238664312,367.9821931111968,
2300,540.0000000000003,3.826,0.337,0.2989430769108329,3.445982824,4.456314914635738,6.1144214409794415,2.0610494485779762,4.350872415261007,1310.6644223735711,1.2766368374808474,170.6232488339706,2017.0884207428644,19.61224944866662,397.7576347847113,
2400,540.0000000000003,4.026,0.237,0.28325777579786343,3.656682997822348,4.463141187319476,6.380265851456808,2.1053781639824636,4.447853016077705,1310.6644223735711,1.2766368374808474,170.6232488339706,2017.0884207428644,29.345246918675265,384.8875063182268,
2400,540.0000000000003,4.813,0.375,0.2070672392702094,5.226025141558864,4.491008692133377,6.380265851456808,2.1053781639824636,4.461717431008313,1310.6644223735711,1.2766368374808474,170.6232488339706,2017.0884207428644,22.171595032582495,312.9528743816402,
2400,540.0000000000003,4.563,0.5,0.2266845290812967,4.6972179183843386,4.484584998,6.380265851456808,2.1053781639824636,4.458525390310488,1310.6644223735711,1.2766368374808474,170.6232488339706,2017.0884207428644,15.764957635623402,331.2668684341064,
2400,540.0000000000003,4.313,0.625,0.2501897602408245,4.196610739,4.476264406899112,6.380265851456808,2.1053781639824636,4.454387349752502,1310.6644223735711,1.2766368374808474,170.6232488339706,2017.0884207428644,11.920975197447946,353.4308406481565,
2400,540.0000000000003,4.063,0.75,0.278568748,3.724203603729163,4.465090270113582,6.380265851456808,2.1053781639824636,4.448824113243294,1310.6644223735711,1.2766368374808474,170.6232488339706,2017.0884207428644,9.358320238664312,380.41137802301836,
2400,540.0000000000003,4.897,0.864,0.20121214364934456,5.410033811998315,4.492836038543252,6.380265851456808,2.1053781639824636,4.462625052736856,1310.6644223735711,1.2766368374808474,170.6232488339706,2017.0884207428644,9.791037301549881,307.5290683674707,
2400,540.0000000000003,3.826,0.337,0.3111640982522529,3.302400206323511,4.450906877490238,6.380265851456808,2.1053781639824636,4.441752631595855,1310.6644223735711,1.2766368374808474,170.6232488339706,2017.0884207428644,19.61224944866662,411.60886651558786,
1100,560.0000000000003,2.9,0.3,0.24025104881192993,4.309090990830315,4.602467095190592,2.913285739461186,1.397028176770747,2.9970950172099124,1310.6646088669213,1.2814582037807665,171.26765158720113,2017.1104173166223,17.317426536210746,310.5967471673865,
1200,560.0000000000003,2.9,0.3,0.26075051451219255,3.9500000749277877,4.594848064398999,3.1781298975940215,1.4591483418978837,3.127771540128138,1310.6646088669213,1.2814582037807665,171.26765158720113,2017.1104173166223,17.317426536210746,333.51397710343576,
1300,560.0000000000003,2.9,0.3,0.28129037088205905,3.6461539153179583,4.586388827174605,3.4429740557268564,1.5187297457531042,3.2524897343113235,1310.6646088669213,1.2814582037807665,171.26765158720113,2017.1104173166223,17.317426536210746,356.34799039302726,
1400,560.0000000000003,2.9,0.3,0.3018666407513036,3.385714349938104,4.577389152954264,3.707818213859692,1.5760603407253269,3.371954912099566,1310.6646088669213,1.2814582037807665,171.26765158720113,2017.1104173166223,17.317426536210746,379.11001507172136,
1500,560.0000000000003,2.9,0.3,0.32247602508732987,3.16000006,4.567754030130106,3.9726623719925267,1.6313774408698862,3.4866295549407735,1310.6646088669213,1.2814582037807665,171.26765158720113,2017.1104173166223,17.317426536210746,401.80451480002995,
1600,560.0000000000003,2.9,0.3,0.3431157490292342,2.962500056195841,4.557486506931515,4.237506530125362,1.6848793759646783,3.596926057346975,1310.6646088669213,1.2814582037807665,171.26765158720113,2017.1104173166223,17.317426536210746,424.43624158450683,
1700,560.0000000000003,2.9,0.3,0.36378345036414855,2.788235347,4.546592364425993,4.502350688258198,1.7367339083817845,3.703192538762682,1310.6646088669213,1.2814582037807665,171.26765158720113,2017.1104173166223,17.317426536210746,447.0091715415611,
1700,560.0000000000003,3.826,0.337,0.21790378127650578,4.853146083526361,4.611060156006485,4.502350688258198,1.7367339083817845,3.729354583811214,1310.6646088669213,1.2814582037807665,171.26765158720113,2017.1104173166223,20.338629057876496,306.5325757661542,
1800,560.0000000000003,2.9,0.3,0.3844770969351505,2.6333333832851915,4.535077561898311,4.767194846391033,1.7870844483389738,3.805725279,1310.6646088669213,1.2814582037807665,171.26765158720113,2017.1104173166223,17.317426536210746,469.5266385648921,
1800,560.0000000000003,4.026,0.237,0.20991610992675808,5.075249418508143,4.613833921696692,4.767194846391033,1.7870844483389738,3.838628243,1310.6646088669213,1.2814582037807665,171.26765158720113,2017.1104173166223,30.432107915663234,301.5794510982424,
1800,560.0000000000003,3.826,0.337,0.22952064688316431,4.583526856663785,4.607251633152323,4.767194846391033,1.7870844483389738,3.8358890920506075,1310.6646088669213,1.2814582037807665,171.26765158720113,2017.1104173166223,20.338629057876496,320.1338763252227,
1900,560.0000000000003,2.9,0.3,0.4051949242824405,2.4947368894280766,4.522948229952677,5.032039004523868,1.8360547329714765,3.904778755556804,1310.6646088669213,1.2814582037807665,171.26765158720113,2017.1104173166223,17.317426536210746,491.99146184100493,
1900,560.0000000000003,4.026,0.237,0.220366486,4.808131028060347,4.610453127778228,5.032039004523868,1.8360547329714765,3.942370432475688,1310.6646088669213,1.2814582037807665,171.26765158720113,2017.1104173166223,30.432107915663234,313.96500482380856,
1900,560.0000000000003,4.063,0.75,0.21687970351031355,4.896913107471478,4.611635169113668,5.032039004523868,1.8360547329714765,3.942875778266111,1310.6646088669213,1.2814582037807665,171.26765158720113,2017.1104173166223,9.704924691948177,310.67243723695583,
1900,560.0000000000003,3.826,0.337,0.24115886317959767,4.342288601049902,4.603081158,5.032039004523868,1.8360547329714765,3.9392173083551745,1310.6646088669213,1.2814582037807665,171.26765158720113,2017.1104173166223,20.338629057876496,333.6906531671485,
2000,560.0000000000003,4.026,0.237,0.2308363826890575,4.567724477,4.606917392005738,5.296883162656703,1.8837524092722229,4.043235458,1310.6646088669213,1.2814582037807665,171.26765158720113,2017.1104173166223,30.432107915663234,326.3125168478874,
2000,560.0000000000003,4.313,0.625,0.2048749281817184,5.242172100628137,4.615702175168023,5.296883162656703,1.8837524092722229,4.047088579873464,1310.6646088669213,1.2814582037807665,171.26765158720113,2017.1104173166223,12.362492797353426,301.85485938872034,
2000,560.0000000000003,4.063,0.75,0.22714879646421604,4.652067452097904,4.608217430317138,5.296883162656703,1.8837524092722229,4.043805903235967,1310.6646088669213,1.2814582037807665,171.26765158720113,2017.1104173166223,9.704924691948177,322.8217584048397,
2000,560.0000000000003,3.826,0.337,0.2528169610517198,4.125174170997408,4.5988038103526625,5.296883162656703,1.8837524092722229,4.039673468830894,1310.6646088669213,1.2814582037807665,171.26765158720113,2017.1104173166223,20.338629057876496,347.20995405084784,
2100,560.0000000000003,4.026,0.237,0.2413245176341391,4.350213787292695,4.603225763639854,5.5617273207895375,1.9302718193070245,4.141423160612087,1310.6646088669213,1.2814582037807665,171.26765158720113,2017.1104173166223,30.432107915663234,338.6244313879306,
2100,560.0000000000003,4.313,0.625,0.21393766944439976,4.992544857741083,4.612841988779272,5.5617273207895375,1.9302718193070245,4.145746659,1310.6646088669213,1.2814582037807665,171.26765158720113,2017.1104173166223,12.362492797353426,312.76026173624734,
2100,560.0000000000003,4.063,0.75,0.23743606801833655,4.430540430569432,4.604649731647984,5.5617273207895375,1.9302718193070245,4.142063667769029,1310.6646088669213,1.2814582037807665,171.26765158720113,2017.1104173166223,9.704924691948177,334.9356218735727,
2100,560.0000000000003,3.826,0.337,0.26449364811544185,3.9287373057118167,4.5943329247300415,5.5617273207895375,1.9302718193070245,4.137420879,1310.6646088669213,1.2814582037807665,171.26765158720113,2017.1104173166223,20.338629057876496,360.6927474217551,
2200,560.0000000000003,4.026,0.237,0.2518297545478256,4.152476797,4.599377309692891,5.826571478922372,1.9756961946065479,4.237109450026165,1310.6646088669213,1.2814582037807665,171.26765158720113,2017.1104173166223,30.432107915663234,350.90288501241986,
2200,560.0000000000003,4.563,0.5,0.20258332865107997,5.334093337589613,4.616660925594601,5.826571478922372,1.9756961946065479,4.245063125,1310.6646088669213,1.2814582037807665,171.26765158720113,2017.1104173166223,16.348844955461306,304.50005564595796,
2200,560.0000000000003,4.313,0.625,0.2230171016096924,4.765611000571035,4.609864672288807,5.826571478922372,1.9756961946065479,4.2419373646046035,1310.6646088669213,1.2814582037807665,171.26765158720113,2017.1104173166223,12.362492797353426,323.6331582237858,
2200,560.0000000000003,4.063,0.75,0.24774038361453235,4.229152229179912,4.600931181736307,5.826571478922372,1.9756961946065479,4.237825130593875,1310.6646088669213,1.2814582037807665,171.26765158720113,2017.1104173166223,9.704924691948177,347.01617164416814,
2200,560.0000000000003,3.826,0.337,0.27618777991157056,3.750158337270371,4.589475139859515,5.826571478922372,1.9756961946065479,4.232545877464083,1310.6646088669213,1.2814582037807665,171.26765158720113,2017.1104173166223,20.338629057876496,374.13756592144966,
2300,560.0000000000003,4.026,0.237,0.26235108177177824,3.9719343275281123,4.59537113,6.091415637055208,2.0200994060577173,4.330450081502298,1310.6646088669213,1.2814582037807665,171.26765158720113,2017.1104173166223,30.432107915663234,363.1497557428745,
2300,560.0000000000003,4.563,0.5,0.21064903472709573,5.102176236,4.614147057335697,6.091415637055208,2.0200994060577173,4.339287815067019,1310.6646088669213,1.2814582037807665,171.26765158720113,2017.1104173166223,16.348844955461306,314.3267919752636,
2300,560.0000000000003,4.313,0.625,0.23211222247537627,4.558410522285336,4.606769595422557,6.091415637055208,2.0200994060577173,4.335817429681931,1310.6646088669213,1.2814582037807665,171.26765158720113,2017.1104173166223,12.362492797353426,334.4754755476579,
2300,560.0000000000003,4.063,0.75,0.25806073292700044,4.045276045302524,4.597060914970106,6.091415637055208,2.0200994060577173,4.331246193038309,1310.6646088669213,1.2814582037807665,171.26765158720113,2017.1104173166223,9.704924691948177,359.06529291695324,
2300,560.0000000000003,3.826,0.337,0.28789833689686495,3.587107974780354,4.584514928681844,6.091415637055208,2.0200994060577173,4.325331883643175,1310.6646088669213,1.2814582037807665,171.26765158720113,2017.1104173166223,20.338629057876496,387.5514044656855,
2400,560.0000000000003,4.026,0.237,0.27288759346274255,3.8064370638811083,4.591041883082667,6.356259795188043,2.0635473746262005,4.421504498188644,1310.6646088669213,1.2814582037807665,171.26765158720113,2017.1104173166223,30.432107915663234,375.36352314345083,
2400,560.0000000000003,4.813,0.375,0.19997068810514335,5.440049304,4.617709668,6.356259795188043,2.0635473746262005,4.434327404565797,1310.6646088669213,1.2814582037807665,171.26765158720113,2017.1104173166223,22.99276521897444,306.6608683105001,
2400,560.0000000000003,4.563,0.5,0.21872924899092927,4.889585559457144,4.611539920219209,6.356259795188043,2.0635473746262005,4.4313640494110755,1310.6646088669213,1.2814582037807665,171.26765158720113,2017.1104173166223,16.348844955461306,324.1252781,
2400,560.0000000000003,4.313,0.625,0.24122213503018458,4.368476750523447,4.603556129606185,6.356259795188043,2.0635473746262005,4.427526458,1310.6646088669213,1.2814582037807665,171.26765158720113,2017.1104173166223,12.362492797353426,345.28891987409145,
2400,560.0000000000003,4.063,0.75,0.26839621135707087,3.8767228767482527,4.592904578314315,6.356259795188043,2.0635473746262005,4.422401362162856,1310.6646088669213,1.2814582037807665,171.26765158720113,2017.1104173166223,9.704924691948177,371.08207117861775,
2400,560.0000000000003,4.897,0.864,0.19437503295879535,5.631593778050774,4.6193170395524845,6.356259795188043,2.0635473746262005,4.435099106435806,1310.6646088669213,1.2814582037807665,171.26765158720113,2017.1104173166223,10.153668312718397,301.4910564930582,
2400,560.0000000000003,3.826,0.337,0.29962440586359435,3.4376451424978396,4.579345345915527,6.356259795188043,2.0635473746262005,4.415868601776521,1310.6646088669213,1.2814582037807665,171.26765158720113,2017.1104173166223,20.338629057876496,400.9339500694434,
1100,580.0000000000003,2.9,0.3,0.23170690153723097,4.479065954946241,4.729309152814544,2.9028271182539243,1.3702640667893156,2.9799098203206733,1310.6648657694395,1.286074928665786,171.8847133067035,2017.1314861455166,17.935906055361134,302.5813915933818,
1200,580.0000000000003,2.9,0.3,0.2514100868207464,4.105810458700722,4.721992890260015,3.1667204926406445,1.4311941407220348,3.1100059076086963,1310.6648657694395,1.286074928665786,171.8847133067035,2017.1314861455166,17.935906055361134,324.73320146331395,
1300,580.0000000000003,2.9,0.3,0.27115258567628925,3.789978884954511,4.713937800380148,3.430613867027365,1.4896340906881043,3.2342346572312124,1310.6648657694395,1.286074928665786,171.8847133067035,2017.1314861455166,17.935906055361134,346.80215019034074,
1400,580.0000000000003,2.9,0.3,0.2909305090452819,3.519266107457761,4.705325078986144,3.6945072414140854,1.5458663525166931,3.3532563906327564,1310.6648657694395,1.286074928665786,171.8847133067035,2017.1314861455166,17.935906055361134,368.79799953775347,
1500,580.0000000000003,2.9,0.3,0.31074063171118405,3.284648366960577,4.696097267472475,3.9584006158008056,1.6001236938269352,3.4675449365447517,1310.6648657694395,1.286074928665786,171.8847133067035,2017.1314861455166,17.935906055361134,390.72594906368556,
1600,580.0000000000003,2.9,0.3,0.33058024150503884,3.0793578440255405,4.6862643734123655,4.222293990187526,1.6526006448169641,3.5775137416485987,1310.6648657694395,1.286074928665786,171.8847133067035,2017.1314861455166,17.935906055361134,412.5910285195537,
1700,580.0000000000003,2.9,0.3,0.35044703009068656,2.898219147318156,4.675829003,4.4861873645742465,1.7034617538860497,3.6835086787687277,1310.6648657694395,1.286074928665786,171.8847133067035,2017.1314861455166,17.935906055361134,434.3973238372179,
1800,580.0000000000003,2.9,0.3,0.3703390120911374,2.7372069724671473,4.664796512280736,4.750080738960968,1.7528476838150049,3.785824966431717,1310.6648657694395,1.286074928665786,171.8847133067035,2017.1314861455166,17.935906055361134,456.14829796753014,
1800,580.0000000000003,3.826,0.337,0.22158301842887362,4.764327126289954,4.733824324888417,4.750080738960968,1.7528476838150049,3.8137326735342647,1310.6648657694395,1.286074928665786,171.8847133067035,2017.1314861455166,21.06500866708637,312.8657551215305,
1900,580.0000000000003,2.9,0.3,0.390254464,2.5931434476004553,4.653172415958393,5.013974113347688,1.8008798011968252,3.8847162250893077,1310.6648657694395,1.286074928665786,171.8847133067035,2017.1314861455166,17.935906055361134,477.8468844301839,
1900,580.0000000000003,4.026,0.237,0.21282944606910079,4.997790958820304,4.736984114,5.013974113347688,1.8008798011968252,3.919545326953801,1310.6648657694395,1.286074928665786,171.8847133067035,2017.1314861455166,31.518968912651214,307.11336282256786,
1900,580.0000000000003,4.063,0.75,0.20948741117245143,5.090075106485308,4.738120757373282,5.013974113347688,1.8008798011968252,3.920015548050727,1310.6648657694395,1.286074928665786,171.8847133067035,2017.1314861455166,10.05152914523204,303.9641379356765,
1900,580.0000000000003,3.826,0.337,0.23276532250147816,4.513573067011535,4.72989905,5.013974113347688,1.8008798011968252,3.9166130160331196,1310.6648657694395,1.286074928665786,171.8847133067035,2017.1314861455166,21.06500866708637,325.9913403669292,
2000,580.0000000000003,2.9,0.3,0.41019187746739044,2.4634862752204327,4.640962374461797,5.277867487734408,1.8476636907353587,3.9804021131035348,1310.6648657694395,1.286074928665786,171.8847133067035,2017.1314861455166,17.935906055361134,499.4955869765797,
2000,580.0000000000003,4.026,0.237,0.2228882578771642,4.747901410879289,4.733585209,5.277867487734408,1.8476636907353587,4.019925680336696,1310.6648657694395,1.286074928665786,171.8847133067035,2017.1314861455166,31.518968912651214,319.07192548020214,
2000,580.0000000000003,4.063,0.75,0.21935308241223858,4.835571351161043,4.7348347619487665,5.277867487734408,1.8476636907353587,4.020456227261402,1310.6648657694395,1.286074928665786,171.8847133067035,2017.1314861455166,10.05152914523204,315.7319822731395,
2000,580.0000000000003,3.826,0.337,0.2439669888163872,4.287894413660959,4.7257907940330055,5.277867487734408,1.8476636907353587,4.016614672201025,1310.6648657694395,1.286074928665786,171.8847133067035,2017.1314861455166,21.06500866708637,339.07755205977526,
2100,580.0000000000003,4.026,0.237,0.23296483637948706,4.521810867504085,4.730037969874676,5.541760862121128,1.8932918871016422,4.117654347812667,1310.6648657694395,1.286074928665786,171.8847133067035,2017.1314861455166,31.518968912651214,330.99441905635047,
2100,580.0000000000003,4.313,0.625,0.2067139520789824,5.189479114837885,4.739281418318764,5.541760862121128,1.8932918871016422,4.1216757477661705,1310.6648657694395,1.286074928665786,171.8847133067035,2017.1314861455166,12.804010397258903,306.25413254494777,
2100,580.0000000000003,4.063,0.75,0.2292364643349677,4.6053060487248025,4.731411707818123,5.541760862121128,1.8932918871016422,4.118252246540262,1310.6648657694395,1.286074928665786,171.8847133067035,2017.1314861455166,10.05152914523204,327.4639835995773,
2100,580.0000000000003,3.826,0.337,0.25518675325663287,4.083708965,4.7214984,5.541760862121128,1.8932918871016422,4.113935679938233,1310.6648657694395,1.286074928665786,171.8847133067035,2017.1314861455166,21.06500866708637,352.12686344975555,
2200,580.0000000000003,4.026,0.237,0.24305807028834456,4.316274009890263,4.726341522,5.8056542365078485,1.9378460272859628,4.212906465490181,1310.6648657694395,1.286074928665786,171.8847133067035,2017.1314861455166,31.518968912651214,342.88304636166305,
2200,580.0000000000003,4.313,0.625,0.21543581066829184,4.953593700527073,4.736418325068836,5.8056542365078485,1.9378460272859628,4.217395140826916,1310.6648657694395,1.286074928665786,171.8847133067035,2017.1314861455166,12.804010397258903,316.7901467074125,
2200,580.0000000000003,4.063,0.75,0.23913644700357772,4.395973955600948,4.727833847830448,5.8056542365078485,1.9378460272859628,4.213571518265583,1310.6648657694395,1.286074928665786,171.8847133067035,2017.1314861455166,10.05152914523204,339.1620560008789,
2200,580.0000000000003,3.826,0.337,0.2664234965423211,3.8980858306008717,4.717020760408651,5.8056542365078485,1.9378460272859628,4.208750304187633,1310.6648657694395,1.286074928665786,171.8847133067035,2017.1314861455166,21.06500866708637,365.1414344248247,
2300,580.0000000000003,4.026,0.237,0.25316697006236133,4.128609922503729,4.722495010119023,6.069547610894569,1.9813985669650311,4.305837129740939,1310.6648657694395,1.286074928665786,171.8847133067035,2017.1314861455166,31.518968912651214,354.73974547704324,
2300,580.0000000000003,4.563,0.5,0.20360827951496413,5.303434975783499,4.740536795,6.069547610894569,1.9813985669650311,4.314054283220858,1310.6648657694395,1.286074928665786,171.8847133067035,2017.1314861455166,16.932732275299205,308.0353212599686,
2300,580.0000000000003,4.313,0.625,0.22417295615549887,4.738220061373721,4.733443164411661,6.069547610894569,1.9813985669650311,4.3108253487931565,1310.6648657694395,1.286074928665786,171.8847133067035,2017.1314861455166,12.804010397258903,327.2951490903309,
2300,580.0000000000003,4.063,0.75,0.24905204213410123,4.204844653183516,4.724117280700053,6.069547610894569,1.9813985669650311,4.306576636410494,1310.6648657694395,1.286074928665786,171.8847133067035,2017.1314861455166,10.05152914523204,350.8284398732647,
2300,580.0000000000003,3.826,0.337,0.2776762216917221,3.728603837966051,4.712146560437875,6.069547610894569,1.9813985669650311,4.301116831,1310.6648657694395,1.286074928665786,171.8847133067035,2017.1314861455166,21.06500866708637,378.1193084334537,
2400,580.0000000000003,4.026,0.237,0.26329064976748695,3.956584509066075,4.718497610163199,6.333440985281289,2.0240141641980096,4.396584425409758,1310.6648657694395,1.286074928665786,171.8847133067035,2017.1314861455166,31.518968912651214,366.56623018481775,
2400,580.0000000000003,4.813,0.375,0.1934064145854796,5.654635671562308,4.743805421743556,6.333440985281289,2.0240141641980096,4.408359267840936,1310.6648657694395,1.286074928665786,171.8847133067035,2017.1314861455166,23.813935405366383,300.85430921421096,
2400,580.0000000000003,4.563,0.5,0.21136945469772772,5.0824585184591875,4.738029159864434,6.333440985281289,2.0240141641980096,4.405674546239491,1310.6648657694395,1.286074928665786,171.8847133067035,2017.1314861455166,16.932732275299205,317.53435263864384,
2400,580.0000000000003,4.313,0.625,0.2329245109405967,4.540794225483151,4.730355355157909,6.333440985281289,2.0240141641980096,4.402105342129052,1310.6648657694395,1.286074928665786,171.8847133067035,2017.1314861455166,12.804010397258903,337.7708973227551,
2400,580.0000000000003,4.063,0.75,0.25898236496690313,4.0296427926342036,4.7202555740392125,6.333440985281289,2.0240141641980096,4.3974033637108105,1310.6648657694395,1.286074928665786,171.8847133067035,2017.1314861455166,10.05152914523204,362.46475692111864,
2400,580.0000000000003,3.826,0.337,0.2889440358215159,3.5732453447174666,4.707197849778261,6.333440985281289,2.0240141641980096,4.391316845168887,1310.6648657694395,1.286074928665786,171.8847133067035,2017.1314861455166,21.06500866708637,391.06795442643977,
1200,600.0000000000003,2.9,0.3,0.24273928532854508,4.262017715616864,4.848631039572814,3.155853178440042,1.4047219626306153,3.0931425928939444,1310.664398962317,1.2905040418276368,172.47660560338753,2017.151732576378,18.554385574511517,316.5912725453019,
1300,600.0000000000003,2.9,0.3,0.2617413733450958,3.9341701990309503,4.841059792547502,3.4188409433100455,1.462080974155744,3.216930283530745,1310.664398962317,1.2905040418276368,172.47660560338753,2017.151732576378,18.554385574511517,337.95131464861277,
1400,600.0000000000003,2.9,0.3,0.2807779649145074,3.653158041957311,4.832686084684619,3.6818287081800487,1.5172731321945994,3.335477844753823,1310.664398962317,1.2905040418276368,172.47660560338753,2017.151732576378,18.554385574511517,359.23414071469904,
1500,600.0000000000003,2.9,0.3,0.29984590415487317,3.4096141724934905,4.823841720764468,3.9448164730500523,1.5705268989644878,3.4493868532176917,1310.664398962317,1.2905040418276368,172.47660560338753,2017.151732576378,18.554385574511517,380.4503464043044,
1600,600.0000000000003,2.9,0.3,0.3189425377554247,3.1965132867126473,4.814408162343473,4.207804237920056,1.6220332065227308,3.559026275060327,1310.664398962317,1.2905040418276368,172.47660560338753,2017.151732576378,18.554385574511517,401.60339753111555,
1700,600.0000000000003,2.9,0.3,0.3380656079389889,3.0084830933766087,4.804399774253698,4.470792003,1.671953559688131,3.6647451538771314,1310.664398962317,1.2905040418276368,172.47660560338753,2017.151732576378,18.554385574511517,422.6976964,
1800,600.0000000000003,2.9,0.3,0.3572131732084287,2.8413451437445754,4.793816428735058,4.733779767660063,1.7204260194629737,3.766835908838857,1310.664398962317,1.2905040418276368,172.47660560338753,2017.151732576378,18.554385574511517,443.7367557546185,
1800,600.0000000000003,3.826,0.337,0.21421713870613582,4.945587922163233,4.860013190746829,4.733779767660063,1.7204260194629737,3.792754446135773,1310.664398962317,1.2905040418276368,172.47660560338753,2017.151732576378,21.791388276296246,306.13461351517753,
1900,600.0000000000003,2.9,0.3,0.3763835485206374,2.691800662494861,4.7826630981128515,4.9967675325300664,1.7675697075749552,3.8655513309980107,1310.664398962317,1.2905040418276368,172.47660560338753,2017.151732576378,18.554385574511517,464.7236163123766,
1900,600.0000000000003,4.026,0.237,0.2058359530970186,5.187933982754406,4.863055546782061,4.9967675325300664,1.7675697075749552,3.8979042362142398,1310.664398962317,1.2905040418276368,172.47660560338753,2017.151732576378,32.605829909639176,300.7684817489171,
1900,600.0000000000003,3.826,0.337,0.22497618115281393,4.685293820996747,4.856235413416155,4.9967675325300664,1.7675697075749552,3.895169992927691,1310.664398962317,1.2905040418276368,172.47660560338753,2017.151732576378,21.791388276296246,318.85873164783146,
2000,600.0000000000003,2.9,0.3,0.39557525935235816,2.557210629370118,4.7709448907252385,5.259755297,1.8134882557733902,3.961110405979143,1310.664398962317,1.2905040418276368,172.47660560338753,2017.151732576378,18.554385574511517,485.6608775,
2000,600.0000000000003,4.026,0.237,0.2155131388721824,4.928537283616685,4.859783010571897,5.259755297,1.8134882557733902,3.997819542684172,1310.664398962317,1.2905040418276368,172.47660560338753,2017.151732576378,32.605829909639176,312.3661533537264,
2000,600.0000000000003,4.063,0.75,0.21211954490899998,5.0195426630335795,4.8609859428001965,5.259755297,1.8134882557733902,3.998314298149604,1310.664398962317,1.2905040418276368,172.47660560338753,2017.151732576378,10.398133598515903,309.1663603520748,
2000,600.0000000000003,3.826,0.337,0.23575410145027192,4.4510291299469085,4.852283250111635,5.259755297,1.8134882557733902,3.9947335751270834,1310.664398962317,1.2905040418276368,172.47660560338753,2017.151732576378,21.791388276296246,331.54301111647203,
2100,600.0000000000003,4.026,0.237,0.22520765158380945,4.693845032015891,4.856369084989144,5.522743062270074,1.8582724871555878,4.095106868275805,1310.664398962317,1.2905040418276368,172.47660560338753,2017.151732576378,32.605829909639176,323.9272925408071,
2100,600.0000000000003,4.313,0.625,0.20001201172907238,5.386914993942972,4.865268271899896,5.522743062270074,1.8582724871555878,4.098857246468082,1310.664398962317,1.2905040418276368,172.47660560338753,2017.151732576378,13.24552799716438,300.2314123822004,
2100,600.0000000000003,4.063,0.75,0.22162798230140196,4.780516821936742,4.857685603895082,5.522743062270074,1.8582724871555878,4.095661904372381,1310.664398962317,1.2905040418276368,172.47660560338753,2017.151732576378,10.398133598515903,320.5438453408324,
2100,600.0000000000003,3.826,0.337,0.24654966206233228,4.239075361854199,4.848155609704341,5.522743062270074,1.8582724871555878,4.091642418594465,1310.664398962317,1.2905040418276368,172.47660560338753,2017.151732576378,21.791388276296246,344.1899970760975,
2200,600.0000000000003,4.026,0.237,0.2349184031791042,4.480488439651532,4.852812958511904,5.785730827140077,1.9020025287077869,4.189940602227601,1310.664398962317,1.2905040418276368,172.47660560338753,2017.151732576378,32.605829909639176,335.45416412575446,
2200,600.0000000000003,4.313,0.625,0.208401944,5.1420552214910185,4.862510694767874,5.785730827140077,1.9020025287077869,4.194125047366913,1310.664398962317,1.2905040418276368,172.47660560338753,2017.151732576378,13.24552799716438,310.4548985891847,
2200,600.0000000000003,4.063,0.75,0.2311526068941651,4.563220602757799,4.8542484714659295,5.785730827140077,1.9020025287077869,4.190560270585358,1310.664398962317,1.2905040418276368,172.47660560338753,2017.151732576378,10.398133598515903,331.8871857867181,
2200,600.0000000000003,3.826,0.337,0.2573617673793612,4.046390118133553,4.843851432054298,5.785730827140077,1.9020025287077869,4.186070103334802,1310.664398962317,1.2905040418276368,172.47660560338753,2017.151732576378,21.791388276296246,356.8019143280315,
2300,600.0000000000003,4.026,0.237,0.24464442491469743,4.285684594449291,4.849113826023648,6.048718592,1.9447494959254303,4.282475203011115,1310.664398962317,1.2905040418276368,172.47660560338753,2017.151732576378,32.605829909639176,346.94876239468965,
2300,600.0000000000003,4.563,0.5,0.19707676733748394,5.5052063527462884,4.866477733422333,6.048718592,1.9447494959254303,4.290135783496097,1310.664398962317,1.2905040418276368,172.47660560338753,2017.151732576378,17.51661959513711,302.21311361151163,
2300,600.0000000000003,4.313,0.625,0.21680678803447223,4.918487603165323,4.8596462771591495,6.048718592,1.9447494959254303,4.287123526044196,1310.664398962317,1.2905040418276368,172.47660560338753,2017.151732576378,13.24552799716438,320.64695023981005,
2300,600.0000000000003,4.063,0.75,0.24069245113283758,4.364819706985721,4.850673779528576,6.048718592,1.9447494959254303,4.283163980925473,1310.664398962317,1.2905040418276368,172.47660560338753,2017.151732576378,10.398133598515903,343.1983822052954,
2300,600.0000000000003,3.826,0.337,0.26818944162290836,3.870460112997312,4.839224619478881,6.048718592,1.9447494959254303,4.2781061680187555,1310.664398962317,1.2905040418276368,172.47660560338753,2017.151732576378,21.791388276296246,369.37814266152134,
2400,600.0000000000003,4.026,0.237,0.2543848495734955,4.107114403013905,4.845270901252637,6.311706356880084,1.9865768509155683,4.372848208637736,1310.664398962317,1.2905040418276368,172.47660560338753,2017.151732576378,32.605829909639176,358.41285233861856,
2400,600.0000000000003,4.563,0.5,0.2045418043002532,5.275822754715193,4.864062030807862,6.311706356880084,1.9865768509155683,4.381319483360742,1310.664398962317,1.2905040418276368,172.47660560338753,2017.151732576378,17.51661959513711,311.43437637220666,
2400,600.0000000000003,4.313,0.625,0.22522568457305142,4.713550619700102,4.856674486524971,6.311706356880084,1.9865768509155683,4.377991041960156,1310.664398962317,1.2905040418276368,172.47660560338753,2017.151732576378,13.24552799716438,330.80937315488075,
2400,600.0000000000003,4.063,0.75,0.250246649,4.182952219194649,4.846960775114668,6.311706356880084,1.9865768509155683,4.3736106962099734,1310.664398962317,1.2905040418276368,172.47660560338753,2017.151732576378,10.398133598515903,354.4792056231516,
2400,600.0000000000003,3.826,0.337,0.2790318110051348,3.7091909416224245,4.834481275267444,6.311706356880084,1.9865768509155683,4.367976686154962,1310.664398962317,1.2905040418276368,172.47660560338753,2017.151732576378,21.791388276296246,381.92399663442995,
1200,620.0000000000003,2.9,0.3,0.23466994249441414,4.418603250184869,4.974765947,3.145483131969456,1.3796073328834173,3.077101489720537,1310.6647355457094,1.2947582503081647,173.0452274462509,2017.1711930683457,19.17286509,309.0235523044596,
1300,620.0000000000003,2.9,0.3,0.2529827779188055,4.078710692478341,4.967477715575699,3.407606726300244,1.4359408387387824,3.2004018364811073,1310.6647355457094,1.2947582503081647,173.0452274462509,2017.1711930683457,19.17286509,329.72185870264013,
1400,620.0000000000003,2.9,0.3,0.27132925692625715,3.7873742144441738,4.959483918102036,3.669730320631032,1.4901462316732474,3.3185405751404016,1310.6647355457094,1.2947582503081647,173.0452274462509,2017.1711930683457,19.17286509,350.34352612829156,
1500,620.0000000000003,2.9,0.3,0.28970628891258837,3.5348826001478955,4.950994684622853,3.931853915,1.5424478892922515,3.432074690444121,1310.6647355457094,1.2947582503081647,173.0452274462509,2017.1711930683457,19.17286509,370.8976029,
1600,620.0000000000003,2.9,0.3,0.30811127595667354,3.313952437638652,4.941942738567369,4.193977509292608,1.5930333300324457,3.5413896758785195,1310.6647355457094,1.2947582503081647,173.0452274462509,2017.1711930683457,19.17286509,391.38552769702136,
1700,620.0000000000003,2.9,0.3,0.3265420078403494,3.119014058954025,4.932332337422343,4.456101103623396,1.6420611712133029,3.646829820607047,1310.6647355457094,1.2947582503081647,173.0452274462509,2017.1711930683457,19.17286509,411.81692750406165,
1800,620.0000000000003,2.9,0.3,0.34499658432541314,2.945735500123246,4.922165701903355,4.718224697954184,1.6896670054831946,3.7486875041594994,1310.6647355457094,1.2947582503081647,173.0452274462509,2017.1711930683457,19.17286509,432.1930859007596,
1900,620.0000000000003,2.9,0.3,0.36347335648835627,2.7906967895904433,4.911451917407291,4.9803482922849724,1.735967824825877,3.847216439667252,1310.6647355457094,1.2947582503081647,173.0452274462509,2017.1711930683457,19.17286509,452.51721367032576,
1900,620.0000000000003,3.826,0.337,0.21772976536290825,4.857430420729947,4.982091044585722,4.9803482922849724,1.735967824825877,3.8747840323671716,1310.6647355457094,1.2947582503081647,173.0452274462509,2017.1711930683457,22.517767885506114,312.2350568565624,
2000,620.0000000000003,2.9,0.3,0.3819708816814975,2.651161950110921,4.900193422315981,5.2424718866157605,1.7810654081877026,3.9426341594799035,1310.6647355457094,1.2947582503081647,173.0452274462509,2017.1711930683457,19.17286509,472.7919680176401,
2000,620.0000000000003,4.026,0.237,0.20865251965110615,5.109610591305123,4.985510390384766,5.2424718866157605,1.7810654081877026,3.976808530555716,1310.6647355457094,1.2947582503081647,173.0452274462509,2017.1711930683457,33.692690906627156,306.14044266891267,
2000,620.0000000000003,4.063,0.75,0.2053907756590697,5.203959487088067,4.986670165459024,5.2424718866157605,1.7810654081877026,3.977271064463546,1310.6647355457094,1.2947582503081647,173.0452274462509,2017.1711930683457,10.744738051799764,303.07114560342586,
2000,620.0000000000003,3.826,0.337,0.22811329743893385,4.614558899693449,4.978250466431184,5.2424718866157605,1.7810654081877026,3.9739119519159027,1310.6647355457094,1.2947582503081647,173.0452274462509,2017.1711930683457,22.517767885506114,324.5450959718269,
2100,620.0000000000003,2.9,0.3,0.400487888,2.524916142962782,4.888394475473131,5.5045954809465485,1.8250489548653126,4.035131019634689,1310.6647355457094,1.2947582503081647,173.0452274462509,2017.1711930683457,19.17286509,493.0196591518126,
2100,620.0000000000003,4.026,0.237,0.21799145370132936,4.866295801242974,4.982219858374627,5.5045954809465485,1.8250489548653126,4.073671106,1310.6647355457094,1.2947582503081647,173.0452274462509,2017.1711930683457,33.692690906627156,317.36563629952195,
2100,620.0000000000003,4.063,0.75,0.21455026546768646,4.956151892464826,4.983488637802717,5.5045954809465485,1.8250489548653126,4.074189776161627,1310.6647355457094,1.2947582503081647,173.0452274462509,2017.1711930683457,10.744738051799764,314.1191425829203,
2100,620.0000000000003,3.826,0.337,0.23851404186942946,4.394817999708047,4.9743081544950405,5.5045954809465485,1.8250489548653126,4.070435350736364,1310.6647355457094,1.2947582503081647,173.0452274462509,2017.1711930683457,22.517767885506114,336.8185200856505,
2200,620.0000000000003,4.026,0.237,0.22734623708936705,4.645100537550112,4.978793593376735,5.7667190752773365,1.8679971592770455,4.168101368,1310.6647355457094,1.2947582503081647,173.0452274462509,2017.1711930683457,33.692690906627156,328.55618287823256,
2200,620.0000000000003,4.313,0.625,0.2018595613023725,5.330973128,4.988140470217397,5.7667190752773365,1.8679971592770455,4.172012000623659,1310.6647355457094,1.2947582503081647,173.0452274462509,2017.1711930683457,13.687045597069861,304.57519809147266,
2200,620.0000000000003,4.063,0.75,0.223725556,4.730872260989152,4.980176530194125,5.7667190752773365,1.8679971592770455,4.168680205342792,1310.6647355457094,1.2947582503081647,173.0452274462509,2017.1711930683457,10.744738051799764,325.13260490068853,
2200,620.0000000000003,3.826,0.337,0.248930925,4.195053545175863,4.970164492644724,5.7667190752773365,1.8679971592770455,4.164487785617832,1310.6647355457094,1.2947582503081647,173.0452274462509,2017.1711930683457,22.517767885506114,349.05603933477516,
2300,620.0000000000003,4.026,0.237,0.23671592067408165,4.443139644613151,4.975230843091105,6.0288426696081245,1.9099798654643594,4.2602531586937396,1310.6647355457094,1.2947582503081647,173.0452274462509,2017.1711930683457,33.692690906627156,339.7141296279707,
2300,620.0000000000003,4.313,0.625,0.20995516175215823,5.099191687943225,4.985378573462689,6.0288426696081245,1.9099798654643594,4.264595658539141,1310.6647355457094,1.2947582503081647,173.0452274462509,2017.1711930683457,13.687045597069861,314.47635276302844,
2300,620.0000000000003,4.063,0.75,0.2329156982020715,4.525182162685276,4.976733130352344,6.0288426696081245,1.9099798654643594,4.260896308849995,1310.6647355457094,1.2947582503081647,173.0452274462509,2017.1711930683457,10.744738051799764,336.11358557330107,
2300,620.0000000000003,3.826,0.337,0.2593629920674926,4.012659912776913,4.965851376807879,6.0288426696081245,1.9099798654643594,4.256235480635432,1310.6647355457094,1.2947582503081647,173.0452274462509,2017.1711930683457,22.517767885506114,361.2601900990388,
2400,620.0000000000003,4.026,0.237,0.24609965487481023,4.258008826087604,4.971530863461308,6.290966263938912,1.9510594009131021,4.350263484080333,1310.6647355457094,1.2947582503081647,173.0452274462509,2017.1711930683457,33.692690906627156,350.84128977754085,
2400,620.0000000000003,4.563,0.5,0.1981918807200683,5.469655249429158,4.989636715697811,6.290966263938912,1.9510594009131021,4.358177911887345,1310.6647355457094,1.2947582503081647,173.0452274462509,2017.1711930683457,18.100506914975018,305.77469962375056,
2400,620.0000000000003,4.313,0.625,0.21806448083547103,4.886725367612258,4.982514168651672,6.290966263938912,1.9510594009131021,4.355066221144961,1310.6647355457094,1.2947582503081647,173.0452274462509,2017.1711930683457,13.687045597069861,324.3475247,
2400,620.0000000000003,4.063,0.75,0.24211984458426483,4.336632905906723,4.973157729463605,6.290966263938912,1.9510594009131021,4.350975208201646,1310.6647355457094,1.2947582503081647,173.0452274462509,2017.1711930683457,10.744738051799764,347.06390346009744,
2400,620.0000000000003,3.826,0.337,0.26980938622422806,3.845465749744542,4.961206833356363,6.290966263938912,1.9510594009131021,4.345744192821611,1310.6647355457094,1.2947582503081647,173.0452274462509,2017.1711930683457,22.517767885506114,373.4299266788636,
1200,640.0000000000003,2.9,0.3,0.22714241064979332,4.575557101565549,5.100543643713741,3.1355702958333427,1.3557387462091608,3.0618523358880894,1310.665132552776,1.2988511238645348,173.59229506775839,2017.189953779617,19.79134461281228,301.9683388629203,
1300,640.0000000000003,2.9,0.3,0.24481208606266647,4.223591170675891,5.093389082751311,3.396867820486121,1.4110976260712271,3.1846410421261218,1310.665132552776,1.2988511238645348,173.59229506775839,2017.189953779617,19.79134461281228,322.0470723471983,
1400,640.0000000000003,2.9,0.3,0.2625145999523582,3.921906087056184,5.085871181852868,3.658165345,1.464365211494359,3.302418289774061,1310.665132552776,1.2988511238645348,173.59229506775839,2017.189953779617,19.79134461281228,342.0526850476915,
1500,640.0000000000003,2.9,0.3,0.28024692330943923,3.660445681252439,5.077582932403614,3.9194628697916785,1.5157619981270092,3.4155411919039795,1310.665132552776,1.2988511238645348,173.59229506775839,2017.189953779617,19.79134461281228,361.9864517368125,
1600,640.0000000000003,2.9,0.3,0.29800651045533627,3.431667826174161,5.068883060726696,4.180760394444458,1.5654722601493296,3.5245324423850013,1310.665132552776,1.2988511238645348,173.59229506775839,2017.189953779617,19.79134461281228,381.8584162701379,
1700,640.0000000000003,2.9,0.3,0.3157911960103987,3.2298050128697993,5.059644838978424,4.442057919097236,1.6136518706425234,3.6296927343441845,1310.665132552776,1.2988511238645348,173.59229506775839,2017.189953779617,19.79134461281228,401.6713904,
1800,640.0000000000003,2.9,0.3,0.3335991186198151,3.0503714010436993,5.049872247450727,4.703355443750015,1.6604340763665326,3.731314306894627,1310.665132552776,1.2988511238645348,173.59229506775839,2017.189953779617,19.79134461281228,421.4280323703631,
1900,640.0000000000003,2.9,0.3,0.35142866338692785,2.889825537830873,5.039567189289094,4.964652968402793,1.7059338452267854,3.8296475376515797,1310.665132552776,1.2988511238645348,173.59229506775839,2017.189953779617,19.79134461281228,441.13405245616656,
1900,640.0000000000003,3.826,0.337,0.21097212477250477,5.029971916125657,5.107480419846092,4.964652968402793,1.7059338452267854,3.8553653581271856,1310.665132552776,1.2988511238645348,173.59229506775839,2017.189953779617,23.24414749471599,306.0626752288846,
2000,640.0000000000003,2.9,0.3,0.36927841768154035,2.7453342609393294,5.0287385037444166,5.225950493055572,1.7502511952920676,3.924911867680108,1310.665132552776,1.2988511238645348,173.59229506775839,2017.189953779617,19.79134461281228,460.79095879126237,
2000,640.0000000000003,4.026,0.237,0.20225522449602837,5.2911098153703975,5.110780629366176,5.225950493055572,1.7502511952920676,3.9567991248020853,1310.665132552776,1.2988511238645348,173.59229506775839,2017.189953779617,34.779551903615115,300.3402396852202,
2000,640.0000000000003,3.826,0.337,0.22098771478342485,4.778473320319374,5.103806853687797,5.225950493055572,1.7502511952920676,3.9540986323498317,1310.665132552776,1.2988511238645348,173.59229506775839,2017.189953779617,23.24414749471599,318.0242809722334,
2100,640.0000000000003,2.9,0.3,0.3871471367012871,2.6146040580374565,5.017388039790448,5.487248018,1.7934737826219755,4.0172964183648485,1310.665132552776,1.2988511238645348,173.59229506775839,2017.189953779617,19.79134461281228,480.4011088544342,
2100,640.0000000000003,4.026,0.237,0.21126243916515566,5.039152205114664,5.107604721986908,5.487248018,1.7934737826219755,4.053252622344639,1310.665132552776,1.2988511238645348,173.59229506775839,2017.189953779617,34.779551903615115,311.25178272901564,
2100,640.0000000000003,4.063,0.75,0.20795051970125106,5.132200087676164,5.108829159554739,5.487248018,1.7934737826219755,4.053738432978807,1310.665132552776,1.2988511238645348,173.59229506775839,2017.189953779617,11.091342505083627,308.13327371010934,
2100,640.0000000000003,3.826,0.337,0.23102011606987732,4.550926971732737,5.099973207330703,5.487248018,1.7934737826219755,4.050223411831091,1310.665132552776,1.2988511238645348,173.59229506775839,2017.189953779617,23.24414749471599,329.94782848157615,
2200,640.0000000000003,2.9,0.3,0.4050337162706899,2.495758419035754,5.005520204144504,5.7485455423611285,1.8356789401427045,4.1069681497562085,1310.665132552776,1.2988511238645348,173.59229506775839,2017.189953779617,19.79134461281228,499.9665809693221,
2200,640.0000000000003,4.026,0.237,0.22028513793129528,4.810099832154907,5.104299050011778,5.7485455423611285,1.8356789401427045,4.147293594163602,1310.665132552776,1.2988511238645348,173.59229506775839,2017.189953779617,34.779551903615115,322.12828574641907,
2200,640.0000000000003,4.063,0.75,0.21679991711965496,4.8989182655090655,5.105633167260604,5.7485455423611285,1.8356789401427045,4.1478355505000835,1310.665132552776,1.2988511238645348,173.59229506775839,2017.189953779617,11.091342505083627,318.8387269,
2200,640.0000000000003,3.826,0.337,0.24106827638492823,4.344066654835794,5.095978535343709,5.7485455423611285,1.8356789401427045,4.143911965165229,1310.665132552776,1.2988511238645348,173.59229506775839,2017.189953779617,23.24414749471599,341.83566054555956,
2300,640.0000000000003,4.026,0.237,0.22932239016847744,4.600965056843824,5.100885596871436,6.009843067013907,1.8769353035239411,4.239084705260364,1310.665132552776,1.2988511238645348,173.59229506775839,2017.189953779617,34.779551903615115,332.9722231440411,
2300,640.0000000000003,4.313,0.625,0.20356686184084521,5.280320820620515,5.110653380393172,6.009843067013907,1.8769353035239411,4.243141516317506,1310.665132552776,1.2988511238645348,173.59229506775839,2017.189953779617,14.128563196975342,308.7285017647545,
2300,640.0000000000003,4.063,0.75,0.22566382261493664,4.685921819182584,5.102311669691934,6.009843067013907,1.8769353035239411,4.239677231881833,1310.665132552776,1.2988511238645348,173.59229506775839,2017.189953779617,11.091342505083627,329.51134551443226,
2300,640.0000000000003,3.826,0.337,0.2511312587781107,4.155194191582064,5.091821909671528,6.009843067013907,1.8769353035239411,4.235316847700579,1310.665132552776,1.2988511238645348,173.59229506775839,2017.189953779617,23.24414749471599,353.6898398374833,
2400,640.0000000000003,4.026,0.237,0.23837336295049621,4.409258179475331,5.097295622685662,6.271140591666685,1.9173041219236908,4.3287341740183924,1310.665132552776,1.2988511238645348,173.59229506775839,2017.189953779617,34.779551903615115,343.78431916652755,
2400,640.0000000000003,4.563,0.5,0.19227209335701262,5.663943672379677,5.114587681593741,6.271140591666685,1.9173041219236908,4.336070354,1310.665132552776,1.2988511238645348,173.59229506775839,2017.189953779617,18.684394234812917,300.5015578590719,
2400,640.0000000000003,4.313,0.625,0.21138739322089872,5.060307453,5.107888730886352,6.271140591666685,1.9173041219236908,4.333229788356226,1310.665132552776,1.2988511238645348,173.59229506775839,2017.189953779617,14.128563196975342,318.3277531138374,
2400,640.0000000000003,4.063,0.75,0.2345414042591741,4.490675076716643,5.098864005138731,6.271140591666685,1.9173041219236908,4.329400075024679,1310.665132552776,1.2988511238645348,173.59229506775839,2017.189953779617,11.091342505083627,340.1529928227948,
2400,640.0000000000003,3.826,0.337,0.2612082244161566,3.982061100266145,5.0875024336977255,6.271140591666685,1.9173041219236908,4.32457388,1310.665132552776,1.2988511238645348,173.59229506775839,2017.189953779617,23.24414749471599,365.5121916458216,
1300,660.0000000000003,2.9,0.3,0.23717293018425778,4.368800767,5.2188019797595455,3.3865858706556837,1.3874485200115292,3.169584155760787,1310.6655877742871,1.302794088907862,174.1193353782678,2017.2080746866673,20.409824131962665,314.87860685476676,
1400,660.0000000000003,2.9,0.3,0.25427320834392175,4.056743569578264,5.2115495745766145,3.6470924760907364,1.439823374305403,3.2869466589772793,1310.6655877742871,1.302794088907862,174.1193353782678,2017.2080746866673,20.409824131962665,334.3059030790276,
1500,660.0000000000003,2.9,0.3,0.2714025986536198,3.7862939982730457,5.203619455440473,3.907599081525789,1.4903587832163807,3.399723488375195,1310.6655877742871,1.302794088907862,174.1193353782678,2017.2080746866673,20.409824131962665,353.6619835433487,
1600,660.0000000000003,2.9,0.3,0.28855860481127055,3.549650623,5.195249060989651,4.168105686960843,1.5392359326055982,3.508394160175167,1310.6655877742871,1.302794088907862,174.1193353782678,2017.2080746866673,20.409824131962665,372.9553505574178,
1700,660.0000000000003,2.9,0.3,0.3057391037994384,3.3408476455350407,5.186359274865274,4.428612292395894,1.5866080832197467,3.6132745466374523,1310.6655877742871,1.302794088907862,174.1193353782678,2017.2080746866673,20.409824131962665,392.1895855063898,
1800,660.0000000000003,2.9,0.3,0.3229422709854559,3.155244998560872,5.176953725807208,4.689118897830947,1.632606248687127,3.714655951333457,1310.6655877742871,1.302794088907862,174.1193353782678,2017.2080746866673,20.409824131962665,411.3685937569869,
1900,660.0000000000003,2.9,0.3,0.3401665235964441,2.989179472320826,5.167036139743715,4.949625503,1.6773434701235959,3.812788823003158,1310.6655877742871,1.302794088907862,174.1193353782678,2017.2080746866673,20.409824131962665,430.49570070901933,
1900,660.0000000000003,3.826,0.337,0.20465627702171946,5.202905366155366,5.232407724856085,4.949625503,1.6773434701235959,3.8368320694427767,1310.6655877742871,1.302794088907862,174.1193353782678,2017.2080746866673,23.970527103925864,300.3026365169086,
2000,660.0000000000003,2.9,0.3,0.357410477,2.8397204987047844,5.156608125570316,5.210132108701052,1.720918089358201,3.9078894004518308,1310.6655877742871,1.302794088907862,174.1193353782678,2017.2080746866673,20.409824131962665,449.5737261726213,
2000,660.0000000000003,3.826,0.337,0.21432783516933093,4.9427600978475965,5.228858980338784,5.210132108701052,1.720918089358201,3.9351715007657324,1310.6655877742871,1.302794088907862,174.1193353782678,2017.2080746866673,23.970527103925864,311.93815737211906,
2100,660.0000000000003,2.9,0.3,0.37467291254799634,2.7044957130521756,5.145678306725234,5.470638714136105,1.7634162933902746,4.000148969117016,1310.6655877742871,1.302794088907862,174.1193353782678,2017.2080746866673,20.409824131962665,468.6052061770364,
2100,660.0000000000003,4.026,0.237,0.2049737555208806,5.212401278983553,5.232527828171576,5.470638714136105,1.7634162933902746,4.033765271122786,1310.6655877742871,1.302794088907862,174.1193353782678,2017.2080746866673,35.86641290060309,305.5473082400184,
2100,660.0000000000003,4.063,0.75,0.20178277208155473,5.308648203531298,5.2337109958989725,5.470638714136105,1.7634162933902746,4.034221298427586,1310.6655877742871,1.302794088907862,174.1193353782678,2017.2080746866673,11.437946958367492,302.54854285956753,
2100,660.0000000000003,3.826,0.337,0.22401582781719037,4.7073905693786635,5.225157004413944,5.470638714136105,1.7634162933902746,4.0309231791320075,1310.6655877742871,1.302794088907862,174.1193353782678,2017.2080746866673,23.970527103925864,323.5352408050211,
2200,660.0000000000003,2.9,0.3,0.39195274756653775,2.5815640897316223,5.134248206980209,5.731145319571158,1.8049141190949527,4.089733155243477,1310.6655877742871,1.302794088907862,174.1193353782678,2017.2080746866673,20.409824131962665,487.59224687311115,
2200,660.0000000000003,4.026,0.237,0.21368596222235753,4.975473948120665,5.229334372956879,5.731145319571158,1.8049141190949527,4.127430303243749,1310.6655877742871,1.302794088907862,174.1193353782678,2017.2080746866673,35.86641290060309,316.1303760672121,
2200,660.0000000000003,4.063,0.75,0.21032746958844734,5.067346012461694,5.230623065043431,5.731145319571158,1.8049141190949527,4.127938843980889,1310.6655877742871,1.302794088907862,174.1193353782678,2017.2080746866673,11.437946958367492,312.96620760558005,
2200,660.0000000000003,3.826,0.337,0.2337192226448974,4.493418270770543,5.221300914269854,5.731145319571158,1.8049141190949527,4.124258744241257,1310.6655877742871,1.302794088907862,174.1193353782678,2017.2080746866673,23.970527103925864,335.09628318484886,
2300,660.0000000000003,4.026,0.237,0.22241239666212997,4.7591489938545495,5.226016034557474,5.991651925,1.845479051851395,4.218853928125499,1310.6655877742871,1.302794088907862,174.1193353782678,2017.2080746866673,35.86641290060309,326.6801686,
2300,660.0000000000003,4.313,0.625,0.19759729277187052,5.4618614160751635,5.235474045291149,5.991651925,1.845479051851395,4.2226698299720695,1310.6655877742871,1.302794088907862,174.1193353782678,2017.2080746866673,14.570080796880822,303.3672273292332,
2300,660.0000000000003,4.063,0.75,0.21888635168376663,4.847026620615534,5.227414986586235,5.991651925,1.845479051851395,4.2194185627631295,1310.6655877742871,1.302794088907862,174.1193353782678,2017.2080746866673,11.437946958367492,323.35069746591256,
2300,660.0000000000003,3.826,0.337,0.24343710053800466,4.298052259,5.217289832943405,5.991651925,1.845479051851395,4.215330216138449,1310.6655877742871,1.302794088907862,174.1193353782678,2017.2080746866673,23.970527103925864,346.6233958048572,
2400,660.0000000000003,4.026,0.237,0.23115224167277762,4.560851119110609,5.222572162795501,6.252158530441263,1.8851713143203557,4.308172135686362,1310.6655877742871,1.302794088907862,174.1193353782678,2017.2080746866673,35.86641290060309,337.1985860948675,
2400,660.0000000000003,4.313,0.625,0.2051478309353846,5.234283857072031,5.232802249803156,6.252158530441263,1.8851713143203557,4.312389542,1310.6655877742871,1.302794088907862,174.1193353782678,2017.2080746866673,14.570080796880822,312.71244074682124,
2400,660.0000000000003,4.063,0.75,0.22745860214902092,4.645067178089886,5.224086147114426,6.252158530441263,1.8851713143203557,4.308796543757288,1310.6655877742871,1.302794088907862,174.1193353782678,2017.2080746866673,11.437946958367492,333.7039177048434,
2400,660.0000000000003,3.826,0.337,0.2531686387140758,4.118966748206331,5.213122902823162,6.252158530441263,1.8851713143203557,4.304272958,1310.6655877742871,1.302794088907862,174.1193353782678,2017.2080746866673,23.970527103925864,358.11844828964445,
1300,680.0000000000003,2.9,0.3,0.23001587667842138,4.514329223865539,5.343726543958038,3.3767266922642074,1.3649017283300573,3.1551753228069823,1310.666100275464,1.3065974035659509,174.62771930902312,2017.2256096087528,21.028303651113042,308.16831296036463,
1400,680.0000000000003,2.9,0.3,0.2465517735594041,4.191877136446572,5.336721575949439,3.636474899361454,1.416425462807895,3.2721333797711987,1310.666100275464,1.3065974035659509,174.62771930902312,2017.2256096087528,21.028303651113042,327.0536768472126,
1500,680.0000000000003,2.9,0.3,0.2631161271137866,3.9124186606834668,5.329260930195306,3.8962231064587005,1.466139643888925,3.3846115284133766,1310.666100275464,1.3065974035659509,174.62771930902312,2017.2256096087528,21.028303651113042,345.87005153107225,
1600,680.0000000000003,2.9,0.3,0.2797064877974763,3.6678924943907503,5.321057084176877,4.1559713135559475,1.5142225130656743,3.4929201528068154,1310.666100275464,1.3065974035659509,174.62771930902312,2017.2256096087528,21.028303651113042,364.6193361538429,
1700,680.0000000000003,2.9,0.3,0.2963207726939527,3.452134112367765,5.312494038344335,4.4157195206531945,1.5608248405144982,3.597521483,1310.666100275464,1.3065974035659509,174.62771930902312,2017.2256096087528,21.028303651113042,383.3111357477562,
1800,680.0000000000003,2.9,0.3,0.31295719192001015,3.2603488839028887,5.303432813206868,4.6754677277504415,1.6060755108211109,3.6986607257567385,1310.666100275464,1.3065974035659509,174.62771930902312,2017.2256096087528,21.028303651113042,401.94763812941665,
1900,680.0000000000003,2.9,0.3,0.32961419309029877,3.0887515742237897,5.293876814944337,4.935215934847688,1.6500857281218677,3.7965875888984257,1310.666100275464,1.3065974035659509,174.62771930902312,2017.2256096087528,21.028303651113042,420.5322528248275,
2000,680.0000000000003,2.9,0.3,0.3462904186915411,2.934313996,5.283829536456288,5.194964141944935,1.6929522361377054,3.891518545708937,1310.666100275464,1.3065974035659509,174.62771930902312,2017.2256096087528,21.028303651113042,439.0679084,
2000,680.0000000000003,3.826,0.337,0.2080902413987249,5.107407626275412,5.3534472285149395,5.194964141944935,1.6929522361377054,3.9170712238661514,1310.666100275464,1.3065974035659509,174.62771930902312,2017.2256096087528,24.696906713135743,306.2455594324742,
2100,680.0000000000003,2.9,0.3,0.3629846728693421,2.794584757631048,5.273292316215552,5.454712349042182,1.7347598212824276,3.9836417759006753,1310.666100275464,1.3065974035659509,174.62771930902312,2017.2256096087528,21.028303651113042,457.5571037,
2100,680.0000000000003,4.026,0.237,0.19908432522914515,5.386030783707513,5.356995748985024,5.454712349042182,1.7347598212824276,4.0151336477520365,1310.666100275464,1.3065974035659509,174.62771930902312,2017.2256096087528,36.953273897591075,300.2129550459128,
2100,680.0000000000003,3.826,0.337,0.21745553380472865,4.864197739309916,5.349868017238545,5.454712349042182,1.7347598212824276,4.012461597697618,1310.666100275464,1.3065974035659509,174.62771930902312,2017.2256096087528,24.696906713135743,317.5368318365452,
2200,680.0000000000003,2.9,0.3,0.3796958951991719,2.667558177738728,5.262273583557469,5.714460556139428,1.7755832847906692,4.073125198695652,1310.666100275464,1.3065974035659509,174.62771930902312,2017.2256096087528,21.028303651113042,476.0021141800569,
2200,680.0000000000003,4.026,0.237,0.20750562342383522,5.141211202629899,5.3539069517347375,5.714460556139428,1.7755832847906692,4.108435351527516,1310.666100275464,1.3065974035659509,174.62771930902312,2017.2256096087528,36.953273897591075,310.52118445889494,
2200,680.0000000000003,4.063,0.75,0.20426593518434188,5.236143603,5.3551532820023375,5.714460556139428,1.7755832847906692,4.1089135228344595,1310.666100275464,1.3065974035659509,174.62771930902312,2017.2256096087528,11.784551411651355,307.4746045,
2200,680.0000000000003,3.826,0.337,0.22683589255457057,4.643097842068557,5.345983231483147,5.714460556139428,1.7755832847906692,4.105394007464932,1310.666100275464,1.3065974035659509,174.62771930902312,2017.2256096087528,24.696906713135743,328.7893092202519,
2300,680.0000000000003,2.9,0.3,0.3964231397215009,2.5515773874022614,5.250774563946297,5.974208763236675,1.8154890153675418,4.160114767513118,1310.666100275464,1.3065974035659509,174.62771930902312,2017.2256096087528,21.028303651113042,494.40483111879007,
2300,680.0000000000003,4.026,0.237,0.21594084267115193,4.917680280776425,5.350698446195682,5.974208763236675,1.8154890153675418,4.199512356362217,1310.666100275464,1.3065974035659509,174.62771930902312,2017.2256096087528,36.953273897591075,320.79581255302924,
2300,680.0000000000003,4.063,0.75,0.21253903366452365,5.008485185771406,5.3520509661718405,5.974208763236675,1.8154890153675418,4.200043087585403,1310.666100275464,1.3065974035659509,174.62771930902312,2017.2256096087528,11.784551411651355,317.58922002756185,
2300,680.0000000000003,3.826,0.337,0.23623041543771642,4.441224022848185,5.342265682599343,5.974208763236675,1.8154890153675418,4.196201811084416,1310.666100275464,1.3065974035659509,174.62771930902312,2017.2256096087528,24.696906713135743,340.01244331124343,
2400,680.0000000000003,4.026,0.237,0.22438918074294298,4.712776935744074,5.347369630837577,6.233956970333921,1.8545362570228678,4.288500164040799,1310.666100275464,1.3065974035659509,174.62771930902312,2017.2256096087528,36.953273897591075,331.0387795008906,
2400,680.0000000000003,4.313,0.625,0.19930494858814474,5.408642289020167,5.357261227678496,6.233956970333921,1.8545362570228678,4.292464778279078,1310.666100275464,1.3065974035659509,174.62771930902312,2017.2256096087528,15.0115984,307.4626917246285,
2400,680.0000000000003,4.063,0.75,0.22082521079235184,4.799798303030931,5.348832906,6.233956970333921,1.8545362570228678,4.289086885075683,1310.666100275464,1.3065974035659509,174.62771930902312,2017.2256096087528,11.784551411651355,327.67227179793304,
2400,680.0000000000003,3.826,0.337,0.24563829488031463,4.256173021896178,5.338240922,6.233956970333921,1.8545362570228678,4.284838065170738,1310.666100275464,1.3065974035659509,174.62771930902312,2017.2256096087528,24.696906713135743,351.2008508330585,
