x_m,y_m,gamma,Cp [(KJ/kg-K)],k [W/m-K],MW [kg/kmol],R [J/kg-K],Temperature [K],Pressure [bar],ae_at,Viscosity [Pa*s],Prandtl Number,Mach
-0.2328,0.04859036984856043,1.2565258808439363,2.378630858199499,0.294443543970119,17.168670203498078,484.2838671515711,2012.4803714237219,29.689515421509718,4.512110334655651,6.736033033724129e-05,0.5441594902047638,0.1317337170573358
-0.2309189306247337,0.04859036984856043,1.2565258808439363,2.378630858199499,0.294443543970119,17.168670203498078,484.2838671515711,2012.4803714237219,29.689515421509718,4.512110334655651,6.736033033724129e-05,0.5441594902047638,0.1317337170573358
-0.22903786124946737,0.04859036984856043,1.2565258808439363,2.378630858199499,0.294443543970119,17.168670203498078,484.2838671515711,2012.4803714237219,29.689515421509718,4.512110334655651,6.736033033724129e-05,0.5441594902047638,0.1317337170573358
-0.22715679187420104,0.04859036984856043,1.2565258808439363,2.378630858199499,0.294443543970119,17.168670203498078,484.2838671515711,2012.4803714237219,29.689515421509718,4.512110334655651,6.736033033724129e-05,0.5441594902047638,0.1317337170573358
-0.22527572249893468,0.04859036984856043,1.2565258808439363,2.378630858199499,0.294443543970119,17.168670203498078,484.2838671515711,2012.4803714237219,29.689515421509718,4.512110334655651,6.736033033724129e-05,0.5441594902047638,0.1317337170573358
-0.22339465312366832,0.04859036984856043,1.2565258808439363,2.378630858199499,0.294443543970119,17.168670203498078,484.2838671515711,2012.4803714237219,29.689515421509718,4.512110334655651,6.736033033724129e-05,0.5441594902047638,0.1317337170573358
-0.221513583748402,0.04859036984856043,1.2565258808439363,2.378630858199499,0.294443543970119,17.168670203498078,484.2838671515711,2012.4803714237219,29.689515421509718,4.512110334655651,6.736033033724129e-05,0.5441594902047638,0.1317337170573358
-0.21963251437313566,0.04859036984856043,1.2565258808439363,2.378630858199499,0.294443543970119,17.168670203498078,484.2838671515711,2012.4803714237219,29.689515421509718,4.512110334655651,6.736033033724129e-05,0.5441594902047638,0.1317337170573358
-0.21775144499786933,0.04859036984856043,1.2565258808439363,2.378630858199499,0.294443543970119,17.168670203498078,484.2838671515711,2012.4803714237219,29.689515421509718,4.512110334655651,6.736033033724129e-05,0.5441594902047638,0.1317337170573358
-0.21587037562260294,0.04859036984856043,1.2565258808439363,2.378630858199499,0.294443543970119,17.168670203498078,484.2838671515711,2012.4803714237219,29.689515421509718,4.512110334655651,6.736033033724129e-05,0.5441594902047638,0.1317337170573358
-0.21398930624733664,0.04859036984856043,1.2565258808439363,2.378630858199499,0.294443543970119,17.168670203498078,484.2838671515711,2012.4803714237219,29.689515421509718,4.512110334655651,6.736033033724129e-05,0.5441594902047638,0.1317337170573358
-0.2121082368720703,0.04859036984856043,1.2565258808439363,2.378630858199499,0.294443543970119,17.168670203498078,484.2838671515711,2012.4803714237219,29.689515421509718,4.512110334655651,6.736033033724129e-05,0.5441594902047638,0.1317337170573358
-0.21022716749680398,0.04859036984856043,1.2565258808439363,2.378630858199499,0.294443543970119,17.168670203498078,484.2838671515711,2012.4803714237219,29.689515421509718,4.512110334655651,6.736033033724129e-05,0.5441594902047638,0.1317337170573358
-0.20834609812153765,0.04859036984856043,1.2565258808439363,2.378630858199499,0.294443543970119,17.168670203498078,484.2838671515711,2012.4803714237219,29.689515421509718,4.512110334655651,6.736033033724129e-05,0.5441594902047638,0.1317337170573358
-0.20646502874627132,0.04859036984856043,1.2565258808439363,2.378630858199499,0.294443543970119,17.168670203498078,484.2838671515711,2012.4803714237219,29.689515421509718,4.512110334655651,6.736033033724129e-05,0.5441594902047638,0.1317337170573358
-0.20458395937100496,0.04859036984856043,1.2565258808439363,2.378630858199499,0.294443543970119,17.168670203498078,484.2838671515711,2012.4803714237219,29.689515421509718,4.512110334655651,6.736033033724129e-05,0.5441594902047638,0.1317337170573358
-0.20270288999573866,0.04859036984856043,1.2565258808439363,2.378630858199499,0.294443543970119,17.168670203498078,484.2838671515711,2012.4803714237219,29.689515421509718,4.512110334655651,6.736033033724129e-05,0.5441594902047638,0.1317337170573358
-0.2008218206204723,0.04859036984856043,1.2565258808439363,2.378630858199499,0.294443543970119,17.168670203498078,484.2838671515711,2012.4803714237219,29.689515421509718,4.512110334655651,6.736033033724129e-05,0.5441594902047638,0.1317337170573358
-0.19894075124520597,0.04859036984856043,1.2565258808439363,2.378630858199499,0.294443543970119,17.168670203498078,484.2838671515711,2012.4803714237219,29.689515421509718,4.512110334655651,6.736033033724129e-05,0.5441594902047638,0.1317337170573358
-0.1970596818699396,0.04859036984856043,1.2565258808439363,2.378630858199499,0.294443543970119,17.168670203498078,484.2838671515711,2012.4803714237219,29.689515421509718,4.512110334655651,6.736033033724129e-05,0.5441594902047638,0.1317337170573358
-0.1951786124946733,0.04859036984856043,1.2565258808439363,2.378630858199499,0.294443543970119,17.168670203498078,484.2838671515711,2012.4803714237219,29.689515421509718,4.512110334655651,6.736033033724129e-05,0.5441594902047638,0.1317337170573358
-0.19329754311940694,0.04859036984856043,1.2565258808439363,2.378630858199499,0.294443543970119,17.168670203498078,484.2838671515711,2012.4803714237219,29.689515421509718,4.512110334655651,6.736033033724129e-05,0.5441594902047638,0.1317337170573358
-0.19141647374414064,0.04859036984856043,1.2565258808439363,2.378630858199499,0.294443543970119,17.168670203498078,484.2838671515711,2012.4803714237219,29.689515421509718,4.512110334655651,6.736033033724129e-05,0.5441594902047638,0.1317337170573358
-0.18953540436887428,0.04859036984856043,1.2565258808439363,2.378630858199499,0.294443543970119,17.168670203498078,484.2838671515711,2012.4803714237219,29.689515421509718,4.512110334655651,6.736033033724129e-05,0.5441594902047638,0.1317337170573358
-0.18765433499360795,0.04859036984856043,1.2565258808439363,2.378630858199499,0.294443543970119,17.168670203498078,484.2838671515711,2012.4803714237219,29.689515421509718,4.512110334655651,6.736033033724129e-05,0.5441594902047638,0.1317337170573358
-0.18577326561834162,0.04859036984856043,1.2565258808439363,2.378630858199499,0.294443543970119,17.168670203498078,484.2838671515711,2012.4803714237219,29.689515421509718,4.512110334655651,6.736033033724129e-05,0.5441594902047638,0.1317337170573358
-0.1838921962430753,0.04859036984856043,1.2565258808439363,2.378630858199499,0.294443543970119,17.168670203498078,484.2838671515711,2012.4803714237219,29.689515421509718,4.512110334655651,6.736033033724129e-05,0.5441594902047638,0.1317337170573358
-0.18201112686780896,0.04859036984856043,1.2565258808439363,2.378630858199499,0.294443543970119,17.168670203498078,484.2838671515711,2012.4803714237219,29.689515421509718,4.512110334655651,6.736033033724129e-05,0.5441594902047638,0.1317337170573358
-0.18013005749254263,0.04859036984856043,1.2565258808439363,2.378630858199499,0.294443543970119,17.168670203498078,484.2838671515711,2012.4803714237219,29.689515421509718,4.512110334655651,6.736033033724129e-05,0.5441594902047638,0.1317337170573358
-0.17824898811727627,0.04859036984856043,1.2565258808439363,2.378630858199499,0.294443543970119,17.168670203498078,484.2838671515711,2012.4803714237219,29.689515421509718,4.512110334655651,6.736033033724129e-05,0.5441594902047638,0.1317337170573358
-0.17636791874200994,0.04859036984856043,1.2565258808439363,2.378630858199499,0.294443543970119,17.168670203498078,484.2838671515711,2012.4803714237219,29.689515421509718,4.512110334655651,6.736033033724129e-05,0.5441594902047638,0.1317337170573358
-0.1744868493667436,0.04859036984856043,1.2565258808439363,2.378630858199499,0.294443543970119,17.168670203498078,484.2838671515711,2012.4803714237219,29.689515421509718,4.512110334655651,6.736033033724129e-05,0.5441594902047638,0.1317337170573358
-0.17260577999147728,0.04859036984856043,1.2565258808439363,2.378630858199499,0.294443543970119,17.168670203498078,484.2838671515711,2012.4803714237219,29.689515421509718,4.512110334655651,6.736033033724129e-05,0.5441594902047638,0.1317337170573358
-0.17072471061621092,0.04859036984856043,1.2565258808439363,2.378630858199499,0.294443543970119,17.168670203498078,484.2838671515711,2012.4803714237219,29.689515421509718,4.512110334655651,6.736033033724129e-05,0.5441594902047638,0.1317337170573358
-0.1688436412409446,0.04859036984856043,1.2565258808439363,2.378630858199499,0.294443543970119,17.168670203498078,484.2838671515711,2012.4803714237219,29.689515421509718,4.512110334655651,6.736033033724129e-05,0.5441594902047638,0.1317337170573358
-0.16696257186567826,0.04859036984856043,1.2565258808439363,2.378630858199499,0.294443543970119,17.168670203498078,484.2838671515711,2012.4803714237219,29.689515421509718,4.512110334655651,6.736033033724129e-05,0.5441594902047638,0.1317337170573358
-0.16508150249041195,0.04859036984856043,1.2565258808439363,2.378630858199499,0.294443543970119,17.168670203498078,484.2838671515711,2012.4803714237219,29.689515421509718,4.512110334655651,6.736033033724129e-05,0.5441594902047638,0.1317337170573358
-0.1632004331151456,0.04859036984856043,1.2565258808439363,2.378630858199499,0.294443543970119,17.168670203498078,484.2838671515711,2012.4803714237219,29.689515421509718,4.512110334655651,6.736033033724129e-05,0.5441594902047638,0.1317337170573358
-0.16131936373987923,0.04859036984856043,1.2565258808439363,2.378630858199499,0.294443543970119,17.168670203498078,484.2838671515711,2012.4803714237219,29.689515421509718,4.512110334655651,6.736033033724129e-05,0.5441594902047638,0.1317337170573358
-0.15943829436461293,0.04859036984856043,1.2565258808439363,2.378630858199499,0.294443543970119,17.168670203498078,484.2838671515711,2012.4803714237219,29.689515421509718,4.512110334655651,6.736033033724129e-05,0.5441594902047638,0.1317337170573358
-0.1575572249893466,0.04859036984856043,1.2565258808439363,2.378630858199499,0.294443543970119,17.168670203498078,484.2838671515711,2012.4803714237219,29.689515421509718,4.512110334655651,6.736033033724129e-05,0.5441594902047638,0.1317337170573358
-0.15567615561408024,0.04859036984856043,1.2565258808439363,2.378630858199499,0.294443543970119,17.168670203498078,484.2838671515711,2012.4803714237219,29.689515421509718,4.512110334655651,6.736033033724129e-05,0.5441594902047638,0.1317337170573358
-0.1537950862388139,0.04859036984856043,1.2565258808439363,2.378630858199499,0.294443543970119,17.168670203498078,484.2838671515711,2012.4803714237219,29.689515421509718,4.512110334655651,6.736033033724129e-05,0.5441594902047638,0.1317337170573358
-0.15191401686354758,0.04859036984856043,1.2565258808439363,2.378630858199499,0.294443543970119,17.168670203498078,484.2838671515711,2012.4803714237219,29.689515421509718,4.512110334655651,6.736033033724129e-05,0.5441594902047638,0.1317337170573358
-0.15003294748828125,0.04859036984856043,1.2565258808439363,2.378630858199499,0.294443543970119,17.168670203498078,484.2838671515711,2012.4803714237219,29.689515421509718,4.512110334655651,6.736033033724129e-05,0.5441594902047638,0.1317337170573358
-0.14815187811301492,0.04859036984856043,1.2565258808439363,2.378630858199499,0.294443543970119,17.168670203498078,484.2838671515711,2012.4803714237219,29.689515421509718,4.512110334655651,6.736033033724129e-05,0.5441594902047638,0.1317337170573358
-0.14627080873774856,0.04859036984856043,1.2565258808439363,2.378630858199499,0.294443543970119,17.168670203498078,484.2838671515711,2012.4803714237219,29.689515421509718,4.512110334655651,6.736033033724129e-05,0.5441594902047638,0.1317337170573358
-0.14438973936248223,0.04859036984856043,1.2565258808439363,2.378630858199499,0.294443543970119,17.168670203498078,484.2838671515711,2012.4803714237219,29.689515421509718,4.512110334655651,6.736033033724129e-05,0.5441594902047638,0.1317337170573358
-0.14250866998721592,0.04859036984856043,1.2565258808439363,2.378630858199499,0.294443543970119,17.168670203498078,484.2838671515711,2012.4803714237219,29.689515421509718,4.512110334655651,6.736033033724129e-05,0.5441594902047638,0.1317337170573358
-0.14062760061194957,0.04859036984856043,1.2565258808439363,2.378630858199499,0.294443543970119,17.168670203498078,484.2838671515711,2012.4803714237219,29.689515421509718,4.512110334655651,6.736033033724129e-05,0.5441594902047638,0.1317337170573358
-0.1387465312366832,0.04859036984856043,1.2565258808439363,2.378630858199499,0.294443543970119,17.168670203498078,484.2838671515711,2012.4803714237219,29.689515421509718,4.512110334655651,6.736033033724129e-05,0.5441594902047638,0.1317337170573358
-0.1368654618614169,0.04859036984856043,1.2565258808439363,2.378630858199499,0.294443543970119,17.168670203498078,484.2838671515711,2012.4803714237219,29.689515421509718,4.512110334655651,6.736033033724129e-05,0.5441594902047638,0.1317337170573358
-0.13498439248615055,0.04859036984856043,1.2565258808439363,2.378630858199499,0.294443543970119,17.168670203498078,484.2838671515711,2012.4803714237219,29.689515421509718,4.512110334655651,6.736033033724129e-05,0.5441594902047638,0.1317337170573358
-0.13310332311088421,0.04859036984856043,1.2565258808439363,2.378630858199499,0.294443543970119,17.168670203498078,484.2838671515711,2012.4803714237219,29.689515421509718,4.512110334655651,6.736033033724129e-05,0.5441594902047638,0.1317337170573358
-0.13122225373561788,0.04859036984856043,1.2565258808439363,2.378630858199499,0.294443543970119,17.168670203498078,484.2838671515711,2012.4803714237219,29.689515421509718,4.512110334655651,6.736033033724129e-05,0.5441594902047638,0.1317337170573358
-0.12934118436035152,0.04859036984856043,1.2565258808439363,2.378630858199499,0.294443543970119,17.168670203498078,484.2838671515711,2012.4803714237219,29.689515421509718,4.512110334655651,6.736033033724129e-05,0.5441594902047638,0.1317337170573358
-0.1274601149850852,0.04859036984856043,1.2565258808439363,2.378630858199499,0.294443543970119,17.168670203498078,484.2838671515711,2012.4803714237219,29.689515421509718,4.512110334655651,6.736033033724129e-05,0.5441594902047638,0.1317337170573358
-0.12557904560981886,0.04859036984856043,1.2565258808439363,2.378630858199499,0.294443543970119,17.168670203498078,484.2838671515711,2012.4803714237219,29.689515421509718,4.512110334655651,6.736033033724129e-05,0.5441594902047638,0.1317337170573358
-0.12369797623455252,0.04859036984856043,1.2565258808439363,2.378630858199499,0.294443543970119,17.168670203498078,484.2838671515711,2012.4803714237219,29.689515421509718,4.512110334655651,6.736033033724129e-05,0.5441594902047638,0.1317337170573358
-0.12181690685928621,0.04859036984856043,1.2565258808439363,2.378630858199499,0.294443543970119,17.168670203498078,484.2838671515711,2012.4803714237219,29.689515421509718,4.512110334655651,6.736033033724129e-05,0.5441594902047638,0.1317337170573358
-0.11993583748401986,0.04859036984856043,1.2565258808439363,2.378630858199499,0.294443543970119,17.168670203498078,484.2838671515711,2012.4803714237219,29.689515421509718,4.512110334655651,6.736033033724129e-05,0.5441594902047638,0.1317337170573358
-0.11805476810875352,0.04859036984856043,1.2565258808439363,2.378630858199499,0.294443543970119,17.168670203498078,484.2838671515711,2012.4803714237219,29.689515421509718,4.512110334655651,6.736033033724129e-05,0.5441594902047638,0.1317337170573358
-0.11617369873348721,0.04859036984856043,1.2565258808439363,2.378630858199499,0.294443543970119,17.168670203498078,484.2838671515711,2012.4803714237219,29.689515421509718,4.512110334655651,6.736033033724129e-05,0.5441594902047638,0.1317337170573358
-0.11429262935822083,0.04859036984856043,1.2565258808439363,2.378630858199499,0.294443543970119,17.168670203498078,484.2838671515711,2012.4803714237219,29.689515421509718,4.512110334655651,6.736033033724129e-05,0.5441594902047638,0.1317337170573358
-0.11241155998295452,0.04859036984856043,1.2565258808439363,2.378630858199499,0.294443543970119,17.168670203498078,484.2838671515711,2012.4803714237219,29.689515421509718,4.512110334655651,6.736033033724129e-05,0.5441594902047638,0.1317337170573358
-0.11053049060768819,0.04859036984856043,1.2565258808439363,2.378630858199499,0.294443543970119,17.168670203498078,484.2838671515711,2012.4803714237219,29.689515421509718,4.512110334655651,6.736033033724129e-05,0.5441594902047638,0.1317337170573358
-0.10864942123242184,0.04859036984856043,1.2565258808439363,2.378630858199499,0.294443543970119,17.168670203498078,484.2838671515711,2012.4803714237219,29.689515421509718,4.512110334655651,6.736033033724129e-05,0.5441594902047638,0.1317337170573358
-0.10676835185715552,0.04859036984856043,1.2565258808439363,2.378630858199499,0.294443543970119,17.168670203498078,484.2838671515711,2012.4803714237219,29.689515421509718,4.512110334655651,6.736033033724129e-05,0.5441594902047638,0.1317337170573358
-0.10488728248188917,0.04859036984856043,1.2565258808439363,2.378630858199499,0.294443543970119,17.168670203498078,484.2838671515711,2012.4803714237219,29.689515421509718,4.512110334655651,6.736033033724129e-05,0.5441594902047638,0.1317337170573358
-0.10300621310662283,0.04859036984856043,1.2565258808439363,2.378630858199499,0.294443543970119,17.168670203498078,484.2838671515711,2012.4803714237219,29.689515421509718,4.512110334655651,6.736033033724129e-05,0.5441594902047638,0.1317337170573358
-0.1011251437313565,0.04859036984856043,1.2565258808439363,2.378630858199499,0.294443543970119,17.168670203498078,484.2838671515711,2012.4803714237219,29.689515421509718,4.512110334655651,6.736033033724129e-05,0.5441594902047638,0.1317337170573358
-0.09924407435609017,0.04859036984856043,1.2565258808439363,2.378630858199499,0.294443543970119,17.168670203498078,484.2838671515711,2012.4803714237219,29.689515421509718,4.512110334655651,6.736033033724129e-05,0.5441594902047638,0.1317337170573358
-0.09736300498082384,0.04859036984856043,1.2565258808439363,2.378630858199499,0.294443543970119,17.168670203498078,484.2838671515711,2012.4803714237219,29.689515421509718,4.512110334655651,6.736033033724129e-05,0.5441594902047638,0.1317337170573358
-0.0954819356055575,0.04859036984856043,1.2565258808439363,2.378630858199499,0.294443543970119,17.168670203498078,484.2838671515711,2012.4803714237219,29.689515421509718,4.512110334655651,6.736033033724129e-05,0.5441594902047638,0.1317337170573358
-0.09360086623029117,0.04859036984856043,1.2565258808439363,2.378630858199499,0.294443543970119,17.168670203498078,484.2838671515711,2012.4803714237219,29.689515421509718,4.512110334655651,6.736033033724129e-05,0.5441594902047638,0.1317337170573358
-0.09171979685502482,0.04859036984856043,1.2565258808439363,2.378630858199499,0.294443543970119,17.168670203498078,484.2838671515711,2012.4803714237219,29.689515421509718,4.512110334655651,6.736033033724129e-05,0.5441594902047638,0.1317337170573358
-0.08983872747975849,0.04859036984856043,1.2565258808439363,2.378630858199499,0.294443543970119,17.168670203498078,484.2838671515711,2012.4803714237219,29.689515421509718,4.512110334655651,6.736033033724129e-05,0.5441594902047638,0.1317337170573358
-0.08795765810449215,0.04859036984856043,1.2565258808439363,2.378630858199499,0.294443543970119,17.168670203498078,484.2838671515711,2012.4803714237219,29.689515421509718,4.512110334655651,6.736033033724129e-05,0.5441594902047638,0.1317337170573358
-0.08607658872922581,0.04859036984856043,1.2565258808439363,2.378630858199499,0.294443543970119,17.168670203498078,484.2838671515711,2012.4803714237219,29.689515421509718,4.512110334655651,6.736033033724129e-05,0.5441594902047638,0.1317337170573358
-0.08419551935395947,0.04859036984856043,1.2565258808439363,2.378630858199499,0.294443543970119,17.168670203498078,484.2838671515711,2012.4803714237219,29.689515421509718,4.512110334655651,6.736033033724129e-05,0.5441594902047638,0.1317337170573358
-0.08231444997869315,0.04859036984856043,1.2565258808439363,2.378630858199499,0.294443543970119,17.168670203498078,484.2838671515711,2012.4803714237219,29.689515421509718,4.512110334655651,6.736033033724129e-05,0.5441594902047638,0.1317337170573358
-0.0804333806034268,0.04859036984856043,1.2565258808439363,2.378630858199499,0.294443543970119,17.168670203498078,484.2838671515711,2012.4803714237219,29.689515421509718,4.512110334655651,6.736033033724129e-05,0.5441594902047638,0.1317337170573358
-0.07855231122816048,0.04859036984856043,1.2565258808439363,2.378630858199499,0.294443543970119,17.168670203498078,484.2838671515711,2012.4803714237219,29.689515421509718,4.512110334655651,6.736033033724129e-05,0.5441594902047638,0.1317337170573358
-0.07667124185289413,0.04859036984856043,1.2565258808439363,2.378630858199499,0.294443543970119,17.168670203498078,484.2838671515711,2012.4803714237219,29.689515421509718,4.512110334655651,6.736033033724129e-05,0.5441594902047638,0.1317337170573358
-0.07479017247762781,0.04859036984856043,1.2565258808439363,2.378630858199499,0.294443543970119,17.168670203498078,484.2838671515711,2012.4803714237219,29.689515421509718,4.512110334655651,6.736033033724129e-05,0.5441594902047638,0.1317337170573358
-0.07290910310236146,0.04859036984856043,1.2565258808439363,2.378630858199499,0.294443543970119,17.168670203498078,484.2838671515711,2012.4803714237219,29.689515421509718,4.512110334655651,6.736033033724129e-05,0.5441594902047638,0.1317337170573358
-0.07102803372709514,0.04859036984856043,1.2565258808439363,2.378630858199499,0.294443543970119,17.168670203498078,484.2838671515711,2012.4803714237219,29.689515421509718,4.512110334655651,6.736033033724129e-05,0.5441594902047638,0.1317337170573358
-0.0691469643518288,0.04859036984856043,1.2565258808439363,2.378630858199499,0.294443543970119,17.168670203498078,484.2838671515711,2012.4803714237219,29.689515421509718,4.512110334655651,6.736033033724129e-05,0.5441594902047638,0.1317337170573358
-0.06726589497656245,0.04859036984856043,1.2565258808439363,2.378630858199499,0.294443543970119,17.168670203498078,484.2838671515711,2012.4803714237219,29.689515421509718,4.512110334655651,6.736033033724129e-05,0.5441594902047638,0.1317337170573358
-0.06538482560129612,0.04859036984856043,1.2565258808439363,2.378630858199499,0.294443543970119,17.168670203498078,484.2838671515711,2012.4803714237219,29.689515421509718,4.512110334655651,6.736033033724129e-05,0.5441594902047638,0.1317337170573358
-0.06350375622602979,0.04859036984856043,1.2565258808439363,2.378630858199499,0.294443543970119,17.168670203498078,484.2838671515711,2012.4803714237219,29.689515421509718,4.512110334655651,6.736033033724129e-05,0.5441594902047638,0.1317337170573358
-0.06162268685076344,0.04859036984856043,1.2565258808439363,2.378630858199499,0.294443543970119,17.168670203498078,484.2838671515711,2012.4803714237219,29.689515421509718,4.512110334655651,6.736033033724129e-05,0.5441594902047638,0.1317337170573358
-0.05974161747549711,0.04859036984856043,1.2565258808439363,2.378630858199499,0.294443543970119,17.168670203498078,484.2838671515711,2012.4803714237219,29.689515421509718,4.512110334655651,6.736033033724129e-05,0.5441594902047638,0.1317337170573358
-0.05786054810023077,0.04859036984856043,1.2565258808439363,2.378630858199499,0.294443543970119,17.168670203498078,484.2838671515711,2012.4803714237219,29.689515421509718,4.512110334655651,6.736033033724129e-05,0.5441594902047638,0.1317337170573358
-0.05597947872496444,0.04859036984856043,1.2565258808439363,2.378630858199499,0.294443543970119,17.168670203498078,484.2838671515711,2012.4803714237219,29.689515421509718,4.512110334655651,6.736033033724129e-05,0.5441594902047638,0.1317337170573358
-0.054098409349698104,0.04859036984856043,1.2565258808439363,2.378630858199499,0.294443543970119,17.168670203498078,484.2838671515711,2012.4803714237219,29.689515421509718,4.512110334655651,6.736033033724129e-05,0.5441594902047638,0.1317337170573358
-0.052217339974431766,0.04859036984856043,1.2565258808439363,2.378630858199499,0.294443543970119,17.168670203498078,484.2838671515711,2012.4803714237219,29.689515421509718,4.512110334655651,6.736033033724129e-05,0.5441594902047638,0.1317337170573358
-0.050336270599165435,0.04859036984856043,1.2565258808439363,2.378630858199499,0.294443543970119,17.168670203498078,484.2838671515711,2012.4803714237219,29.689515421509718,4.512110334655651,6.736033033724129e-05,0.5441594902047638,0.1317337170573358
-0.0484552012238991,0.04859036984856043,1.2565258808439363,2.378630858199499,0.294443543970119,17.168670203498078,484.2838671515711,2012.4803714237219,29.689515421509718,4.512110334655651,6.736033033724129e-05,0.5441594902047638,0.1317337170573358
-0.04657413184863276,0.04859036984856043,1.2565258808439363,2.378630858199499,0.294443543970119,17.168670203498078,484.2838671515711,2012.4803714237219,29.689515421509718,4.512110334655651,6.736033033724129e-05,0.5441594902047638,0.1317337170573358
-0.04657413184863276,0.04859036984856043,1.2565258808439363,2.378630858199499,0.294443543970119,17.168670203498078,484.2838671515711,2012.4803714237219,29.689515421509718,4.512110334655651,6.736033033724129e-05,0.5441594902047638,0.1317337170573358
-0.04644684135902267,0.04858986492815083,1.256525885448226,2.3786308181599827,0.2944435154595554,17.168670205421467,484.2838670973172,2012.4801826036621,29.689501760649524,4.512016778390114,6.736032591137203e-05,0.5441594979893968,0.13173650273054854
-0.046319558880713645,0.04858835019870025,1.256525899262163,2.3786306980320555,0.29444342992103356,17.168670211192314,484.28386693453655,2012.4796160980309,29.68946077481293,4.511736122784964,6.736031263269862e-05,0.5441595213451469,0.13174486007136083
-0.04619229242450254,0.0485858257555415,1.2565259222891254,2.3786304977864514,0.2944432873336652,17.168670220812093,484.28386666318744,2012.478671767952,29.68939245405285,4.511268406259008,6.736029049796461e-05,0.5441595602776661,0.13175879007770575
-0.04606505000017782,0.04858229175755578,1.256525954534694,2.3786302173748153,0.294443087662932,17.168670234282967,484.28386628320885,2012.4773493837047,29.689296781893205,4.510613693891963,6.736025950178205e-05,0.5441596147962772,0.13177829438168248
-0.045937839616015455,0.04857774842716291,1.2565259960067023,2.3786298567292183,0.2944428308602679,17.168670251608052,484.2838657945129,2012.4756486222882,29.689173735197652,4.509772075969157,6.736021963657651e-05,0.5441596849141144,0.1318033752923792
-0.0458106692782749,0.04857219605030717,1.2565260467152262,2.3786294157623793,0.2944425168633046,17.168670272791676,484.28386519697756,2012.4735690687648,29.689023284208414,4.5087436689043825,6.73601708926169e-05,0.5441597706480342,0.13183403576855063
-0.045683546990695205,0.04856563497643934,1.2565261066725775,2.378628894367445,0.2944421455956409,17.16867029783919,484.2838644904519,2012.4711102149427,29.68884539252877,4.5075286145117515,6.736011325798558e-05,0.5441598720186951,0.13187027943962404
-0.04555648075399127,0.04855806561849474,1.2565261758933277,2.3786282924182207,0.29444171696708116,17.16867032675595,484.2838636747847,2012.4682714607552,29.68864001713262,4.5061270808922815,6.73600467186097e-05,0.5441599890504705,0.13191211057940358
-0.04542947856535031,0.0485494884528672,1.2565262543943174,2.378627609768654,0.2944412308732919,17.168670359549274,484.2838627497697,2012.4650521121773,29.688407108298783,4.504539261288446,6.735997125821375e-05,0.5441601217715724,0.13195953413934317
-0.04530254841792855,0.04853990401937911,1.2565263421946442,2.3786268462532334,0.2944406871959627,17.16867039622667,484.2838617151951,2012.4614513821375,29.68814660962792,4.502765374831162,6.735988685833932e-05,0.5441602702139758,0.13201255572615123
-0.04517569830034816,0.04852931292124744,1.2565264393156648,2.3786260016867535,0.2944400858026987,17.16867043679773,484.28386057079024,2012.457468389899,29.6878584579641,4.500805666149858,6.735979349833204e-05,0.5441604344134676,0.13207118161294654
-0.04504893619619442,0.04851771582504574,1.2565265457810466,2.37862507586412,0.294439426546956,17.16867048127146,484.2838593163012,2012.4531021605344,29.68754258348105,4.498660405389825,6.735969115532787e-05,0.5441606144096578,0.13213541873772058
-0.04492227008351333,0.04850511346066226,1.2565266616167345,2.3786240685604265,0.29443870926792526,17.168670529658687,484.2838579514224,2012.448351624244,29.687198909500108,4.4963298878261275,6.735957980423865e-05,0.5441608102460135,0.13220527471475899
-0.04479570793430942,0.04849150662125392,1.2565267868509793,2.3786229795307903,0.2944379337905861,17.168670581971238,484.28385647582047,2012.4432156166854,29.686827352607402,4.493814434335507,6.735945941775849e-05,0.5441610219698393,0.13228075781951945
-0.044669257714044106,0.048476896163196455,1.2565269215143628,2.37862180851005,0.29443709992546646,17.16867063822168,484.2838548891408,2012.437692877309,29.686427822461525,4.4911143906162065,6.73593299663252e-05,0.5441612496323426,0.1323618770115536
-0.04454292738113428,0.04846128300603053,1.2565270656397836,2.378620555213124,0.2944362074687871,17.16867069842336,484.2838531910069,2012.431782050354,29.68600022191914,4.488230127893372,6.735919141814382e-05,0.5441614932885961,0.1324486419123545
-0.04441672488645147,0.048444668132403765,1.2565272192624917,2.3786192193344204,0.2944352562020977,17.16867076259093,484.28385138100543,2012.425481682474,29.685544446845626,4.4851620419160305,6.735904373913069e-05,0.5441617529976348,0.1325410628347406
-0.04429065817282147,0.04842705258800906,1.256527382420099,2.378617800547871,0.2944342458923636,17.168670830740037,484.2838494586952,2012.418790223262,29.685060386184666,4.481910553319465,6.735888689292621e-05,0.5441620288224435,0.13263915077094635
-0.04416473517452431,0.04840843748151859,1.2565275551525865,2.3786162985070236,0.2944331762919067,17.168670902886802,484.2838474236214,2012.411706024782,29.68454792183633,4.478476107841513,6.735872084088255e-05,0.5441623208299347,0.13274291738570249
-0.044038963816795076,0.04838882398451421,1.2565277375023478,2.3786147128443718,0.2944320471380656,17.168670979048752,484.2838452752896,2012.404227339485,29.68400692863437,4.474859175168401,6.735854554201675e-05,0.5441626290910987,0.132852375049358
-0.04391335201532499,0.04836821333141354,1.2565279295141647,2.37861304317179,0.2944308581533483,17.168671059244375,484.2838430131783,2012.3963523209884,29.683437274294626,4.471060249895544,6.7358360953027e-05,0.5441629536809026,0.1329675368085951
-0.043787907675763266,0.048346606819392464,1.256528131235275,2.378611289079826,0.2944296090451241,17.168671143493153,484.283840636738,2012.388079022195,29.68283881933874,4.4670798506039855,6.735816702824994e-05,0.5441632946784172,0.1330884164129359
-0.043662638693219534,0.048324005808303296,1.25652834271535,2.3786094501379154,0.2944282995055728,17.168671231815793,484.2838381453846,2012.3794053949255,29.68221141705924,4.462918520052761,6.735796371965134e-05,0.5441636521668033,0.1332150283080208
-0.04353755295176696,0.04830041172058938,1.2565285640065686,2.3786075258939174,0.2944269292114839,17.168671324233383,484.28383553852325,2012.3703292884709,29.681554913410526,4.458576824744992,6.73577509767922e-05,0.5441640262333787,0.13334738764777496
-0.04341265832394601,0.04827582604119539,1.256528795163574,2.3786055158741846,0.29442549782425703,17.168671420768437,484.28383281551896,2012.360848449713,29.68086914702716,4.454055355216268,6.735752874683183e-05,0.5441644169696147,0.13348551028448277
-0.04328796267026905,0.04825025031747403,1.2565290362435448,2.378603419583166,0.2944240049896335,17.16867152144462,484.2838299757042,2012.3509605211977,29.680153949054166,4.449354725515002,6.73572969744821e-05,0.5441648244711974,0.13362941278372015
-0.043163473838725555,0.04822368615908853,1.2565292873062217,2.378601236503126,0.29442245033749453,17.168671626286358,484.28382701838984,2012.3406630399347,29.679409143126655,4.444475572831664,6.735705560198004e-05,0.5441652488381024,0.13377911243427595
-0.043039199664288194,0.04819613523791142,1.2565295484138985,2.378598966094161,0.2944208334817765,17.16867173531945,484.2838239428483,2012.3299534367347,29.67863454527827,4.439418557553617,6.735680456907156e-05,0.5441656901746014,0.13393462724564179
-0.04291514796841975,0.048167599287919215,1.2565298196314643,2.378596607793946,0.29441915402046276,17.16867184857061,484.283820748326,2012.3188290361088,29.677829963903818,4.434184363617277,6.73565438130094e-05,0.5441661485892578,0.1340959759361894
-0.042791326558580804,0.04813808010508342,1.2565301010264904,2.3785941610169843,0.2944174115350056,17.168671966067294,484.28381743404856,2012.307287052487,29.676995199583487,4.428773697036498,6.735627326846407e-05,0.5441666241950963,0.13426317797689222
-0.04266774322773844,0.048107579547257334,1.2565303926691545,2.378591625154992,0.29441560559044644,17.16867208783879,484.2838139991897,2012.295324591021,29.676130045058475,4.423187286550614,6.735599286754383e-05,0.5441671171095744,0.13443625357067326
-0.04254440575387569,0.04807609953405925,1.2565306946323558,2.3785889995763574,0.2944137357351693,17.168672213914775,484.2838104429124,2012.28293864584,29.675234285155856,4.417425883434844,6.735570253975183e-05,0.544167627454623,0.13461522365705314
-0.042421321899502075,0.0480436420467516,1.2565310069917026,2.378586283625863,0.2944118015006791,17.168672344326485,484.2838067643356,2012.2701260986075,29.674307696635985,4.411490261046565,6.735540221195383e-05,0.5441681553567231,0.13480010992522817
-0.04229849941116497,0.04801020912811622,1.2565313298255798,2.378583476624295,0.2944098024012635,17.16867247910606,484.28380296255267,2012.2568837163205,29.673350048125027,4.405381214273049,6.73550918083257e-05,0.5441687009469978,0.13499093482989927
-0.04217594601896219,0.04797580288232585,1.2565316632151582,2.3785805778683757,0.2944077379340915,17.16867261828681,484.2837990366241,2012.2432081518502,29.672361100036465,4.399099560218261,6.735477125036703e-05,0.5441692643611805,0.13518772156937175
-0.042053669436055374,0.047940425474811664,1.2565320072444428,2.378577586630122,0.29440560757857703,17.168672761903462,484.28379498557024,2012.2290959397649,29.671340604398704,4.392646136857627,6.735444045680129e-05,0.5441698457397719,0.1353904941261046
-0.041931677358184545,0.04790407913212695,1.2565323620002902,2.3785745021571008,0.29440341079651916,17.168672909991603,484.2837908083873,2012.2145434972072,29.6702883048073,4.386021803712216,6.73540993435984e-05,0.5441704452280236,0.13559927724508353
-0.04180997746318383,0.04786676614180709,1.2565327275724827,2.3785713236713444,0.2944011470316273,17.16867306258793,484.2837865040402,2012.1995471207308,29.66920393628553,4.379227441032942,6.735374782389954e-05,0.5441710629760542,0.13581409645822043
-0.04168857741049818,0.047828488852225466,1.25653310405376,2.378568050369327,0.29439881570929066,17.168673219731033,484.2837820714405,2012.1841029847953,29.668087225138322,4.372263949615274,6.735338580798165e-05,0.5441716991389061,0.1360349780896067
-0.04156748484070133,0.04778924967244571,1.2565334915398352,2.3785646814219468,0.294396416236419,17.168673381459776,484.2837775094918,2012.1682071406146,29.666937888893866,4.365132250807798,6.735301320323061e-05,0.5441723538765934,0.13626194925437063
-0.041446707375014886,0.0477490510720701,1.25653389012946,2.3785612159736367,0.29439394800113233,17.168673547814752,484.2837728170491,2012.1518555140874,29.665755636110216,4.357833286106285,6.735262991409279e-05,0.5441730273541794,0.13649503787099987
-0.04132625261482876,0.04770789558108412,1.2565342999244702,2.378557653142191,0.29439141037239047,17.168673718838093,484.2837679929241,2012.1350439033968,29.664540166278996,4.350368016670492,6.735223584201874e-05,0.5441737197418834,0.13673427267581362
-0.04120612814122265,0.04766578578969721,1.2565347210298257,2.378553992018378,0.2943888026998716,17.168673894572525,484.2837630359115,2012.1177679780365,29.663291169695622,4.342737423520586,6.735183088543962e-05,0.544174431215094,0.13697968321643703
-0.04108634151448896,0.04762272434817976,1.2565351535536708,2.37855023166544,0.29438612431345407,17.168674075062526,484.2837579447567,2012.1000232755146,29.66200832727172,4.334942506600097,6.735141493969086e-05,0.5441751619545322,0.13723129988112084
-0.040966900273657014,0.04757871396669633,1.256535597607344,2.3785463711189334,0.294383374523162,17.168674260353875,484.2837527181685,2012.081805200815,29.660691310458812,4.32698428526372,6.735098789699866e-05,0.5441759121462385,0.13748915388293823
-0.040847811936018455,0.04753375741513504,1.2565360533054897,2.3785424093857923,0.2943805526186358,17.16867445049385,484.2837473548132,2012.0631090229672,29.659339781031587,4.318863797334903,6.735054964640025e-05,0.5441766819817393,0.1377532772897158
-0.040729083996654286,0.04748785752293328,1.256536520766091,2.3785383454442632,0.2943776578688646,17.168674645530306,484.28374185334104,2012.0439298731396,29.657953390981273,4.3105820990881725,6.73501000736979e-05,0.5441774716580912,0.1380237030245029
-0.04061072392796302,0.0474410171788996,1.2565370001104685,2.378534178243479,0.2943746895219365,17.168674845513422,484.2837362123366,2012.0242627430846,29.656531782327043,4.302140265089796,6.734963906142414e-05,0.5441782813779688,0.13830046487091535
-0.040492739179190454,0.04739323933103191,1.2565374914634149,2.3785299067026746,0.29437164680466504,17.16867505049432,484.2837304303578,2012.0041024824368,29.65507458699721,4.293539387958981,6.734916648877632e-05,0.5441791113497415,0.13858359748072377
-0.0403751371759608,0.047344526986331945,1.2565379949532287,2.378525529710757,0.29436852892190796,17.168675260525475,484.28372450592445,2011.983443794372,29.653581426534313,4.284780577079393,6.734868223151619e-05,0.5441799617876778,0.13887313641632412
-0.04025792531980937,0.04729488321061601,1.2565385107117448,2.3785210461260586,0.29436533505684553,17.168675475661036,484.2837184375093,2011.9622812372786,29.6520519121313,4.275864960171743,6.734818616200877e-05,0.5441808329118495,0.13916911809971258
-0.04014111098771674,0.04724431112832204,1.2565390388744218,2.3785164547755433,0.2943620643699566,17.168675695956416,484.2837122235492,2011.9406092179534,29.65048564423842,4.266793681190709,6.734767814906226e-05,0.5441817249484172,0.13947157988195455
-0.04002470153164444,0.04719281392231292,1.2565395795804104,2.3785117544543115,0.2943587159990075,17.1686759214689,484.28370586242835,2011.9184219914978,29.64888221250382,4.257567901086685,6.734715805792565e-05,0.5441826381296191,0.13978056001893982
-0.03990870427807224,0.04714039483367623,1.2565401329726102,2.3785069439250566,0.29435528905841807,17.1686761522567,484.28369935250464,2011.8957136571319,29.64724119553456,4.248188796877162,6.734662575019086e-05,0.5441835726939533,0.14009609770287113
-0.03979312652753708,0.04708705716152015,1.2565406991977386,2.3785020219174062,0.29435178263901857,17.168676388380153,484.28369269207633,2011.8724781564135,29.64556216071027,4.238657561821399,6.734608108375035e-05,0.5441845288862297,0.1404182330577685
-0.039677975554173586,0.04703280426276595,1.2565412784064027,2.378496987127502,0.2943481958074903,17.16867662990061,484.2836858794127,2011.8487092695989,29.643844663981803,4.228975404794758,6.734552391271215e-05,0.5441855069577196,0.14074700716139832
-0.0395632586052562,0.04697763955193665,1.2565418710729876,2.3784918355519324,0.29434452715260034,17.168676875921005,484.2836789398177,2011.8243989738903,29.642088249687667,4.2191435825998465,6.734495405049294e-05,0.5441865075373788,0.14108246089480106
-0.03944898290074314,0.04692156650094208,1.2565424767355469,2.3784865709890632,0.2943407765713581,17.168677128370188,484.28367181888353,2011.7995438997418,29.640292450250293,4.20916327182398,6.734437141494312e-05,0.5441875301695965,0.14142463950527734
-0.03933515563282194,0.046864588638860484,1.2565430958584787,2.3784811895162394,0.2943369426277324,17.168677386408177,484.28366454030396,2011.7741357799923,29.638456786075047,4.199035757552566,6.734377581365387e-05,0.5441885754758145,0.14177358589734856
-0.03922178396545681,0.046806709551716286,1.2565437286087056,2.378475689688519,0.2943330242873601,17.168677650103785,484.2836571021379,2011.7481677197552,29.636580765243487,4.188762308394696,6.734316708489202e-05,0.5441896437343674,0.14212934507246056
-0.03910887503393776,0.04674793288225446,1.2565443751574688,2.3784700700238464,0.29432902048943166,17.168677919526182,484.2836495024343,2011.721632647184,29.63466388325962,4.178344207264095,6.734254506277087e-05,0.5441907352306294,0.142491963039861
-0.03899643594443156,0.046688262329711294,1.2565450356802748,2.3784643290031044,0.29432493014625316,17.168678194747443,484.2836417391601,2011.6945233107376,29.63270562290428,4.167782751034404,6.734190957718831e-05,0.5441918502571826,0.14286148683041927
-0.03888447377353437,0.046627701649581466,1.2565457103571378,2.378458465068402,0.2943207521425236,17.16867847584071,484.2836338102521,2011.6668322741787,29.630705453885767,4.157079249945625,6.734126045370712e-05,0.5441929891139603,0.14323796452021337
-0.03877299556782655,0.04656625465338182,1.2565463993725523,2.37845247662309,0.2943164853350255,17.1686787628813,484.283625713586,2011.6385519145078,29.628662832657366,4.146235027756947,6.734059751350802e-05,0.5441941521083535,0.14362144522814824
-0.03866200834342901,0.04650392520841136,1.256547102915684,2.3784463620302496,0.29431212855170014,17.168679055946175,484.2836174469908,2011.6096744158378,29.62657720207197,4.135251420558868,6.733992057324498e-05,0.5441953395554496,0.14401197916067643
-0.03855151908556172,0.04644071723750793,1.2565478211803465,2.3784401196127476,0.29430768059154716,17.168679355114765,484.283609008226,2011.5801917685199,29.624447991228827,4.124129777630485,6.733922944502488e-05,0.5441965517780515,0.14440961758544932
-0.03844153474810402,0.046376634718801275,1.2565485543651858,2.378433747651842,0.2943031402236909,17.168679660467678,484.28360039501786,2011.5500957629733,29.622274615102004,4.112871460300232,6.73385239362627e-05,0.5441977891069232,0.14481441287510974
-0.03833206225315705,0.04631168168546272,1.256549302673769,2.378427244386303,0.2942985061867646,17.168679972087926,484.2835916050249,2011.5193779855629,29.620056474252806,4.101477841582471,6.733780384958464e-05,0.5441990518809626,0.1452264185245421
-0.038223108490608,0.04624586222545126,1.2565500663146145,2.3784206080120867,0.2942937771885969,17.168680290060518,484.2835826358493,2011.4880298163093,29.6177929546168,4.08995030665802,6.733706898277407e-05,0.5442003404472606,0.145645689138184
-0.03811468031769653,0.046179180481256354,1.2565508455014134,2.3784138366806893,0.29428895190509147,17.168680614471963,484.2835734850508,2011.4560424215267,29.615483427102085,4.078290251423975,6.733631912859842e-05,0.544201655161412,0.1460722804865943
-0.03800678455858318,0.046111640649637166,1.256551640453018,2.378406928498923,0.29428402898006456,17.168680945411854,484.2835641501023,2011.4234067525792,29.613127247371015,4.066499083307208,6.73355540747812e-05,0.5442029963875578,0.1465062494825497
-0.03789942800391988,0.04604324698135842,1.256552451393635,2.3783998815275096,0.29427900702416143,17.168681282971153,484.2835546284379,2011.3901135385856,29.610723755411975,4.054578220099667,6.733477360382881e-05,0.544204364498648,0.14694765422860329
-0.03779261741042258,0.04597400378092293,1.2565532785529074,2.378392693780261,0.2942738846144079,17.16868162724329,484.2835449174223,2011.35615328349,29.60827227536313,4.042529090152123,6.733397749296312e-05,0.5442057598765861,0.147396554015483
-0.037686359500445986,0.04590391540630059,1.2565541221660166,2.378385363223187,0.294268660293306,17.168681978323793,484.28353501436106,2011.321516259819,29.605772115001653,4.0303531316808545,6.733316551397429e-05,0.5442071829124469,0.14785300935430432
-0.03758066096156047,0.04583298626865419,1.256554982473834,2.378377887773372,0.2942633325682709,17.168682336310503,484.2835249164941,2011.2861925049085,29.603222565539852,4.018051792896619,6.733233743313169e-05,0.5442086340066209,0.1483170819779033
-0.03747552844613117,0.04576122083206175,1.256555859723009,2.3783702652978964,0.2942578999107573,17.168682701303922,484.28351462098675,2011.2501718150486,29.60062290118487,4.005626531354506,6.733149301104756e-05,0.5442101135690575,0.1487888348720249
-0.03737096857089934,0.04568862361323555,1.2565567541661289,2.3783624936128254,0.2942523607554754,17.16868307340617,484.28350412495837,2011.2134437401214,29.597972378813726,3.9930788137676396,6.733063200254918e-05,0.5442116220194467,0.1492683322895097
-0.03726698791656588,0.045615199181237895,1.2565576660618545,2.378354570481819,0.29424671349951936,17.16868345272259,484.28349342543765,2011.1759975777336,29.595270237536603,3.980410115446617,6.732975415654286e-05,0.5442131597874689,0.14975563977936052
-0.037163593027377165,0.04554095215719349,1.2565585956749727,2.3783464936157492,0.2942409565018803,17.168683839360213,484.2834825194054,2011.1378223698496,29.592515698433967,3.9676219208403003,6.732885921593331e-05,0.5442147273128932,0.1502508241741588
-0.0370607904107132,0.0454658872139987,1.256559543276661,2.3783382606704078,0.2942350880820251,17.168684233429346,484.28347140375035,2011.0989068933127,29.589707963977105,3.9547157219104645,6.732794691740207e-05,0.5442163250459795,0.1507539536606048
-0.03695858653667803,0.04539000907602735,1.25656050914452,2.3783298692463233,0.2942291065195458,17.168684635042414,484.2834600753012,2011.0592396573347,29.586846217813665,3.941693019017013,6.732701699134816e-05,0.5442179534475469,0.15126509775460756
-0.03685698783769254,0.04531332251883346,1.2565614935627598,2.378321316886994,0.2942230100530349,17.16868504431464,484.2834485308079,2011.018808895923,29.583929624225085,3.9285553201645937,6.732606916170917e-05,0.5442196129892602,0.1517843273398236
-0.03675600070808965,0.04523583236885063,1.256562496822367,2.378312601077611,0.2942167968790896,17.16868546136392,484.2834367669449,2010.9776025610959,29.58095732768989,3.9153041404981432,6.732510314580315e-05,0.5442213041539026,0.15231171469719856
-0.03665563150371179,0.04515754350308831,1.2565635192212536,2.378303719243851,0.29421046515145,17.168685886310723,484.28342478031414,2010.935608317182,29.577928452514524,3.9019410022227,6.732411865419437e-05,0.544223027435604,0.15284733351842753
-0.036555886541510985,0.04507846084882483,1.2565645610643685,2.378294668750681,0.29420401298006776,17.168686319278347,484.2834125674378,2010.892813534252,29.57484210231835,3.888467434478785,6.732311539053749e-05,0.5442247833400461,0.15339125892206643
-0.0364567720991512,0.04499858938329737,1.2565660379620618,2.3782818393818497,0.29419486644498,17.168686932948503,484.2833952574199,2010.8321450939804,29.570467164820485,3.8696111802786417,6.732169309605284e-05,0.5442272722179694,0.15415910608198558
-0.036358294414613315,0.04491793413338857,1.2565671376824876,2.378272286778887,0.294188055769925,17.16868738981145,484.283382370521,2010.786968027029,29.567209694274933,3.8557524191662074,6.732063397104828e-05,0.5442291252743812,0.1547284384579382
-0.03626045968580244,0.04483650017531028,1.2565682584336373,2.3782625517926648,0.2941811148200302,17.16868785534084,484.2833692391653,2010.740924828062,29.563890077930253,3.8417851032139256,6.731955453521432e-05,0.5442310135932527,0.15530656160465803
-0.03616327407015791,0.04475429263428399,1.2565694005664538,2.3782526313918457,0.29417404141992537,17.1686883296788,484.2833558593437,2010.6940009528755,29.56050728475677,3.8277108370907866,6.731845444726984e-05,0.5442329377559003,0.15589356063603346
-0.03606674368426573,0.04467131668421831,1.2565705644401042,2.378242522474503,0.2941668333435782,17.168688812970196,484.2833422269702,2010.6461815163905,29.557060259859572,3.813531234433838,6.731733335792895e-05,0.5442348983569834,0.15648952218351014
-0.03597087460347358,0.04458757754738335,1.2565717504220972,2.378232221866866,0.29415948831300504,17.168689305363223,484.2833283378645,2010.5974512839273,29.553547923942798,3.799247917386944,6.731619090969565e-05,0.5442368960048191,0.15709453442551108
-0.03587567286150851,0.044503080494082,1.2565729588885108,2.378221726321601,0.2941520039971064,17.168689807009827,484.28331418774064,2010.5477946633257,29.549969172684747,3.784862516187394,6.731502673668035e-05,0.5442389313217169,0.15770868711606906
-0.03578114445009715,0.04441783084231827,1.2565741902242058,2.378211032515872,0.29414437801036003,17.168690318064712,484.2832997722349,2010.4971956959942,29.54632287624516,3.7703766688986535,6.731384046438718e-05,0.5442410049442788,0.15833207160722995
-0.03568729531858861,0.044331833957462534,1.2565754448229767,2.3782001370500017,0.29413660791173435,17.16869083868702,484.2832850868584,2010.445638049474,29.542607878653676,3.7557920213781744,6.731263170954037e-05,0.5442431175236911,0.15896478086256588
-0.0355941313735801,0.04424509525191394,1.2565767230878055,2.378189036445498,0.2941286912032437,17.168691369038704,484.28327012704284,2010.393105007642,29.538822997181782,3.741110226660029,6.731140007985379e-05,0.5442452697260907,0.15960690949557205
-0.03550165847854508,0.04415762018475971,1.2565780254310646,2.378177727143139,0.2941206253286783,17.168691909285766,484.2832548881059,2010.3395794620833,29.534967021781924,3.726332944863666,6.731014517382766e-05,0.5442474622328916,0.160258553786207
-0.03540988245346433,0.044069414261431544,1.2565793522747368,2.378166205501278,0.29411240767221986,17.168692459597665,484.28323936526755,2010.2850439025397,29.53103871442059,3.711461842806089,6.73088665805242e-05,0.5442496957411356,0.16091981171087713
-0.03531880907445964,0.04398048303335917,1.2565807040506087,2.37815446779387,0.294104035557092,17.168693020148662,484.28322355361246,2010.229480407765,29.527036808430463,3.696498593826546,6.730756387935235e-05,0.5442519709638278,0.16159078296370502
-0.0352284440734302,0.0438908320976209,1.2565820812005586,2.3781425102085927,0.29409550624407416,17.16869359111533,484.28320744816006,2010.1728706353827,29.522960007871,3.681444877425788,6.730623663982898e-05,0.544254288630321,0.16227156898612427
-0.0352284440734302,0.0438908320976209,1.2565820812005568,2.3781425102085705,0.29409550624407393,17.168693591115517,484.2832074481547,2010.1728706353863,29.52296000786835,3.6814448774217277,6.730623663982915e-05,0.5442542886303224,0.1622715689863172
-0.035117680557414786,0.0437800685816055,1.2565838029607868,2.3781275610625205,0.29408484253874345,17.16869430480767,484.2831873167971,2010.1020904651305,29.517863370850762,3.662888514067523,6.730457715798065e-05,0.5442571858815265,0.16311881749045334
-0.035006917041399375,0.04366930506559009,1.256585547493516,2.378112414918186,0.2940740377184581,17.16869502776862,484.283166923993,2010.030368823363,29.512699686004083,3.6443790919743755,6.730289558976843e-05,0.5442601210273894,0.16397292331535207
-0.034896153525383965,0.04355854154957468,1.2565873151683322,2.378097068595401,0.2940630894910663,17.168695760145507,484.2831462655923,2009.9576903028947,29.50746787372829,3.6259166111123733,6.730119157343876e-05,0.5442630946727954,0.16483396403337144
-0.034785390009368554,0.043447778033559266,1.2565891063619778,2.3780815188530458,0.29405199551992117,17.168696502087094,484.28312533739853,2009.8840391942715,29.502166833693206,3.6075010718276057,6.729946474013148e-05,0.5442661074340673,0.16570201836437792
-0.03467462649335314,0.043337014517543855,1.2565909214586193,2.3780657623866213,0.29404075342240427,17.1686972537449,484.2831041351381,2009.8093994759147,29.496795444209152,3.5891324740290638,6.729771471364913e-05,0.5442691599393645,0.16657716623583035
-0.03456386297733773,0.043226251001528444,1.2565927608499123,2.378049795827503,0.29402936076925285,17.168698015274483,484.28308265442297,2009.7337548093226,29.491352561879967,3.570810817809665,6.729594111034482e-05,0.5442722528288515,0.16745948877706515
-0.03445309946132232,0.04311548748551304,1.2565946249352458,2.3780336157411974,0.2940178150831991,17.168698786833332,484.28306089081104,2009.657088529781,29.485837020987823,3.552536103069281,6.729414353890178e-05,0.5442753867550154,0.16834906836090616
-0.034342335945306925,0.04300472396949764,1.256596514121915,2.3780172186256627,0.2940061138379437,17.168699568582323,484.28303883976446,2009.5793836392538,29.4802476330217,3.5343083296199977,6.729232160016718e-05,0.5442785623829389,0.16924598862307239
-0.034231572429291514,0.042893960453482226,1.2565984288252816,2.378000600910079,0.2939942544569567,17.168700360685012,484.2830164966698,2009.5006227982349,29.47458318618291,3.516127497113078,6.72904748869603e-05,0.5442817803906044,0.1701503344905325
-0.0341208089132761,0.042783196937466815,1.2566003694689833,2.3779837589530506,0.2939822343125237,17.168701163308487,484.282993856814,2009.4207883189297,29.46884244483195,3.4979936054462586,6.728860298391067e-05,0.5442850414690947,0.17106219218752045
-0.03401004539726069,0.042672433421451404,1.2566023364851189,2.3779666890409215,0.2939700507241477,17.168701976623137,484.2829709153911,2009.3398621545523,29.463024148877803,3.4799066540784063,6.72867054672081e-05,0.5442883463230396,0.17198164929503823
-0.03389928188124528,0.04256166990543599,1.2566043303144319,2.3779493873863533,0.29395770095764556,17.168702800802265,484.2829476675126,2009.2578258928766,29.4571270132824,3.4618666426425824,6.728478190444915e-05,0.5442916956707983,0.17290879474772844
-0.03378851836522987,0.04245090638942058,1.256606351406588,2.3779318501259907,0.2939451822235583,17.168703636022684,484.2829241081912,2009.1746607453756,29.451149727405582,3.4438735704735866,6.728283185438176e-05,0.5442950902448744,0.17384371888494793
-0.03367775484921446,0.04234014287340517,1.256608400220284,2.3779140733195314,0.2939324916762185,17.168704482464353,484.2829002323509,2009.0903475406708,29.44509095450783,3.4259274371318136,6.728085486675135e-05,0.544298530792134,0.17478651345240662
-0.03356699133319905,0.04222937935738976,1.2566104772235518,2.377896052946988,0.29391962641196373,17.168705340311604,484.28287603479225,2009.0048667123683,29.43894933098306,3.4080282418154204,6.72788504820144e-05,0.5443020180742616,0.17573727166139702
-0.033456227817183645,0.04211861584137436,1.2566125828939243,2.377877784907614,0.2939065834680644,17.168706209751253,484.28285151024573,2008.9181982915409,29.43272346585884,3.3901759838204573,6.727681823116092e-05,0.5443055528680113,0.17669608819462806
-0.033345464301168234,0.042007852325358946,1.2566147177187108,2.3778592650172277,0.2938933598211167,17.168707090974436,484.28282665332006,2008.8303218956012,29.42641194006835,3.3723706623054577,6.727475763545218e-05,0.5443091359656036,0.1776630592490222
-0.033234700785152824,0.041897088809343536,1.2566168821951937,2.377840489006844,0.2938799523857142,17.168707984176017,484.2828014585188,2008.7412167192233,29.420013305814805,3.354612276475494,6.727266820620771e-05,0.5443127681750546,0.17863828255721367
-0.03312393726913741,0.041786325293328125,1.2566190768309309,2.377821452520039,0.2938663580126803,17.16870888955434,484.2827759202472,2008.6508615220139,29.413526085822188,3.33690082523973,6.727054944451439e-05,0.5443164503206196,0.17962185743800507
-0.033013173753122,0.04167556177731272,1.2566213021439085,2.377802151111453,0.2938525734878148,17.168709807312027,484.28275003279,2008.5592346199398,29.40694877271226,3.31923630765663,6.726840084102442e-05,0.5443201832430855,0.18061388480529708
-0.03290241023710659,0.0415647982612973,1.256623558662896,2.3777825802440677,0.29383859553009195,17.168710737655815,484.2827237903158,2008.466313872704,29.400279828211872,3.301618722661048,6.72662218756576e-05,0.5443239678002098,0.18161446721656102
-0.03279164672109118,0.04145403474528189,1.2566258469276843,2.3777627352873276,0.293824420789934,17.16871168079578,484.2826971868991,2008.3720766720553,29.39351768240934,3.284048068946193,6.7264012017327e-05,0.544327804867173,0.18262370891419938
-0.03268088320507578,0.04134327122926649,1.2566281674892978,2.3777426115148033,0.29381004584789444,17.16871263694708,484.28267021647093,2008.2764999322494,29.386660733034034,3.26652434550578,6.726177072371257e-05,0.5443316953368484,0.18364171583097622
-0.032570119689060366,0.04123250771325108,1.2566305209103692,2.3777222041014685,0.2937954672124071,17.168713606329234,484.28264287283946,2008.1795600749679,29.379707344580236,3.2490475509266528,6.725949744090807e-05,0.5443356401204177,0.18466859566602803
-0.032459356173044955,0.04112174419723567,1.256632907765378,2.3777015081218082,0.2937806813183053,17.16871458916527,484.28261514971376,2008.0812330185695,29.372655847535285,3.231617683895608,6.725719160316496e-05,0.5443396401476639,0.18570445789413717
-0.032348592657029544,0.041010980681220256,1.25663532864093,2.3776805185470233,0.29376568452494095,17.16871558568339,484.28258704065695,2007.981494165326,29.365504537580314,3.2142347430682685,6.725485263259394e-05,0.5443436963674805,0.18674941381112484
-0.032237829141014133,0.040900217165204845,1.2566377841361058,2.3776592302424744,0.2937504731141802,17.168716596116138,484.28255853910986,2007.8803183873863,29.358251674647438,3.1968987270289273,6.72524799388328e-05,0.5443478097483279,0.18780357657615662
-0.03212706562499872,0.040789453649189435,1.2566402748627648,2.3776376379648796,0.2937350432883527,17.16871762070138,484.282529638363,2007.7776800126876,29.35089548204039,3.1796096341321585,6.725007291871547e-05,0.5443519812787607,0.18886706126176636
-0.03201630210898332,0.04067869013317403,1.2566428014458573,2.3776157363599677,0.2937193911685407,17.168718659680945,484.2825003315951,2007.6735528127956,29.343434145575756,3.1623674629447702,6.724763095598406e-05,0.5443562119678033,0.18993998486939395
-0.03190553859296791,0.04056792661715861,1.256645364523763,2.377593519959395,0.2937035127922049,17.168719713302007,484.28247061183436,2007.5679099866202,29.33586581261586,3.145172211859006,6.72451534209059e-05,0.5443605028455526,0.1910224663949855
-0.0317947750769525,0.04045716310114321,1.256647964748641,2.3775709831778187,0.2936874041110521,17.168720781817274,484.2824404719526,2007.4607241455997,29.328188591049873,3.12802387912448,6.724263966992466e-05,0.5443648549637036,0.19211462687187658
-0.031684011560937086,0.0403463995851278,1.2566506027867907,2.377548120310072,0.29367106098905815,17.168721865483853,484.28240990469783,2007.3519672997359,29.320400548352858,3.110922463145135,6.724008904533016e-05,0.5443692693959877,0.19321658939771688
-0.031573248044921676,0.04023563606911239,1.2566532793189984,2.3775249255280557,0.29365447919988313,17.16872296456471,484.28237890265257,2007.2416108398145,29.312499710543385,3.093867962127627,6.723750087483948e-05,0.5443737472388267,0.19432847920246615
-0.031462484528906265,0.04012487255309698,1.256655995040948,2.377501392877442,0.2936376544246936,17.168724079327994,484.28234745825335,2007.1296255220625,29.304484061057998,3.076860374283551,6.72348744712356e-05,0.5443782896118482,0.195450423684504
-0.031351721012890854,0.040014109037081566,1.256658750663548,2.377477516274718,0.29362058224974924,17.168725210047935,484.28231556376494,2007.0159814515107,29.29635153980998,3.059899697809223,6.723220913197549e-05,0.544382897658474,0.19658255246007506
-0.03124095749687545,0.039903345521066155,1.256661546913414,2.377453289503463,0.2936032581638039,17.168726357003763,484.28228321131127,2006.9006480636288,29.288100041886143,3.0429859308664873,6.722950413875509e-05,0.5443875725465159,0.19772499741629257
-0.031130193980860036,0.039792582005050744,1.256664384533237,2.3774287062109485,0.29358567755550674,17.168727520481266,484.2822503928312,2006.7835941064532,29.279727416470095,3.0261190714858333,6.722675875709048e-05,0.5443923154688373,0.19887789276911502
-0.03101943046484463,0.03968181848903534,1.2566672642821974,2.3774037599049365,0.2935678357109071,17.168728700771517,484.2822171001146,2006.6647876229913,29.271231465704663,3.0092991177672133,6.722397223590133e-05,0.5443971276439261,0.2000413751036999
-0.030908666948829214,0.03957105497301993,1.256670186936436,2.377378443949556,0.29354972781056893,17.168729898172494,484.28218332475655,2006.5441959310767,29.262609943336102,2.9925260677628702,6.72211438070357e-05,0.5444020103165799,0.20121558343792262
-0.030797903432813807,0.03946029145700451,1.2566731532894777,2.377352751561867,0.2935313489267615,17.168731112987967,484.2821490581887,2006.4217856037892,29.253860553516024,2.975799919469213,6.721827268480893e-05,0.5444069647585879,0.20240065927939346
-0.030687139916798396,0.03934952794098911,1.2566761641527426,2.3773266758074176,0.29351269402059665,17.168732345528678,484.2821142916461,2006.2975224494435,29.244980949512637,2.959120670896484,6.721535806553161e-05,0.5444119922694189,0.20359674667918107
-0.030576376400782992,0.039238764424973704,1.2566792203559727,2.3773002095970215,0.2934937579389098,17.168733596111508,484.28207901619066,2006.171371489706,29.235968732275587,2.9424883199863996,6.721239912699264e-05,0.5444170941769403,0.20480399229822996
-0.03046561288476758,0.039128000908958294,1.2566823227477755,2.3772733456818425,0.29347453541122454,17.168734865060355,484.2820432226863,2006.0432969383976,29.22682144913582,2.9259028646676892,6.720939502795998e-05,0.5444222718381638,0.2060225454650986
-0.03035484936875217,0.03901723739294288,1.2566854721961487,2.377246076649271,0.2934550210465049,17.168736152706277,484.2820069017951,2005.9132621787037,29.217536592278673,2.909364302851794,6.720634490764241e-05,0.5444275266399929,0.20725255824080782
-0.03024408585273676,0.03890647387692747,1.2566886695889457,2.3772183949189056,0.2934352093298488,17.168737459387103,484.28197004398805,2005.7812297399878,29.208111597326322,2.892872632438612,6.720324788514233e-05,0.5444328600000123,0.20849418548388124
-0.03013332233672135,0.03879571036091206,1.2566919158344658,2.3771902927377138,0.29341509461918763,17.16873878544836,484.28193263951897,2005.6471612746718,29.198543841813375,2.876427851400545,6.720010305891114e-05,0.5444382733672749,0.20974758491210485
-0.03002255882070594,0.03868494684489665,1.2566952118620625,2.3771617621748167,0.2933946711413696,17.168740131243165,484.2818946784279,2005.5110175307698,29.188830643519996,2.860029957508446,6.719690950610029e-05,0.5444437682232245,0.21101291719286583
-0.02991179530469053,0.03857418332888124,1.2566985586226593,2.3771327951175,0.2933739329889119,17.168741497131837,484.2818561505513,2005.3727583289945,29.178969258917824,2.8436789486680083,6.719366628202069e-05,0.5444493460824376,0.21229034599064142
-0.029801031788675124,0.03846341981286583,1.256701957089379,2.377103383265545,0.29335287411607264,17.168742883483432,484.28181704547944,2005.2323425352754,29.168956881475335,2.8273748227722066,6.71903724194956e-05,0.5444550084935768,0.21358003805196166
-0.029690268272659713,0.03835265629685042,1.2567054082581912,2.37707351812627,0.2933314883348362,17.168744290674077,484.28177735260317,2005.0897280323904,29.158790639891777,2.8111175776527397,6.718702692818915e-05,0.5444607570403124,0.2148821632860625
-0.029579504756644302,0.03824189278083501,1.25670891314852,2.3770431910090797,0.29330976931098723,17.168745719089618,484.28173706103917,2004.944871692507,29.148467596301398,2.7949072111634177,6.718362879395963e-05,0.5444665933422449,0.21619689483791973
-0.02946874124062889,0.038131129264819597,1.2567124728039591,2.3770123930199105,0.2932877105599494,17.168747169123233,484.2816961596973,2004.7977293477222,29.137984744462862,2.7787437211836097,6.718017697816315e-05,0.5444725190558785,0.21752440916925772
-0.029357977724613484,0.0380203657488042,1.2567160882929094,2.376981115055633,0.2932653054423661,17.168748641177395,484.2816546372252,2004.648255759042,29.12733900776433,2.762627105555294,6.7176670416922e-05,0.5444785358756535,0.21886488614828756
-0.029247214208598073,0.03790960223278879,1.2567197607093412,2.3769493477977646,0.2932425471597643,17.16875013566372,484.28161248201263,2004.496404585752,29.116527237298886,2.7465573621853787,6.71731080204007e-05,0.5444846455349439,0.22021850912837432
-0.029136450692582663,0.03779883871677338,1.2567234911735135,2.376917081706622,0.2932194287497186,17.168751653003213,484.28156968218474,2004.3421283514028,29.105546209780712,2.730534488885361,6.716948867200383e-05,0.5444908498072029,0.2215854650508441
-0.029025687176567252,0.03768807520075797,1.2567272808327126,2.3768843070151218,0.29319594308139696,17.168753193626024,484.28152622560845,2004.1853784122009,29.094392625467126,2.7145584836157575,6.716581122762868e-05,0.5444971505069652,0.2229659445180723
-0.02891492366055184,0.037577311684742556,1.256731130862105,2.3768510137216805,0.2931720828502221,17.168754757972238,484.2814820998706,2004.0261049194744,29.08306310592268,2.698629344225481,6.716207451477909e-05,0.5445035494911069,0.22436014191057027
-0.028804160144536434,0.037466548168727146,1.2567350424655048,2.376817191583872,0.29314784057304577,17.168756346492025,484.2814372922735,2003.8642567854527,29.071554191749854,2.6827470686468624,6.715827733175761e-05,0.5445100486599408,0.22576825547044596
-0.028693396628521026,0.037355784652711735,1.2567390168762347,2.376782830111337,0.2931232085827365,17.168757959645937,484.2813917898267,2003.69978164499,29.059862340295727,2.666911654837731,6.715441844676095e-05,0.5445166499584742,0.22719048740798828
-0.028582633112505616,0.037245021136696324,1.2567430556785657,2.3767479159018254,0.29309817858832876,17.16875959696489,484.2813456057622,2003.532624182274,29.047983923151655,2.651123114197372,6.715049656018166e-05,0.5445233557313504,0.22862704273498116
-0.028471869596490205,0.03713425762068091,1.2567471595416335,2.376712443134057,0.29307274338637307,17.16876126076725,484.2812986746858,2003.3627325496275,29.035915223727663,2.635381418275255,6.714651044900751e-05,0.5445301673258709,0.23007813441278466
-0.02836110608047479,0.0370234941046655,1.2567513300986375,2.376676397993231,0.2930468943090833,17.16876295064799,484.2812510080227,2003.190048750615,29.023652434579102,2.619686578047976,6.714245875036373e-05,0.5445370871667715,0.23154397599454277
-0.028250342564459383,0.03691273058865009,1.2567555687100973,2.3766397689212293,0.2930206228962608,17.1687646671123,484.2812025915234,2003.0145149061002,29.01119165470197,2.6040385915292252,6.71383401024688e-05,0.5445441173909292,0.23302478666467374
-0.02813957904844398,0.03680196707263469,1.2567598767707377,2.376602544073167,0.2929939204742251,17.168766410676174,484.2811534106335,2002.8360716505679,28.998528886843285,2.588437456784388,6.713415310849843e-05,0.5445512601866774,0.23452079014047036
-0.02802881553242857,0.03669120355661928,1.2567642557105674,2.37656471130826,0.29296677814920324,17.168768181868945,484.28110345042273,2002.6546580849952,28.985660034516282,2.5728831719434258,6.712989633547026e-05,0.5445585177952743,0.2360322147970566
-0.027918052016413158,0.036580440040603866,1.2567687069959963,2.3765262581809883,0.292939186800338,17.16876998123113,484.281052695645,2002.4702117273732,28.97258089902231,2.557375735085402,6.71255683130757e-05,0.5445658925125217,0.23755929380775154
-0.027807288500397744,0.036469676524588455,1.256773232130925,2.376487171931697,0.2929111370727945,17.16877180931723,484.2810011306599,2002.2826684635784,28.95928717639603,2.5419151443471515,6.712116753251868e-05,0.5445733866903129,0.23910226526864195
-0.027696524984382336,0.03635891300857305,1.2567778326579133,2.3764474394772357,0.2928826193704515,17.16877366669446,484.2809487394687,2002.0919624952091,28.945774454137805,2.52650139796439,6.711669244528148e-05,0.5445810027382594,0.24066137233446816
-0.027585761468366925,0.03624814949255764,1.256782510159416,2.3764070474006767,0.2928536238480634,17.168775553943764,484.28089550568507,2001.8980262839284,28.932038207898557,2.5111344941327447,6.711214146180981e-05,0.5445887431254903,0.242236863375974
-0.027474997952351518,0.03613738597654223,1.2567872662590516,2.3763659819409026,0.2928241404036184,17.168777471659897,484.2808414125332,2001.7007904968625,28.91807379804173,2.4958144311733794,6.710751295022181e-05,0.5445966103823401,0.24382899211399706
-0.027364234436336107,0.03602662246052682,1.2567921026228803,2.376324228982025,0.2927941586698506,17.168779420452275,484.280786442824,2001.5001839461222,28.90387646599622,2.480541207371051,6.710280523487845e-05,0.5446046071022816,0.24543801779074634
-0.027253470920320697,0.03591585894451141,1.256797020960806,2.376281774041852,0.29276366800580395,17.168781400945107,484.28073057895085,2001.2961335285686,28.889441330579988,2.465314821054477,6.70980165949585e-05,0.5446127359437919,0.2470642053230763
-0.02714270740430529,0.035805095428496,1.2568020230279333,2.3762386022608233,0.2927326574881068,17.168783413778062,484.28067380287126,2001.0885641632585,28.8747633841359,2.450135270667555,6.709314526297892e-05,0.5446209996322858,0.2487078254625569
-0.02703194388828988,0.03569433191248059,1.2568071106261076,2.376194698389281,0.2927011159014885,17.168785459606163,484.28061609610955,2000.8773987238687,28.859837488471094,2.4350025546333622,6.708818942319738e-05,0.5446294009622531,0.25036915498290396
-0.02692118037227447,0.03558356839646518,1.2568122856054054,2.3761500467752237,0.2926690317293609,17.16878753910096,484.28055743972396,2000.662557971139,28.844658370743776,2.419916671448086,6.708314721001376e-05,0.5446379427993283,0.2520484768504707
-0.02681041685625906,0.03547280488044977,1.2568175498657048,2.376104631351526,0.2926363931437722,17.16878965295037,484.2804978143112,2000.4439604809652,28.829220619091302,2.404877619642478,6.707801670626945e-05,0.544646628082525,0.25374608041568514
-0.02669965334024365,0.03536204136443436,1.2568229053583535,2.3760584356220806,0.2926031879951609,17.168791801859832,484.2804371999735,2000.221522570799,28.813518678189407,2.3898853978501986,6.70727959415053e-05,0.5446554598264761,0.25546226159985935
-0.02658888982422824,0.03525127784841895,1.2568283540879115,2.3760114426476697,0.2925694038013544,17.168793986552313,484.28037557631893,1999.995158220898,28.797546844470837,2.3749400047063904,6.706748289009958e-05,0.5446644411238861,0.25719732310877774
-0.026478126308212828,0.03514051433240354,1.25683389811392,2.3759636350313738,0.2925350277363431,17.168796207769105,484.28031292243867,1999.7647789936275,28.781299261326915,2.3600414388738815,6.706207546935683e-05,0.5446735751479671,0.25895157463975355
-0.02636736279219742,0.03502975081638813,1.256839539552735,2.3759149949036154,0.29250004661878515,17.168798466270196,484.28024921689644,1999.530293950785,28.764769914080787,2.345189699117406,6.705657153755267e-05,0.544682865154972,0.26072533309193086
-0.026256599276182013,0.03491898730037272,1.2568452805795036,2.375865503906052,0.2924644468997164,17.168800762835172,484.28018443770344,1999.2916095651644,28.74795262468686,2.330384784272558,6.705096889183977e-05,0.5446923144868604,0.26251892279710193
-0.026145835760166602,0.03480822378435731,1.2568511234301893,2.37581514317487,0.29242821464962615,17.1688030982635,484.28011856230984,1999.048629627662,28.730841046174575,2.3156266931634004,6.704526526604904e-05,0.5447019265741222,0.26433267576628144
-0.02603507224415119,0.0346974602683419,1.2568570704036524,2.375763893323877,0.2923913355455381,17.16880547337519,484.2800515675866,1998.8012551540057,28.713428657118236,2.3009154247224832,6.703945832848165e-05,0.5447117049385769,0.2661669319213017
-0.02592430872813578,0.03458669675232649,1.256863123863831,2.3757117344267575,0.29235379485696916,17.16880788901171,484.2799834297994,1998.5493842835992,28.695708755510207,2.286250977895858,6.703354567951525e-05,0.5447216531964258,0.2680220393638127
-0.02581354521212037,0.03447593323631108,1.2568692862420934,2.3756586459977274,0.29231557743165,17.168810346036466,484.27991412459517,1998.2929121763257,28.677674452719177,2.271633351719421,6.702752484915789e-05,0.5447317750612947,0.26989835463267264
-0.025702781696104963,0.03436516972029568,1.2568755600395425,2.375604606972854,0.2922766676804208,17.168812845335285,484.27984362698834,1998.0317309035083,28.659318666967632,2.257062545270245,6.702139329446754e-05,0.5447420743475139,0.2717962429889651
-0.025592018180089555,0.03425440620428027,1.2568819478295523,2.3755495956894217,0.2922370495616523,17.168815387817723,484.2797719113242,1997.765729335163,28.640634116627115,2.2425385577061867,6.701514839688196e-05,0.5447525549734461,0.27371607870184733
-0.025481254664074145,0.03414364268826486,1.256888452260377,2.3754935898645786,0.2921967065646409,17.168817974417124,484.2796989512771,1997.4947930199432,28.621613313200392,2.2280613881928826,6.700878745937432e-05,0.5447632209650451,0.27565824536060324
-0.025370491148058734,0.034032879172249446,1.256895076057839,2.3754365665734856,0.2921556216926689,17.16882060609209,484.27962471980896,1997.2188040622902,28.60224855398778,2.213631035967634,6.700230770354336e-05,0.5447740764594534,0.277623136183789
-0.02525972763204332,0.033922115656234035,1.2569018220281623,2.37537850222639,0.2921137774451774,17.16882328382704,484.2795491891534,1996.9376409930699,28.582531914524996,2.199247500364288,6.699570626654768e-05,0.5447851257087768,0.2796111543457269
-0.025148964116027916,0.033811352140218624,1.2569086930609799,2.375319372544145,0.2920711557988302,17.168826008632312,484.27947233081335,1996.651178632362,28.562455240531357,2.184910780719221,6.698898019785556e-05,0.5447963730841154,0.28162271333412137
-0.025038200600012505,0.033700588624203213,1.256915692132382,2.3752591525333426,0.29202773818817046,17.168828781546424,484.27939411549653,1996.3592879487603,28.542010139641196,2.1706208764521793,6.69821264559104e-05,0.5448078230796346,0.28365823730020967
-0.024927437083997094,0.0335898251081878,1.2569228223081645,2.3751978164601026,0.29198350548500057,17.168831603636303,484.27931451310957,1996.0618359094992,28.521187972641144,2.156377787010027,6.697514190457865e-05,0.5448194803168998,0.28571816144363843
-0.024816673567981683,0.03347906159217239,1.2569300867472772,2.3751353378220643,0.2919384379770998,17.168834475997848,484.279233492742,1995.7586853254395,28.4999798444784,2.1421815119134737,6.696802330947527e-05,0.5448313495493332,0.2878029323999355
-0.024705910051966273,0.03336829807615698,1.2569374887052756,2.375071689320398,0.2918925153458024,17.168837399757944,484.2791510226093,1995.4496946877175,28.47837659465979,2.1280320507586814,6.696076733409146e-05,0.5448434356668898,0.2899130086537974
-0.024595146535950865,0.03325753456014157,1.2569450315381256,2.375006842829057,0.29184571664224496,17.16884037607443,484.279067070054,1995.1347179946927,28.456368787355153,2.1139294031339877,6.695337053569152e-05,0.5448557437010211,0.2920488609818838
-0.024484383019935458,0.033146771044126166,1.256952718706059,2.3749407693636058,0.29179802026308416,17.168843406137743,484.27898160149914,1994.8136045744027,28.433946700971568,2.099873568728487,6.694582936110348e-05,0.5448682788296862,0.29421097289113257
-0.024373619503920047,0.033036007528110756,1.2569605537776771,2.374873439047977,0.2917494039243748,17.168846491172072,484.27889458241583,1994.4861988939517,28.411100317247147,2.0858645472405954,6.693814014219822e-05,0.5448810463827675,0.29639984110553574
-0.024262855987904636,0.03292524401209535,1.2569685404342066,2.3748048210801294,0.2916998446346483,17.168849632436512,484.2788059772907,1994.1523403623985,28.387819309839585,2.0719023384322193,6.693029909121468e-05,0.5448940518476014,0.298615976056099
-0.024262855987904636,0.03292524401209535,1.2569685404342066,2.3748048210801294,0.2916998446346483,17.168849632436512,484.2788059772907,1994.1523403623985,28.387819309839585,2.0719023384322193,6.693029909121468e-05,0.5448940518476014,0.298615976056099
-0.02406960961538272,0.032733524674661056,1.2569827339393878,2.374682913825051,0.29161176425935914,17.16885520633945,484.2786487552146,1993.5587270333233,28.346463798920315,2.0478459446436066,6.691635668962251e-05,0.5449171418496883,0.3025178525003384
-0.023874848370149755,0.032543344438583734,1.2569972937635507,2.3745579098981193,0.29152140259209947,17.168860912670834,484.278487797859,1992.9493988731729,28.30406537615663,2.0241212370040573,6.690204424147754e-05,0.5449407975830868,0.30647345999769626
-0.0236785845099241,0.032354715273266055,1.2570122282894456,2.3744297411488544,0.29142870686558625,17.16886675384714,484.2783230370702,1992.3239734768488,28.26060149465231,2.0007263447659285,6.688735268885564e-05,0.5449650303032942,0.31048334619928697
-0.023480830386994417,0.032167649050490715,1.2570275460205846,2.374298338605419,0.29133362350828057,17.168872732284395,484.27815440470783,1991.6820614747921,28.216049359199705,1.9776593784469334,6.687227280568498e-05,0.5449898513246538,0.3145480567185676
-0.023281598447442257,0.03198215754367326,1.2570432555789468,2.3741636325039166,0.29123609815488954,17.168878850395277,484.27798183272614,1991.0232665319982,28.17038593731814,1.954918430750537,6.685679519749391e-05,0.5450152720102335,0.31866813484076895
-0.02308090123035876,0.031798252427121115,1.2570593657024614,2.37402555231954,0.2911360756578352,17.168885110585656,484.27780525327194,1990.3471853511776,28.123587971000788,1.9325015773784455,6.68409103012468e-05,0.5450413037611789,0.3228441212468716
-0.02287875136705544,0.03161594527529877,1.2570758852421702,2.3738840268011314,0.2910335001009852,17.168891515252344,484.27762459874776,1989.6534076887021,28.075631989626142,1.9104068780389247,6.682460838547062e-05,0.5450679580051897,0.3270765536993071
-0.022675161580269245,0.031435247562099415,1.2570928231590948,2.3737389840081415,0.29092831481433984,17.168898066778596,484.2774398019391,1988.9415163744595,28.026494323567274,1.888632377319392,6.680787955046295e-05,0.5450952461844475,0.33136596674698454
-0.022470144683361813,0.031256170660122734,1.2571101885208402,2.3735903513504915,0.29082046239071857,17.168904767531174,484.277250796097,1988.2110873432225,27.976151119041784,1.8671761056347989,6.679071372876271e-05,0.5451231797427926,0.3357128914103953
-0.022263713579512998,0.03107872583995915,1.257127990497853,2.3734380556311576,0.2907098847034197,17.16891161985722,484.27705751502646,1987.4616896697867,27.924578353520644,1.8460360800569773,6.677310068569758e-05,0.5451517701123129,0.340117854888272
-0.02205588126090887,0.030902924269480537,1.2571462383593885,2.373282023091972,0.2905965229265472,17.168918626079307,484.2768598932256,1986.6928856197912,27.871751852661045,1.8252103053453084,6.675503002028955e-05,0.5451810286989496,0.34458138021915174
-0.021846660807923895,0.030728777013137264,1.25716494146909,2.3731221794626087,0.29048031755643083,17.16892578849235,484.2766578659736,1985.9042307058087,27.81764730792993,1.8046967748367262,6.673649116627481e-05,0.5452109668675557,0.3491039859670514
-0.02163606538829783,0.030556295031261945,1.2571841092802165,2.3729584500127574,0.29036120843496105,17.168933109359727,484.2764513694392,1985.0952737537643,27.76224029535441,1.7844934713627352,6.671747339335574e-05,0.5452415959261525,0.35368618589826506
-0.021424108256306872,0.03038548917937948,1.2572037513306562,2.372790759606886,0.2902391347747766,17.168940590907393,484.27624034084744,1984.2655569797587,27.705506295411897,1.7645983681828454,6.669796580868496e-05,0.5452729271093979,0.35832848865080175
-0.02121080275192956,0.03021637020752399,1.2572238772373878,2.3726190327630063,0.29011403518646744,17.168948235321672,484.2760247185417,1983.4146160781895,27.647420713958052,1.7450094299292227,6.66779573586063e-05,0.5453049715612696,0.36303139739876317
-0.020996162300007105,0.03004894875956212,1.2572444966906156,2.372443193715179,0.2899858477078,17.168956044743314,484.275804442151,1982.5419803214165,27.587958904358665,1.725724613576052,6.665743683065343e-05,0.545337740316902,0.3677954095067248
-0.020780200409398552,0.029883235372523218,1.2572656194476028,2.372263166478365,0.28985450983456285,17.168964021262397,484.27557945273463,1981.6471726683683,27.52709619064883,1.706741869336062,6.663639285575031e-05,0.545371244283759,0.3726210161968506
-0.02056293067213054,0.029719240475936142,1.257287255325957,2.3720788749178476,0.2897199585538887,17.168972166915204,484.2753496928693,1980.7297098876913,27.46480789190034,1.6880591416450248,6.661481391073956e-05,0.5454054942218486,0.37750870219393595
-0.020344366762541807,0.029556974391172823,1.2573094141966636,2.371890242821588,0.2895821303794114,17.16898048367751,484.27511510683905,1979.7891026916536,27.40106934776135,1.6696743701018864,6.659268832115408e-05,0.5454405007232019,0.3824589453758358
-0.020124522436422675,0.029396447330798752,1.2573321059765323,2.371697193976956,0.28944096138867786,17.1689889734602,484.27487564075903,1978.8248558833693,27.335855945173474,1.651585490432922,6.657000426428872e-05,0.5454762741904952,0.3874722164152261
-0.019903411530149174,0.02923766939793011,1.2573553406203264,2.371499652250513,0.2892963872626437,17.16899763810398,484.27463124272373,1977.8364685165545,27.26914314620827,1.63379043543929,6.654674977255807e-05,0.5455128248148946,0.39254897842243996
-0.019681047959812358,0.029080650585598018,1.257379128112395,2.3712975416721416,0.2891483433275627,17.169006479373248,484.2743818629813,1976.8234340699473,27.20090651725587,1.6162871359819138,6.65229127371834e-05,0.5455501625529879,0.3976896865737877
-0.019457445720342307,0.028925400776119534,1.2574034784578334,2.3710907865225948,0.2889967645989686,17.169015498952493,484.2741274540337,1975.7852406345837,27.131121759240997,1.599073521938124,6.649848091217505e-05,0.5455882971029876,0.4028947877447249
-0.019232618884627472,0.028771929740475738,1.2574284016732715,2.3708793114251776,0.28884158582781677,17.169024698438445,484.2738679708592,1974.7213711146617,27.059764739132582,1.582147523144627,6.647344191861971e-05,0.545627237880125,0.4081647201415498
-0.019006581602628907,0.02862024713769673,1.2574539077769993,2.370663041441815,0.28868274154962803,17.169034079335027,484.273603371054,1973.6313034475181,26.98681152273265,1.565507070432533,6.644778324940758e-05,0.5456669939910475,0.41349991290474514
-0.01877934810048964,0.02847036251425373,1.2574800067787875,2.370441902172199,0.2885201661352063,17.16904364304909,484.273333614953,1972.5145108339188,26.912238408560235,1.5491500965532299,6.642149227419163e-05,0.5457075742076615,0.41890078573592426
-0.018550932679639476,0.028322285303458268,1.257506708669129,2.370215819857678,0.28835379384417886,17.169053390881952,484.2730586658683,1971.3704619866678,26.836021962957403,1.5330745371724708,6.639455624476448e-05,0.5457489869400186,0.4243677485026889
-0.018321349715894757,0.028176024824868466,1.2575340234079273,2.3699847214891747,0.28818355888094827,17.169063324025977,484.2727784901855,1970.1986213956577,26.758139056498294,1.5172783318441678,6.636696230081552e-05,0.5457912402084937,0.4299012008413248
-0.018090613658553707,0.0280315902837025,1.257561960912799,2.3697485349186906,0.2880093954530635,17.169073443555437,484.2724930576219,1968.9984496091477,26.678566901499174,1.5017594249941932,6.633869747605566e-05,0.5458343416151563,0.43550153175195766
-0.017858739029486908,0.027888990770259216,1.2575905310466322,2.369507188975865,0.2878312378323153,17.169083750424683,484.2722023412774,1967.769403534078,26.597283090787347,1.4865157669167661,6.630974870478298e-05,0.5458782983143806,0.44116911918184964
-0.017625740422223462,0.027748235259346072,1.257619743604861,2.369260613587543,0.28765088598232696,17.16909424545818,484.2719063179164,1966.5109367500108,26.514265637472707,1.4715453147172743,6.628010789940215e-05,0.5459251703643168,0.44690432961899745
-0.017391632501032456,0.027609332609714245,1.2576496083019928,2.3690087399023168,0.287464530803301,17.169104929346123,484.27160496809046,1965.222499846523,26.429493016124972,1.456846033314654,6.624975163469502e-05,0.5459708438991647,0.4527075176566962
-0.017156429999999993,0.02747229156350108,1.2576801347576878,2.3687515004190054,0.2872739850516188,17.169115802638146,484.2712982763167,1963.9035407766837,26.34294420487903,1.4424158964184919,6.621867170051737e-05,0.5460173909574332,0.4585790255588407
-0.016920147722101972,0.02733712074567992,1.2577113324822409,2.368488829118692,0.2870791839141691,17.169126865737763,484.2709862312339,1962.5535052289663,26.254598728678136,1.4282528874760296,6.618685470706904e-05,0.546064816594626,0.4645191828241045
-0.016682800538272324,0.02720382866351725,1.2577432108614954,2.368220661601881,0.2868800629846588,17.169138118895027,484.27066882580976,1961.1718370207886,26.164436703561122,1.4143550006463075,6.615428720415436e-05,0.5461131252618897,0.47052830573176235
-0.016444403386467174,0.027072423706037293,1.2577757791412234,2.367946935228614,0.286676558339793,17.16914956220146,484.2703460574839,1959.7579785112962,26.07243888206963,1.4007202417506937,6.612095569034585e-05,0.5461623207728684,0.4766066968814001
-0.01620497127072459,0.02694291414349399,1.2578090464109175,2.3676675892628425,0.2864686066177146,17.169161195584714,484.2700179283185,1958.3113710328648,25.97858669936307,1.3873466292008618,6.608684662258438e-05,0.5462124062701654,0.48275464473261986
-0.015964519260220373,0.02681530812685055,1.2578430215870084,2.3673825650210243,0.28625614509940134,17.16917301880098,484.26968444521214,1956.831455346425,25.882862320562523,1.3742321949415472,6.605194642633523e-05,0.5462633841912661,0.48897242312167016
-0.01572306248831959,0.02668961368726641,1.2578777133956034,2.367091806023306,0.2860391117917355,17.1691850314312,484.2693456200066,1955.3176721123195,25.785248688495653,1.3613749853340227,6.601624150610643e-05,0.5463152562342792,0.4952602907926619
-0.01548061615162409,0.02656583873559178,1.2579131303545315,2.366795258149605,0.28581744551341554,17.169197232874346,484.26900146967694,1953.7694623856403,25.685729572542094,1.3487730620447846,6.597971825654347e-05,0.546368023323354,0.5016184909084391
-0.015237195509016163,0.026443991061869784,1.2579492807550388,2.3664928697975265,0.28559108598282285,17.16920962234275,484.2686520164625,1952.186268129872,25.584289617829054,1.3364245029133117,6.594236307395029e-05,0.5464216855738948,0.5080472505610852
-0.014992815880698097,0.026324078334846127,1.257986172642852,2.366184592043825,0.2853599739074716,17.169222198856833,484.26829728801573,1950.567532747532,25.480914394918734,1.3243274027489114,6.590416236821529e-05,0.5464762422579044,0.5145467802973154
-0.014747492647228053,0.02620610810148652,1.2580238137988062,2.3658703788087734,0.28512405107590255,17.169234961240182,484.26793731754134,1948.9127016339078,25.37559045000725,1.3124798741472246,6.586510257527941e-05,0.5465316917691704,0.5211172736242033
-0.014501241248551972,0.026090087786501598,1.258062211719156,2.365550187021082,0.2848832604500446,17.169247908115654,484.26757214390574,1947.2212227410387,25.268305354922507,1.3008800482043457,6.582517016985072e-05,0.546588031588926,0.5277589065532416
-0.014254077183031904,0.025976024691879752,1.2581013735953257,2.365223976786375,0.2846375462593595,17.169261037900334,484.2672018117793,1945.4925471615863,25.15904775732449,1.2895260752234419,6.57843516785911e-05,0.5466452582517132,0.5344718371401327
-0.01400601600647054,0.02586392599642743,1.258141306293499,2.364891711555034,0.28438685409547715,17.169274348801792,484.26682637174196,1943.7261297240952,25.047807430422857,1.2784161253670623,6.574263369357673e-05,0.5467033673117857,0.5412562050506272
-0.013757073331132179,0.025753798755317425,1.2581820163339055,2.3645533582907627,0.2841311310063929,17.16928783881624,484.26644588033514,1941.921429594193,24.93457532204661,1.2675483892095585,6.570000288590702e-05,0.5467623533104463,0.5481121311761056
-0.013507264824760152,0.0256456498996448,1.2582235098700532,2.3642088876382017,0.28387032559078085,17.169301505723762,484.266060400196,1940.0779108854267,24.81934360284254,1.25692107826898,6.565644601954768e-05,0.546822209744138,0.5550397172735073
-0.01325660620959072,0.025539486235990665,1.2582657926678917,2.3638582740884155,0.2836043880904192,17.1693153470874,484.26567000008373,1938.1950432668534,24.70210571298887,1.2465324254317434,6.561194996510714e-05,0.5468829290338922,0.5620390456801807
-0.013005113261363601,0.025435314445993795,1.2583088700851084,2.3635014961421392,0.28333327048083834,17.16932936025087,484.26527475494316,1936.2723025683324,24.582856407294106,1.2363806853182293,6.556650171357032e-05,0.5469445024961751,0.5691101790909886
-0.01275280180832902,0.025333141085930114,1.2583527470506966,2.3631385364680115,0.2830569265586267,17.169343542337774,484.26487474592744,1934.3091713727358,24.461591797923866,1.2264641345620229,6.552008838973433e-05,0.5470069203155016,0.5762531604301261
-0.0124996877302516,0.025232972586300046,1.2583974280449863,2.362769382055249,0.28277531202442174,17.169357890251533,484.2644700603997,1932.305139588831,24.338309394431537,1.2167810719987875,6.547269726520047e-05,0.5470701715191315,0.5834680128335448
-0.012245786957410871,0.025134815251423817,1.2584429170802762,2.3623940243590242,0.28248838456082376,17.169372400675886,484.2640607919188,1930.2597049993494,24.213008140509565,1.2073298187914543,6.542431577079463e-05,0.5471342439540543,0.5907547397506538
-0.011991115469598716,0.025038675259044664,1.2584892176823064,2.3620124594368535,0.2821961039030146,17.16938707007579,484.26364704021427,1928.1723737686286,24.085688446753984,1.1981087184512285,6.537493150804475e-05,0.5471991242667689,0.5981133252089115
-0.011735689295113604,0.02494455865994003,1.2585363328725976,2.3616246880754472,0.28189843190216446,17.16940189470177,484.26322891106287,1926.042660910431,23.95635221927095,1.1891161368174574,6.532453225973152e-05,0.5472647978858872,0.6055437342268083
-0.011479524509751843,0.024852471377540732,1.258584265152273,2.361230715903653,0.2815953325790594,17.169416870590624,484.2628065162695,1923.8700906970666,23.825002883003414,1.1803504619692788,6.527310599906339e-05,0.547331249008067,0.6130459134248932
-0.011222637235795824,0.02476241920755819,1.258633016486839,2.3608305534947793,0.2812867721682144,17.16943199357239,484.26237997346976,1921.6541970118653,23.691645400155316,1.1718101041163442,6.522064089752658e-05,0.5473984605873212,0.6206197918155018
-0.010965043640999277,0.02467440781761964,1.2586825882925843,2.360424216454248,0.2809727191512929,17.169447259273905,484.26194940603,1919.3945236353125,23.556286282963708,1.1634934955014513,6.516712533117397e-05,0.5474664143277689,0.6282652817832153
-0.010706759937569789,0.024588442746911413,1.2587329814241768,2.360011725494854,0.2806531442801361,17.16946266312697,484.261514942817,1917.090624467052,23.418933601063532,1.1553990903565168,6.511254788541017e-05,0.5475350906798844,0.635982280238705
-0.0104478023811484,0.024504529405830363,1.2587841961634922,2.3595931065005833,0.2803280205908275,17.16947820037408,484.26107671803607,1914.7420636929276,23.279596984320367,1.147525364974446,6.505689735848186e-05,0.5476044688397879,0.6437706698968375
-0.010188187269786549,0.02442267307564329,1.258836232208907,2.3591683905842697,0.2799973234119306,17.169493866078284,484.26063487095286,1912.348415919208,23.13828762212362,1.1398708180010522,6.500016276420017e-05,0.5476745267508916,0.6516303205967895
-0.009927930942920304,0.024342878908154595,1.2588890886644735,2.358737614144846,0.27966103037183404,17.16950965513107,484.26018954567104,1909.9092663096549,22.995018261630484,1.132433971021808,6.494233333474008e-05,0.547745241106932,0.6595610905460445
-0.00966704978034202,0.02426515192538205,1.2589427638861783,2.3583008200341804,0.27931912149950683,17.169525562550238,484.25974088273074,1907.4242114359192,22.849803208796093,1.125213367447364,6.488339853981926e-05,0.5478165872992502,0.6675628286926666
-0.009405560201169423,0.02418949701924067,1.258997256106113,2.357858052675469,0.2789715788770267,17.169541582174475,484.25928905592775,1904.8928567488483,22.702658337634283,1.1182075840193964,6.482334802877878e-05,0.5478885396670189,0.6756353686020204
-0.009143478662812248,0.024115918951234896,1.2590525623009436,2.3574093668340836,0.27861838739031597,17.169557708947863,484.2588342078794,1902.314822316528,22.553601116386123,1.1114152162704392,6.476217176196286e-05,0.5479610710516805,0.6837785389592714
-0.008880821659936476,0.024044422352158867,1.2591086790261654,2.3569548210991993,0.2782595343514308,17.16957393713292,484.25837650042513,1899.689740115962,22.40265066212647,1.104834895453228,6.469985994952649e-05,0.5480341531239693,0.6919921525026178
-0.008617605723426163,0.023975011721805013,1.2591654698967367,2.356495548597922,0.27789585717174314,17.16959022309383,484.2579171643031,1897.023475756883,22.250182438661213,1.0984797385201457,6.463655080519903e-05,0.5481075859080308,0.7002568177647152
-0.008353847419343061,0.02390769142868081,1.259223325503136,2.3560284244197733,0.27752481399070733,17.169606673863722,484.2574531807236,1894.2970869829649,22.095158104839502,1.0923052128853163,6.457179336450724e-05,0.5481818480698386,0.7086297169952742
-0.008089563347884002,0.023842465709733873,1.259281652612533,2.3555582686670875,0.27715017050832647,17.16962311620898,484.2569894356439,1891.5379623511224,21.939176175493344,1.0863723582493905,6.450623704605926e-05,0.5482561539977644,0.7170256262800184
-0.007824770142336108,0.023779338670085262,1.259341001213016,2.3550806779706654,0.2767683519566315,17.16963970140206,484.2565216625393,1888.719493330468,21.780773520390156,1.0806226477721859,6.4439248501096e-05,0.5483311805549803,0.7255245165828146
-0.0075594844680299785,0.023718314282771186,1.2594011258529973,2.35459766414681,0.2763808891719035,17.169656355654208,484.2560519425839,1885.8526411160908,21.620615530633405,1.0750796153271198,6.437108690685904e-05,0.5484065885003955,0.734091751011493
-0.007293723021290745,0.02365939638849283,1.2594620178495268,2.3541093289159525,0.27598779093460973,17.169673072464274,484.2555804591486,1882.9371659914036,21.458733206101495,1.0697420671467945,6.430174531841693e-05,0.5484823412490576,0.7427269741780144
-0.0070275025283873605,0.023602588695374755,1.2595236678203034,2.3536157796120354,0.2755890682313363,17.16968984530947,484.2551073962127,1879.9728402765595,21.29515889311234,1.0646088334968227,6.423121704247561e-05,0.548558401191991,0.7514298341795355
-0.006760839744479779,0.023547894778731458,1.259586065675605,2.3531171291981057,0.27518473421913603,17.169706667662464,484.2546329378825,1876.9594482667776,21.129926251980883,1.0596787717399978,6.415949563570418e-05,0.5486347297256816,0.7601999834713864
-0.006493751452564542,0.02349531808084235,1.259649200599502,2.3526134963667946,0.27477480425721007,17.169723533003097,484.25415726806045,1873.8967866787848,20.963070251240442,1.0549507701171843,6.408657491517024e-05,0.5487112872702116,0.7690370782187189
-0.006226254462418422,0.023444861910735134,1.2597130610177099,2.352105005745335,0.2743592960232292,17.16974043483075,484.25368057009655,1870.7846657428756,20.794627194507424,1.0504237521308373,6.401244898419079e-05,0.5487880332737438,0.77794077582264
-0.005958365609540507,0.02339652944397752,1.2597776345505223,2.351591788216825,0.27393822972607995,17.16975736667066,484.25320302661004,1867.622911041624,20.624634784099886,1.0460966812839991,6.393711227605295e-05,0.5488649262026646,0.7869107304454327
-0.005690101754092604,0.023350323722477376,1.2598429077557518,2.351073982829735,0.27351162846720345,17.16977432239977,484.25272481029936,1864.4113669204094,20.453132219836625,1.0419685629315825,6.386055963471372e-05,0.548941923506222,0.7959465890608467
-0.005421479779838112,0.023306247654291283,1.2599088669480214,2.3505517305699413,0.27307856950830395,17.1697912947788,484.2522461253433,1861.1498960324552,20.28016032603293,1.0380384619765242,6.378277206864149e-05,0.5490175733744076,0.8050479722723829
-0.005152516593079435,0.02326430401344152,1.2599754965536734,2.3500251867626623,0.27264099960574933,17.169808278038698,484.2517671344531,1857.8383894941153,20.105761689283955,1.034305482863559,6.37037741031302e-05,0.5490946710514624,0.8142144853190634
-0.004883229121593871,0.02322449543974141,1.2600421899546859,2.349499163607325,0.27220187705236965,17.169825117442056,484.25129220178616,1854.5063379925314,19.93152165884212,1.0307988276560716,6.36242537393019e-05,0.5491710664339092,0.8233648030378826
-0.0046136343135683225,0.023186824438629287,1.260110490351494,2.348961530241775,0.27175095467346216,17.16984219939198,484.25081042937217,1851.0755685020135,19.753412126191517,1.0274376050465561,6.354234349455956e-05,0.5492484937205143,0.8327123679894195
-0.004343749136532556,0.02315129338101071,1.26017920770293,2.3484217039333357,0.2712959881611061,17.16985922189977,484.2503303343937,1847.6045881121402,19.574541784829357,1.024282588660095,6.345943804145238e-05,0.5493255633184505,0.8420959664772324
-0.004073590576291339,0.023117904503109302,1.2602483716442927,2.3478794748761413,0.27083670603833015,17.169876192617085,484.24985170103764,1844.0910510040928,19.394829224353195,1.0213290484189996,6.337547996317502e-05,0.5494022883939035,0.8515219940707133
-0.003803175635855404,0.023086659906326006,1.2603180250637118,2.3473345323420216,0.2703727456343485,17.16989312131471,484.2493742537258,1840.5318828582085,19.214159963696158,1.0185724973926567,6.329039430287607e-05,0.5494786940090254,0.8609985961436786
-0.0035325213343713113,0.02305756155710678,1.2603882161885718,2.346786527028051,0.26990369434509826,17.16991002036968,484.2488976433776,1836.9235927205466,19.032403268532907,1.0160090544569542,6.320409597685353e-05,0.5495548094457091,0.8705348221830861
-0.0032616447060503585,0.023030611286818898,1.2604589867371094,2.346235164380112,0.26942917747001077,17.169926899416158,484.2484215982728,1833.262940598215,18.849446571654074,1.013635951735122,6.311650572746516e-05,0.5496306533908493,0.8801388180883511
-0.002990562799096405,0.02300581079163566,1.2605303473929057,2.3456803943849494,0.26894901854295045,17.169943760938327,484.24794604834614,1829.5481849134267,18.66525651597341,1.0114520835741039,6.302757999707393e-05,0.5497062093163168,0.8898146437741147
-0.0027192926746330177,0.022983161632429628,1.2606022391654594,2.3451227085532085,0.26846350470098046,17.169960591390495,484.2474713756263,1825.7811650979352,18.479978077217407,1.0094585694531941,6.293736089557731e-05,0.5497813870880671,0.8995570513921286
-0.002447851405629608,0.022962665234674412,1.2606744745986516,2.3445635885953737,0.2679737946225487,17.169977348385377,484.24699877556196,1821.9705326823457,18.294084344374134,1.0076591619777497,6.284605384153868e-05,0.549855967255928,0.9093435412566565
-0.002176256075826944,0.022944322888354927,1.2607466550236832,2.3440061336359466,0.2674825009046667,17.169993943068597,484.2465307541071,1818.1364034299845,18.108586821733283,1.0060602417073117,6.275413951335276e-05,0.5499295260023164,0.9191231183385163
-0.0019045237786619411,0.02292813574788625,1.26081806419724,2.3434558605097093,0.26699445067484195,17.17001021797138,484.2460717523295,1814.316487645388,17.92530522156033,1.0046700342743826,6.266252159962955e-05,0.5500013433202728,0.9288017293943412
-0.0016326716161918463,0.022914104832040927,1.2608936761393574,2.3428745375364275,0.26647540705616424,17.170027301594608,484.2455899431108,1810.2418312294114,17.731470874298488,1.0034015777014234,6.256474496470301e-05,0.5500763440235116,0.939057136625999
-0.001360716698017914,0.022902231023884844,1.2609672372464686,2.3423103095447657,0.2659681024226107,17.170043780154817,484.24512519938554,1806.2471977931232,17.543104878699914,1.002364774314845,6.246883933739372e-05,0.550148272701111,0.9490448194805786
-0.0010886761402084998,0.022892515070721695,1.2610403208083776,2.3417510503604753,0.2654617035912579,17.17006001901095,484.24466721689083,1802.2477147572079,17.356146631317703,1.0015241414900216,6.23727682329031e-05,0.5502187128554075,0.9589812233039298
-0.0008165670642219257,0.022884957584045906,1.2611109912212055,2.341211504737411,0.26496966141479,17.170075601355833,484.244227750718,1798.3501315146184,17.175516104987935,1.0008882559548833,6.227909744701303e-05,0.5502858510038257,0.9686055765671696
-0.0005444065958288234,0.02287955903950419,1.26118978702233,2.340611382773738,0.2644181785298899,17.170092842651904,484.24374149836177,1793.9682223863479,16.974270445500014,1.0003818282155268,6.217373072860987e-05,0.5503595671336488,0.9793589692539466
-0.0002722118640343237,0.022876319776865564,1.261256938613352,2.3401011695890337,0.2639456966403155,17.17010743151854,484.24333005263304,1790.202674836054,16.802869112914426,1.0001170462585494,6.208313730596442e-05,0.5504214317793376,0.9885451835869481
3.31213946292004e-05,0.022875302771104774,1.2613592606719897,2.339325924848193,0.26322110184860054,17.170129488727966,484.2427079806475,1784.4074541030727,16.541833478024476,1.0000059340673138,6.194362654491877e-05,0.5505139853653278,1.002588215422702
6.62423134091811e-05,0.0228754910835173,1.261378059007862,2.339183789328027,0.26308734556239644,17.170133519668425,484.2425942975755,1783.334982152982,16.49388950559343,1.0000236925075356,6.191779694757271e-05,0.550530762378496,1.005174840982759
9.93622804975579e-05,0.0228758049345321,1.261396804959382,2.339042140302451,0.26295375954346895,17.170137533086777,484.24248110872594,1782.2630327171296,16.446081854575134,1.0000531631691667,6.189197632512423e-05,0.5505474221323172,1.0077564862619668
0.00013248082006562481,0.02287624431964015,1.2614154989807809,2.3389009738605053,0.2628203397698436,17.170141529261027,484.2423684062575,1781.191576241563,16.398408831079593,1.00009423723262,6.186616396682695e-05,0.5505639654383555,1.0103332621015109
0.0001655974563051787,0.022876809232528883,1.2614341415196944,2.3387602861540726,0.2626870822427034,17.170145508466298,484.2422561824104,1780.1205832522803,16.350868758135974,1.0001468091223582,6.184035916346151e-05,0.5505803930943206,1.0129052782729269
0.0001987117134353634,0.02287749966508228,1.2614527330170342,2.3386200733984923,0.2625539829865206,17.170149470975588,484.24214442948465,1779.0500243572326,16.303459975785138,1.0002107764262937,6.181456120738525e-05,0.550596705884174,1.0154726434928354
0.00023182311570950302,0.022878315607381034,1.261471273906902,2.3384803318730483,0.26242103804982037,17.170153417059797,484.2420331398396,1777.9798702532487,16.256180841169456,1.000286039830814,6.178876939269997e-05,0.5506129045781248,1.018035465424993
0.00026493118742193663,0.022879257047702637,1.2614897646165066,2.3383410579217263,0.2622882435054982,17.17015734698663,484.24192230592456,1776.910091729453,16.20902972862641,1.0003725030489228,6.176298301533424e-05,0.5506289899326654,1.020593850689554
0.000298035452914851,0.02288032397252159,1.2615082055660527,2.3382022479535793,0.26215559545136974,17.170161261022585,484.24181192022314,1775.8406596726552,16.16200502977496,1.0004700727539484,6.173720137317516e-05,0.5506449626906301,1.023147904869034
0.0003311354365851223,0.02288151636650956,1.2615265971686447,2.3380638984435445,0.26202309001063895,17.170165159431075,484.2417019753057,1774.7715450718417,16.11510515359979,1.0005786585144434,6.171142376617694e-05,0.5506608235812185,1.025697732514398
0.00036423066289113673,0.02288283421253565,1.2615449398302416,2.337926005932525,0.2618907233323557,17.170169042473773,484.24159246379185,1773.7027190228202,16.06832852653507,1.00069817273006,6.168564949647408e-05,0.5506765733200427,1.028243437151423
0.00039732065635963087,0.022884277491666587,1.2615632339494656,2.3377885670287823,0.261758491591854,17.170172910409917,484.2414833783699,1772.6341527327208,16.021673592545113,1.0008285305688707,6.165987786849112e-05,0.550692212609187,1.0307851212871246
0.0004304049415925203,0.022885846183167045,1.261576236623035,2.337690935385672,0.2616643747286799,17.170175656714655,484.2414059257738,1771.8730877059768,15.988511692381993,1.0009279610368789,6.164152032988762e-05,0.5507032864840732,1.0325933281867754
0.0004634830432737302,0.0228875402644999,1.261594384675636,2.337554744534794,0.26153282844112125,17.17017948591459,484.2412979328921,1770.808649195968,15.942224433490493,1.0010761570865163,6.161584207570996e-05,0.5507186841823003,1.0351194703477213
0.0004965544861760214,0.022889359711326593,1.2616125316293916,2.3374186499469047,0.2614010712338292,17.170183310504456,484.24119007007397,1769.741679846255,15.895936405254705,1.001235323888488,6.159009915053647e-05,0.5507340128533174,1.037648314279067
0.000529618795167826,0.022891304497507446,1.2616306769557504,2.3372826558976003,0.2612691042474294,17.170187130513547,484.24108233649287,1768.6721844434808,15.84964838385157,1.0014054619740325,6.156429164004268e-05,0.5507492718717045,1.0401798551796981
0.0005626754952200627,0.022893374595102066,1.261648820116969,2.337146766729102,0.2611369286689685,17.17019094597002,484.24097473135447,1767.6001681632115,15.803361159469178,1.0015865720854165,6.153841963922709e-05,0.5507644606093944,1.0427140874503065
0.0005957241114129672,0.02289556997436972,1.261666960566081,2.337010986849751,0.26100454573181797,17.170194756905406,484.2408672537695,1766.525636570691,15.757075536144255,1.0017786551561332,6.151248325243823e-05,0.5507795784359287,1.0452510046982955
0.0006287641689429158,0.022897890603769795,1.2616850977473462,2.336875320731217,0.26087195671308194,17.170198563350173,484.2407599028785,1765.4485956009619,15.710792330660931,1.0019817123024937,6.148648259289879e-05,0.5507946247188703,1.0477905997873898
0.0006617951931292448,0.02290033644996221,1.2617032310961962,2.3367397729082167,0.2607391629339829,17.170202365336422,484.24065267777587,1764.369051563577,15.664512372584984,1.0021957448034442,6.146041778282794e-05,0.5508095988239966,1.0503328648325605
0.000694816709421069,0.02290290747780792,1.2617213600395667,2.3366043479763094,0.2606061657577294,17.170206162896662,484.2405455775447,1763.2870111264667,15.618236503356622,1.002420754090299,6.143428895305718e-05,0.5508245001156886,1.0528777912414222
0.0007278282434041079,0.022905603650369435,1.261739483996056,2.33646905059051,0.26047296658888214,17.1702099560648,484.2404386012286,1762.2024813120427,15.571965575919323,1.0026567417336087,6.140809624294264e-05,0.5508393279571843,1.0554253697274458
0.0007608293208074885,0.022908424928911316,1.2617576023759582,2.3363338854648004,0.2603395668725962,17.17021374487589,484.24033174783864,1761.11546949248,15.52570045434312,1.0029037094282627,6.138183980025847e-05,0.5508540817108517,1.05797559032569
0.0007938194675105682,0.022911371272900747,1.2617757145817365,2.336198857368681,0.2602059680923245,17.17021752936567,484.240225016367,1760.025983372055,15.479442012863514,1.0031616589863612,6.135551978077498e-05,0.5508687607385854,1.060528442436743
0.0008267982095497435,0.022914442640008133,1.2617938200079046,2.336063971127932,0.2600721717704464,17.170221309571485,484.24011840576003,1758.9340309935349,15.433191135978792,1.003430592321467,6.132913634842037e-05,0.5508833644019245,1.063083914815963
0.0008597650731252595,0.022917638986107682,1.2618119180413447,2.3359292316220945,0.2599381794659149,17.170225085531808,484.2400119149328,1757.8396207202422,15.386948717519116,1.0037105114398022,6.130268967485294e-05,0.5508978920624694,1.0656419956185597
0.0008927195846080157,0.022920960265278054,1.2618320684593511,2.3357793204951953,0.2597886930708083,17.170229286723643,484.2398934316469,1756.617644683688,15.335449117743567,1.0040352577669656,6.12731557805483e-05,0.5509139845464952,1.068494565910309
0.0009256612705463773,0.02292440642980302,1.261849633844891,2.335648734572065,0.25965812340360434,17.170232946575315,484.2397902154478,1755.549427313842,15.290544225688713,1.0043296183927068,6.124733412369409e-05,0.5509279412746662,1.0709850498807454
0.000958589657672966,0.022927977430172143,1.2618671562691421,2.335518555318165,0.25952762811289487,17.170236595429138,484.23968730945694,1754.4810016521776,15.245737320763679,1.004633750995498,6.122150374141791e-05,0.5509417974690041,1.0734731045316774
0.0009915042729114676,0.022931673215081497,1.2618846359855607,2.3353887806299123,0.25939720392225785,17.170240233509986,484.2395847073321,1753.41234167273,15.201027173053104,1.0049476115530809,6.119566399801129e-05,0.5509555535976489,1.0759588147757593
0.0010244046433834256,0.022935493731434383,1.2619020732387747,2.3352594084795886,0.2592668475894948,17.17024386104322,484.2394824027171,1752.3434215429409,15.156412571161047,1.005271157880686,6.116981426206809e-05,0.5509692101164427,1.0784422645819163
0.001057290296415034,0.02293943892434213,1.2619194682645511,2.335130436915744,0.2591365559070636,17.170247478251824,484.23938038932306,1751.2742156280603,15.111892322232265,1.0056043495946718,6.114395390659184e-05,0.5509827674689743,1.0809235369759282
0.001090160759543935,0.022943508737124845,1.2619368212897921,2.335001864063005,0.25900632570232734,17.170251085357307,484.23927866090247,1750.204698494146,15.067465251970685,1.005947148072773,6.111808230906982e-05,0.5509962260866722,1.083402714044874
0.0011230155605259967,0.022947703111312244,1.2619563602020027,2.3348572003656547,0.2588593842028533,17.170255145404063,484.2391641585788,1748.9969597014353,15.017423902060111,1.006345616212135,6.108886266060599e-05,0.551011300844875,1.0861989374428687
0.0011558542273421028,0.0229520219866445,1.261974362929181,2.3347240093227586,0.25872370384620397,17.17025888510158,484.2390586908621,1747.8808549156142,14.97129917086871,1.0067245082418916,6.106185575389223e-05,0.5510251158808974,1.0887798696846764
0.001188676288204935,0.02295646530107309,1.261992351747381,2.334591016498425,0.2585878449230641,17.170262621014114,484.2389533299361,1746.762392221485,14.925192258121344,1.007114409187571,6.103478771812973e-05,0.5510388485866864,1.0913632624566671
0.0012214812715657497,0.0229610329907617,1.2620103259699402,2.334458227282929,0.2584518093368074,17.170266353196467,484.2388480742552,1745.6415831035865,14.879104132286473,1.0075153215010206,6.100765880060438e-05,0.5510524983404937,1.0939490984195492
0.001254268706121152,0.022965724990087144,1.2620282849043842,2.3343256471062914,0.2583155990171944,17.17027008170525,484.2387429222227,1744.5184392953556,14.833035766318151,1.0079272476294272,6.098046925466661e-05,0.5510660645233999,1.0965373598257355
0.001287038120819866,0.022970541231640305,1.2620462278525995,2.334193281436855,0.2581792159189889,17.170273806598857,484.2386378721916,1743.3929727686827,14.786988137013871,1.0083501900161727,6.0953219339484927e-05,0.5510795465195887,1.0991280285453624
0.0013197890448695105,0.02297548164622708,1.262064154111043,2.3340611357800016,0.25804266202092896,17.170277527937053,484.2385329224762,1742.2651957260352,14.74096222462327,1.0087841510930893,6.092590931985972e-05,0.5510929437165631,1.1017210860848343
0.0013525210077433487,0.022980546162869413,1.2620820629706884,2.3339292156780633,0.25790593932581357,17.170281245782494,484.2384280713095,1741.135120602126,14.694959012752339,1.0092291332744447,6.089853946626992e-05,0.5511062555052711,1.1043165135849533
0.0013852335391870594,0.022985734708806285,1.2620999537174236,2.3337975267079054,0.257769049858496,17.170284960198973,484.2383233168921,1740.0027600479311,14.648979487598636,1.0096851389573356,6.0871110054488845e-05,0.5511194812803777,1.1069142918567851
0.0014179261692254881,0.022991047209494776,1.2621178256319594,2.333666074481214,0.2576319956659931,17.1702886712524,484.23821865736517,1738.8681269324322,14.603024637924772,1.0101521705116274,6.084362136563345e-05,0.5511326204404096,1.1095144013801013
0.001450598428169399,0.022996483588611127,1.2621356779901152,2.3335348646426257,0.2574947788164664,17.17029237901039,484.2381140908217,1737.7312343348021,14.55709545459341,1.010630230280062,6.0816073685979026e-05,0.5511456723879333,1.1121168223207722
0.001483249846622229,0.02300204376805184,1.262153510062788,2.333403902869712,0.2573574013986786,17.17029608354344,484.2380096152734,1736.5920955405757,14.51119293029286,1.0111193205741449,6.078846730687082e-05,0.5511586365297159,1.114721534540281
0.0015158799554868224,0.02300772766793481,1.2621713211162633,2.33327319487104,0.25721986552080844,17.170299784922957,484.2379052287064,1735.4507240325647,14.465318059106359,1.0116194436691603,6.076080252450944e-05,0.5511715122769477,1.117328517616883
0.0015484882859721754,0.023013535206600436,1.262189110412214,2.333142746385877,0.2570821733098811,17.17030348322318,484.2378009290267,1734.307133486615,14.41947183618298,1.0121306018041667,6.073307963985233e-05,0.5511842990453935,1.119937750855681
0.0015810743696001708,0.023019466300612853,1.2622068772078414,2.333012563183294,0.2569443269113739,17.170307178520293,484.2376967140858,1733.1613377690296,14.373655257579195,1.0126527971747945,6.0705298958555966e-05,0.5511969962555228,1.1225492132943835
0.0016136377382123075,0.02302552086476107,1.262224620756054,2.332882651060983,0.2568063284881335,17.170310870892393,484.23759258168104,1732.0133509281418,14.327869319769224,1.0131860319354524,6.067746079077604e-05,0.5512096033327024,1.1251628837228127
0.001646177923976426,0.02303169881206024,1.2622423403055016,2.3327530158447844,0.25666818022002275,17.170314560420117,484.23748852953827,1730.8631871918797,14.282115019486506,1.0137303081934208,6.064956545111298e-05,0.5512221197073278,1.127778740688143
0.0016786944593934353,0.02303800005375289,1.2622600351007736,2.332623663387552,0.2565298843028059,17.170318247185467,484.23738455534465,1729.7108609590614,14.236393353278782,1.0142856280083332,6.06216132584055e-05,0.5512345448150083,1.1303967625149507
0.0017111868773040202,0.023044424499310184,1.2622777043824427,2.332494599568628,0.25639144294798,17.170321931273683,484.23728065669616,1728.5563867984674,14.190705317363424,1.014851993389924,6.0593604535711625e-05,0.551246878096662,1.1330169273065474
0.0017436547108953587,0.02305097205643326,1.26229534738721,2.3323658302928445,0.2562528583820661,17.17032561277187,484.2371768311363,1727.3997794434472,14.145051907341369,1.0154294062947182,6.056553961018356e-05,0.5512591189986809,1.1356392129575275
0.001776097493707827,0.02305764263105452,1.262312963348059,2.3322373614896597,0.2561141328453537,17.170329291768994,484.23707307615575,1726.2410537818475,14.099434117709652,1.0160178686280017,6.0537418812826006e-05,0.5512712669730951,1.1382635971755322
0.0018085147596417005,0.023064436127338998,1.2623305514942578,2.3321091991128706,0.2559752685921966,17.170332968356764,484.2369693891682,1725.0802248590298,14.053852941883278,1.016617382238891,6.050924247857472e-05,0.5512833214776555,1.1408900574746996
0.001840906042963856,0.02307135244768573,1.2623481110515657,2.3319813491394057,0.2558362678899053,17.170336642629014,484.23686576752726,1723.9173078688827,14.008309371807321,1.017227948918531,6.048101094608193e-05,0.5512952819759844,1.143518571194749
0.0018732708783144526,0.023078391492729167,1.262365641242289,2.3318538175687906,0.2556971330179625,17.170340314681717,484.23676220852616,1722.7523181478057,13.962804397572398,1.0178495704047243,6.04527245575744e-05,0.5513071479377211,1.1461491155143184
0.0019056088007136246,0.0230855531613406,1.2623831360239608,2.331726658957176,0.255557868828927,17.17034389920664,484.2366611180208,1721.585314015568,13.91733900746746,1.0184822344162032,6.042438483002701e-05,0.5513189211349558,1.1487817027330105
0.0019379193455681591,0.02309283735062959,1.2624006055671444,2.331599779036628,0.25541846942176427,17.170347567978016,484.2365576516468,1720.4161993735313,13.871913192448813,1.0191259849769647,6.0395989136923126e-05,0.5513305966949044,1.1514162965081822
0.001970202048678173,0.023100243955945492,1.2624180429944407,2.331473238528448,0.2552789459111588,17.170351234745155,484.2364542418404,1719.2450853173943,13.826529960912824,1.019780780710982,6.0367540278418e-05,0.5513421758987808,1.154052791817719
0.0020024564462437795,0.023107772870878906,1.262435447912175,2.3313470406329664,0.25513966302483404,17.170354899696356,484.23635088329104,1718.0719612126816,13.78118926242197,1.0204466375983834,6.033904670770014e-05,0.5513543189785775,1.1566912250271117
0.00203468207487175,0.023115423987263246,1.2624528195269085,2.3312211914527783,0.2549998888209252,17.170358562940326,484.23624757293294,1716.8968430568184,13.735892074969707,1.021123557075337,6.0310491266666206e-05,0.5513657002199405,1.1593315726135631
0.0020668784715821838,0.023123197195176283,1.262470157042319,2.3310956971096495,0.2548599943682426,17.170362224587258,484.2361443076583,1715.7197469667517,13.690639373453447,1.0218115405159696,6.0281883093152424e-05,0.5513769838931669,1.1619738109390905
0.0020990451738151375,0.023131092382941695,1.2624874596593811,2.330970563742827,0.25471998201811047,17.170365884750375,484.23604108427406,1714.5406891729515,13.645432129380522,1.0225105892324546,6.0253222552002754e-05,0.5513881695130616,1.1646179162642496
0.0021311817194372916,0.023139109437130736,1.2625047265763107,2.330845797509777,0.2545798541302351,17.170369543545256,484.2359378995206,1713.359686018921,13.600271310781892,1.0232207044748067,6.022451001094963e-05,0.5513992566012463,1.167263864747002
0.0021632876467485773,0.0231472482425638,1.2625219569887969,2.3307214045845583,0.2544396130718439,17.170373201089827,484.2358347500721,1712.1767539542336,13.555157881911978,1.0239418874309518,6.0195745840448005e-05,0.551410244686289,1.1699116324573942
0.0021953624944888134,0.023155508682312104,1.2625391500900052,2.3305973911577595,0.2542992612174011,17.170376857504795,484.23573163252445,1710.9919095323137,13.510092803084536,1.0246741392278438,6.0166930413625755e-05,0.5514211333037791,1.1725611953815622
0.0022274058018443375,0.023163890637699375,1.262556305070685,2.3304737634359647,0.25415880094805754,17.170380512913017,484.23562854341276,1709.805169406026,13.465077030513196,1.0254174609279634,6.013806410617909e-05,0.5514319219964222,1.1752125294301143
0.0022594171084546182,0.02317239398830354,1.2625734211192359,2.3303505276412726,0.2540182346513638,17.17038416744036,484.23552547918723,1708.616550325365,13.420111516114794,1.0261718535332347,6.010914729632044e-05,0.5514426103141049,1.1778656104422367
0.0022913959544188754,0.023181018611958464,1.2625904974218305,2.33022769001053,0.25387756472070155,17.170387821214952,484.2354224362346,1707.426069132794,13.375197207327416,1.026937317983754,6.008018036466706e-05,0.5514531978139644,1.1805204141940258
0.0023233418803026836,0.023189764384755705,1.2626075331624351,2.3301052567952945,0.2537367935548332,17.170391474367598,484.23531941086577,1706.2337427595799,13.330335046934453,1.0277138551574603,6.005116369415653e-05,0.5514636840604881,1.183176916405898
0.002355254427144576,0.023198631181046297,1.2626245275229389,2.3299832342610247,0.2535959235574971,17.17039512703144,484.2352163993259,1705.0395882225475,13.285525972876275,1.028501465872627,6.0022097669969845e-05,0.5514740686255694,1.1858350927483097
0.002387133136462635,0.023207618873442543,1.2626414796832015,2.3298616286867126,0.25345495713717897,17.17039877934265,484.2351133977746,1703.8436226220927,13.240770918181155,1.0293001508845365,5.9992982679486934e-05,0.5514843510885644,1.188494918844291
0.00241897755026108,0.02321672733281985,1.2626583888211336,2.3297404463645424,0.25331389670645627,17.170402431439886,484.2350104023017,1702.645863136891,13.19607081071236,1.0301099108883864,5.996381911216058e-05,0.5514945310363784,1.1911563702803136
0.0024507872110368528,0.0232259564283186,1.2626752541127693,2.3296196935994593,0.2531727446818623,17.170406083464492,484.2349074089209,1701.4463270226279,13.15142657305306,1.0309307465221205,5.9934607359488473e-05,0.5515046080635,1.1938194226066783
0.0024825616617861813,0.02323530602734601,1.2626920747323436,2.3294993767088195,0.2530315034833807,17.170409735559893,484.2348044135873,1700.245031607922,13.106839122414934,1.031762658359835,5.990534781491693e-05,0.5515145817720783,1.1964840513458852
0.002514300446011151,0.023244775995578035,1.262708849852362,2.3293795020216828,0.25289017553397514,17.17041338787285,484.23470141216217,1699.0419942902324,13.062309370372732,1.0326056469205462,5.9876040873744053e-05,0.5515244517719748,1.1991502319992646
0.0025460031077262583,0.023254366196961324,1.2627255786436555,2.3292600758788584,0.25274876325946616,17.170417040552568,484.23459840043745,1697.8372325349158,13.017838222849917,1.0334597126631766,5.984668693310011e-05,0.5515342176808171,1.2018179400482263
0.0025776691914649753,0.023264076493715154,1.2627422602754583,2.3291411046323995,0.2526072690881184,17.170420693750884,484.23449537413126,1696.6307638716767,12.973426579963537,1.0343248559883844,5.9817286391863024e-05,0.5515438791240302,1.204487150959612
0.0026092982422862734,0.023273906746333395,1.2627581101120806,2.329028176325752,0.252472377368734,17.170424175203753,484.2343971913749,1695.4796509486164,12.931166690937621,1.0351594829487862,5.9789230137668206e-05,0.551552987194868,1.2070317907462338
0.002640889805781173,0.02328385681358656,1.2627746697100957,2.328910307680376,0.2523309658381185,17.170427823785978,484.2342942953357,1694.2719124823982,12.886947411473852,1.0360447761035239,5.975978881872804e-05,0.5515624279538524,1.2096994220041672
0.0026724434280792687,0.02329392655252379,1.2627911796931863,2.3287929123016378,0.25218948120745055,17.170431473312128,484.23419137272003,1693.06253641471,12.842790479107917,1.036941102144755,5.973030252274549e-05,0.5515717634485492,1.2123684530639678
0.0027039586558552492,0.02330411581847492,1.2628076392498437,2.3286759963998547,0.25204792573490464,17.170435123948188,484.23408841884685,1691.8515390360355,12.798696711775685,1.0378484620031962,5.970077161939705e-05,0.5515809933512537,1.215038862602861
0.0027354350363354104,0.02331442446505257,1.2628240475669654,2.3285595661975274,0.25190630168023825,17.170438775862426,484.23398542897075,1690.638936688837,12.754666921691152,1.0387668565986652,5.967119647979533e-05,0.5515901173416692,1.2177106292906217
0.00276687211730416,0.02332485234415424,1.262840403829833,2.328443627929927,0.25176461130493805,17.17044242922663,484.23388239824715,1689.4247457687538,12.710701915349604,1.0396962868397805,5.9641577476520806e-05,0.5515991351069217,1.2203837317854518
0.0027982694471105143,0.023335399305964438,1.2628567072221601,2.3283281878446926,0.25162285687231667,17.170446084214433,484.23377932177925,1688.2089827253885,12.666802493580981,1.0406367536184324,5.961191498364355e-05,0.5516080463415711,1.2230581487309993
0.002829626574674591,0.023346065198956826,1.2628729569261032,2.328213252202092,0.2514810406470141,17.17044974100272,484.2336761945788,1686.9916640579293,12.622969451324602,1.041588257816458,5.958220937661836e-05,0.5516168507476541,1.225733858763906
0.0028609430494940832,0.023356849869896393,1.2628891521223535,2.3280988272742227,0.2513391648951588,17.170453399770995,484.2335730115835,1685.772806316519,12.579203577730448,1.0425508002972808,5.9552461032321296e-05,0.5516255480347011,1.2284108405098857
0.002892218421650735,0.023367753163841695,1.2629052919901318,2.327984919345619,0.2511972318842148,17.17045706070098,484.2334697676686,1684.552426100846,12.53550565604603,1.0435243819100113,5.952267032901707e-05,0.551634137919756,1.2310890725848624
0.002923452241816803,0.02337877492414704,1.2629213757072366,2.327871534712549,0.2510552438826922,17.170460723977747,484.2333664576149,1683.3305400575318,12.491876463546147,1.044509003487146,5.94928376462978e-05,0.5516426201274067,1.2337685335991706
0.0029546440612615217,0.023389914992464733,1.2629374024500564,2.327758679683406,0.2509132031603241,17.170464389788815,484.2332630761341,1682.1071648816335,12.448316771549603,1.0455046658439155,5.946296336512237e-05,0.5516509943897945,1.2364492021529478
0.0029857934318575346,0.023401173208747388,1.2629533713936536,2.3276463605783126,0.25077078357126686,17.170468058324147,484.23315961786915,1680.882317314019,12.404827345349378,1.0465113697763528,5.943304721287062e-05,0.5516588728424915,1.2391310568399962
0.003016899906087343,0.023412549411250205,1.2629692817117562,2.327534583729035,0.25062864705316773,17.17047172977726,484.2330560773625,1679.6560141406683,12.361408944164749,1.0475291160611728,5.9403090889462786e-05,0.5516670336572155,1.2418140762481842
0.0030479630370497325,0.02342404343653329,1.2629851325767998,2.3274233554790813,0.2504864646114204,17.170475404343367,484.2329524491092,1678.4282721915251,12.318062321084222,1.048557905456331,5.9373094118183417e-05,0.5516750857502422,1.244498238959993
0.0030789823784661947,0.023435655119464018,1.263000923160051,2.3273126821828973,0.2503442385189876,17.17047908222136,484.2328487275001,1677.1991083399653,12.274788223060634,1.0495977386978803,5.934305728510444e-05,0.55168302888415,1.2471835235523425
0.003109957484687337,0.023447384293219384,1.263016652631465,2.3272025702071946,0.2502019710494214,17.17048276361186,484.23274490687754,1675.9685395017352,12.231587390887569,1.05064861649805,5.931298077752692e-05,0.5516908628291601,1.2498699085969402
0.0031408879106992844,0.02345923078928844,1.2630323201598894,2.327093025929179,0.25005966447660655,17.170486448719764,484.2326409814634,1674.736582632765,12.188460559057155,1.0517105395496964,5.928286498393218e-05,0.5516985873631952,1.252557372664523
0.0031717732121300793,0.023471194437474665,1.263047924913033,2.3269840557376638,0.24991732107486847,17.170490137750893,484.23253694545326,1673.503254729792,12.145408455850403,1.0527835085195603,5.925271029399632e-05,0.551706202271827,1.2552458943201983
0.0032026129452560567,0.02348327506589844,1.2630634660575,2.3268756660323118,0.24977494311876663,17.170493830915547,484.23243279291654,1672.268572828685,12.102431803231239,1.0538675240501554,5.922251709855432e-05,0.5517137073483603,1.2579354521274424
0.0032026129452560567,0.02348327506589844,1.2630634660575,2.3268756660323118,0.24977494311876663,17.170493830915547,484.23243279291654,1672.268572828685,12.102431803231239,1.0538675240501554,5.922251709855432e-05,0.5517137073483603,1.2579354521274424
0.004014462703948808,0.023802741948659667,1.2634104907903547,2.3244968430209623,0.24640216377149704,17.17058297893648,484.2299187045418,1642.7066586658896,11.109393175184255,1.0827362513253644,5.849796903986622e-05,0.5518588395770304,1.3218136189029759
0.004822647832516852,0.024120106811598877,1.2636662152233364,2.3228142181709908,0.24357378774090918,17.170662030445232,484.22768937258076,1617.4364912729718,10.313371654157086,1.1118012535680741,5.787606485367607e-05,0.5519323008901722,1.3757644138890277
0.005627168330960191,0.024435369654716092,1.263858687744699,2.3216163196946065,0.241100582686952,17.170737312803414,484.2255663535345,1594.9604772515697,9.64436551638913,1.1410548819042072,5.7320890537845276e-05,0.5519606303229969,1.4233739880448866
0.006428024199278825,0.0247485304780113,1.2640024286699774,2.3207947525200874,0.23888632335623405,17.17081162215604,484.2234707922324,1574.519005201495,9.06645518246913,1.1704895420034864,5.681425770076716e-05,0.5519577609624927,1.4664508742794469
0.0072252154374727534,0.025059589281484492,1.2641062339221405,2.320284782246198,0.2368707600660557,17.17088687180043,484.2213487327107,1555.6608602328133,8.558108664243848,1.2000976885975732,5.6345369030890695e-05,0.5519308811610022,1.5060621875297024
0.008018742045541975,0.02536854606513569,1.2641759751647856,2.3200440767701456,0.23502295863531747,17.170964407920856,484.2191622134264,1538.0904635145048,8.105125367761588,1.2298718267772408,5.5907190800146047e-05,0.551888721100198,1.5429015939507726
0.008808604023486493,0.025675400828964873,1.2642158409415496,2.3200432596893044,0.23331290151238068,17.171045264848818,484.2168820683733,1521.600681470345,7.697510708013407,1.2598045114778957,5.5494775206014636e-05,0.5518338379389192,1.577451058013138
0.009594801371306309,0.025980153572972054,1.264228965912907,2.320261117627525,0.2317212915914727,17.17113029372947,484.2144842984671,1506.0390045611134,7.327891320694576,1.289888347659697,5.5104492945655384e-05,0.5517694257185867,1.6100621797219277
0.01037733408900141,0.02628280429715723,1.2642177816842597,2.3206819269116625,0.23023340467234346,17.171220233846153,484.2119480601203,1491.2888114648447,6.990630548608333,1.3201159905099433,5.473357267447295e-05,0.5516980150253593,1.6410012022471323
0.011156202176571813,0.026583353001520395,1.2641842268091221,2.321293853191079,0.22883767659538856,17.171315755046766,484.209254468826,1477.2582174321387,6.681297977114902,1.3504801456048556,5.437983379119531e-05,0.551621679470041,1.67047576624846
0.01193140563401751,0.02688179968606156,1.2641298796412632,2.3220879393537093,0.2275248124073916,17.171417484382623,484.20638584799616,1463.8730541992466,6.396332962043477,1.3809735690248193,5.404151833747923e-05,0.5515421678944421,1.6986517272155048
0.012702944461338501,0.027178144350780715,1.264056046196069,2.323057436758041,0.22628719888737658,17.17152602355132,484.2033252371614,1451.0722470343087,6.132821383749332,1.4115890674287308,5.371718037688573e-05,0.5514609928030062,1.725664211598968
0.013470818658534783,0.027472386995677868,1.2639638184092536,2.324197367605637,0.22511850807806996,17.171641881772644,484.20005828479844,1438.8047213507823,5.888342515251587,1.4423194963952937,5.340561210538985e-05,0.5513794913675735,1.751625038159067
0.014235028225606364,0.02776452762075301,1.2638541252201576,2.325504115608312,0.2240133906928969,17.171765808852964,484.1965638567832,1427.0269024446818,5.6608575351626484,1.4731577677913454,5.310578379574718e-05,0.5512988701966832,1.7766285196256828
0.014995573162553235,0.028054566226006147,1.263727750332748,2.326975326021868,0.2229673061572917,17.17189829854437,484.1928280407301,1415.7015260184103,5.448633672621253,1.5040968379092676,5.281681589510005e-05,0.5512202355944629,1.8007545258218138
0.015752453469375403,0.02834250281143728,1.2635853645848503,2.3286096370864033,0.22197634544413103,17.172039938633475,484.1888342743778,1404.7961508959252,5.250182319669509,1.5351297165510587,5.253794320256364e-05,0.5511446183686862,1.8240718455930818
0.016505669146072866,0.028628337377046405,1.263427541083608,2.3304065724685334,0.22103712234544443,17.1721913241954,484.18456579184283,1394.2823332569028,5.064214651624932,1.5662494625499523,5.226849527816347e-05,0.5510729914496415,1.8466401799119456
0.017255220192645623,0.028912069922833523,1.2632544522172253,2.3323700281056943,0.22014516070961976,17.172353353382917,484.17999728395176,1384.117401978944,4.889309208812693,1.5975041003834345,5.200742919649645e-05,0.5510061711128929,1.868549642283547
0.018001106609093674,0.029193700448798644,1.2630672171831383,2.3344930060817983,0.2193014202224749,17.172526061082213,484.1751277840844,1374.3195603181778,4.7251726460339345,1.6287613752068084,5.175526092862203e-05,0.5509453193104706,1.8897588387911946
0.018743328395417022,0.029473228954941755,1.2628658026613802,2.3367815850891223,0.2185014864387041,17.172710274149857,484.1699339978886,1364.8445499598554,4.570516732171541,1.6600872319978965,5.1510897170602166e-05,0.5508911385214461,1.9103605781906616
0.019481885551615664,0.02975065544126285,1.262650493146627,2.339238052706258,0.2177433164407334,17.172906726343935,484.1643952590277,1355.6743921439238,4.424570886547479,1.6914754094690418,5.127391978340674e-05,0.5508446213621333,1.9303913226556333
0.020216778077689596,0.030025979907761947,1.2624215278524085,2.3418652083271554,0.21702522364563004,17.173116069711547,484.1584932081378,1346.7928264894433,4.286649863856107,1.7229192383481453,5.1043937059591616e-05,0.5508063186138986,1.9498836822086054
0.020948005973638825,0.03029920235443904,1.262179099678948,2.3446663532655174,0.21634559173793655,17.17333896867719,484.15220914028475,1338.1850357309513,4.1561399424076875,1.7544121871137934,5.082060548332741e-05,0.5507771999810557,1.9688671431597455
0.02167556923946335,0.030570322781294124,1.2619233605343303,2.3476452465079034,0.21567234013199968,17.173576098779577,484.14552404090506,1329.837488884002,4.0324897963419755,1.7859477564871689,5.060360445602059e-05,0.5508107634407137,1.987368431268567
0.022399467875163167,0.030839341188327197,1.2616544255081859,2.350806071024485,0.21506853967492268,17.173828145781933,484.138418611236,1321.7377821267462,3.9152024080255905,1.8175194836460098,5.039264775013559e-05,0.550797508879676,2.0054118739835496
0.023119701880738284,0.03110625757553828,1.2613723767105063,2.3541534018160215,0.21449912122162937,17.17409580454567,484.13087330043317,1313.8745050576686,3.8038282684212326,1.8491209458252722,5.0187464769830605e-05,0.5507963982248277,2.023019703028884
0.023836271256188694,0.03137107194292735,1.2610772668713717,2.357692174895842,0.21396313738785333,17.17437977767897,484.1228683440506,1306.2371274448094,3.697959621980593,1.8807457634238418,4.998780819277634e-05,0.5508081649180955,2.0402123089016038
0.024549176001514395,0.031633784290494404,1.2607691227756221,2.3614276565717334,0.2134597433354658,17.174680773978267,484.1143838083731,1298.815902658418,3.597225565603246,1.9123876026968023,4.979344912525117e-05,0.5508335445548533,2.0570084562816615
0.02525841611671539,0.03189439461823945,1.2604479485885334,2.3653654125352332,0.21298818612827608,17.17499950666656,484.1053996404881,1291.6017847987023,3.501287851230533,1.9440401781122019,4.9604175143984807e-05,0.5508732728126281,2.073425467411081
0.025963991601791685,0.03215290292616251,1.2601137291142737,2.369511276374443,0.2125477952907956,17.1753366914431,484.09589572368384,1284.5863571436848,3.4098372722126915,1.975697254419988,4.941978860646396e-05,0.550928083140569,2.089479379040703
0.026665902456743266,0.03240930921426354,1.2597672310512735,2.3738612379705355,0.21213886463036255,17.175692218563864,484.08587521226633,1277.7769526579273,3.3227827770998823,2.007281261453178,4.924050527136012e-05,0.5509985266142247,2.1051500368931557
0.027364148681570142,0.03266361348254258,1.2594071126059578,2.378437784586343,0.21175928371497596,17.176068125166186,484.0752807575135,1271.1402637322458,3.2395308291996874,2.0389056867941813,4.906546935468705e-05,0.5510855714416605,2.120510969746959
0.02805873027627232,0.032915815730999616,1.259033115742781,2.3832502277441905,0.21140859153626224,17.176465365976288,484.0640855288922,1264.6678366977437,3.159830604558173,2.0705764089220677,4.889447618299175e-05,0.551190046755691,2.1355792209182054
0.028749647240849795,0.03316591595963464,1.2586468789469263,2.3882832036946615,0.21108791953749984,17.176882831142173,484.0523208859269,1258.3822055466514,3.0838170856862397,2.1021447613749453,4.872814025644979e-05,0.5513121593313843,2.150299302162005
0.02943689957530255,0.033413914168447655,1.2582473931676907,2.3935554319146775,0.21079595453397737,17.17732220532147,484.0399394396989,1252.2604176259763,3.011077203020695,2.1336864333292014,4.8565873265909244e-05,0.5514528314180884,2.1647217334802686
0.030120487279630608,0.033659810357438674,1.2578346015131037,2.399073505848388,0.2105323694445218,17.177784157644215,484.0269224305042,1246.296852093562,2.9414240823627726,2.1651951333314927,4.840754336735222e-05,0.5516127158960364,2.178856917248143
0.030800410353833966,0.03390360452660768,1.2574084505263368,2.404844024529461,0.210296871649295,17.178269340816083,484.01325157037064,1240.4861981322495,2.8746844864132757,2.1966646593251653,4.8253025945054346e-05,0.5517924407515187,2.1927146430411555
0.03147666879791261,0.03414529667595467,1.2569688933824597,2.4108735506257877,0.21008919828509864,17.178778388014198,483.9989091308795,1234.8234311008098,2.8106975986594755,2.2280888935157432,4.810220305382836e-05,0.551992605399671,2.2063041347112216
0.032149262611866555,0.034384886805479666,1.2565158930431186,2.417168567414526,0.20990911174642993,17.179311909718987,483.98387803274983,1229.3037908881408,2.7493139359549867,2.2594617979652947,4.795496291238423e-05,0.5522137769474037,2.2196340923867504
0.03281819179569579,0.034622374915182656,1.2560494253480006,2.4237354348706988,0.20975639537396848,17.179870490504868,483.96814193653796,1223.9227622230396,2.690394373989483,2.2907774108191385,4.781119944206448e-05,0.5524564864324246,2.2327127300210976
0.03348345634940033,0.03485776100506365,1.2555694820187158,2.4305803450988797,0.20963084931740872,17.180454685812716,483.9516853337974,1218.676056721565,2.633809272081661,2.322029843042121,4.767081184589774e-05,0.5527212250772096,2.2455478090487486
0.034145056272980145,0.03509104507512262,1.25507607355124,2.437709277331816,0.20953228656460762,17.181065018725917,483.93449363807673,1213.5595965096602,2.5794376858202104,2.3532132754410866,4.753370422429722e-05,0.5530084405970328,2.2581466685663534
0.034802991566435265,0.03532222712535959,1.254569231955992,2.4451279529854286,0.2094605291298438,17.181701976796866,483.91655327443004,1208.5694991116125,2.527166655825545,2.384321956825878,4.739978521970949e-05,0.5533185336126912,2.270516252825206
0.03545726222976569,0.03555130715577456,1.2540490133515632,2.4528417905860715,0.20941540440694573,17.182366008900875,483.8978517680793,1203.7020638216945,2.476890567661443,2.4153502010319037,4.7268967696557755e-05,0.5536518541908438,2.282663135521249
0.036107868262971396,0.03577828516636751,1.2535155003403529,2.460855861536137,0.20939674167976002,17.183057522208575,483.87837782965875,1198.953758973368,2.4285105702674072,2.4462923856034284,4.71411684412519e-05,0.554008698581003,2.294593542349903
0.03675480966605239,0.03600316115713847,1.2529688041702352,2.4691748466111996,0.20940436880096389,17.183776879258208,483.8581214375569,1194.3212103335645,2.3819340498157207,2.477142950045607,4.701630788876229e-05,0.5543893061739654,2.306313371289817
0.037398086439008695,0.036225935128087416,1.2524090666446446,2.4778029937128174,0.2094381090422177,17.184524395173263,483.8370739160727,1189.801190400751,2.3370741517483484,2.507896394403873,4.689430987019369e-05,0.5547938567302381,2.317828211184596
0.038037698581840286,0.036446607079214356,1.2518364617580564,2.486744077222282,0.20949777812341047,17.185300335050467,483.815228008675,1185.3906085420892,2.293849346065955,2.5385472780203915,4.6775101379944545e-05,0.5552224679175471,2.3291433588056387
0.03867364609454717,0.03666517701051928,1.2512511970363853,2.496001359305776,0.2095831814291282,17.18610491154262,483.7925779456732,1181.0865018987263,2.2521830313667928,2.5690902184359663,4.665861236083733e-05,0.5556751931945749,2.3402638345908082
0.039305928977129354,0.036881644922002216,1.2506535145631863,2.505577553528257,0.20969411142077485,17.186938282662652,483.7691195055535,1176.8860269963254,2.2120031736467998,2.599519890430083,4.6544775505793155e-05,0.5561520200742724,2.3511943972339253
0.039934547229586836,0.037096010813663136,1.2500436916777615,2.515474791115352,0.20983034525323047,17.187800549827834,483.7448500694456,1172.7864520006617,2.17324197634292,2.62983102517391,4.6433526074667716e-05,0.556652868796894,2.3619395572881356
0.04055950085191961,0.03730827468550205,1.2494220413342927,2.5256945901805645,0.2099916426041744,17.18869175617106,483.7197686679637,1168.7851495711445,2.1358355785181184,2.6600184094837744,4.632480172519478e-05,0.5571775914368019,2.372503589911196
0.04118078984412766,0.03751843653751897,1.2487889121162343,2.5362378282169997,0.21017774372391465,17.189611885130216,483.69387602011096,1164.8795902637387,2.0997237784132654,2.6900768851707495,4.6218542356921984e-05,0.5577259714627759,2.382890546878252
0.04179841420621102,0.03772649636971387,1.2481446879048754,2.5471047181138533,0.2103883677123078,17.190560859337335,483.6671745636407,1161.0673364444162,2.0648497799274965,2.7200013484648555,4.6114689967270484e-05,0.5582977237649228,2.3931042679616823
0.04241237393816968,0.03793245418208677,1.247489787206108,2.5582947879230447,0.21062321102814013,17.191538539813784,483.6396684767029,1157.3460366760653,2.0311599598359367,2.749786749516854,4.601318851887548e-05,0.5588924951551362,2.4031483917633
0.04302266904000364,0.03813630997463766,1.2468246621436727,2.5698068645718473,0.21088194623495707,17.192544725484524,483.6113636904137,1153.7134205439625,1.998603653797737,2.7794280919628043,4.5913983817412444e-05,0.5595098653420579,2.413026366077581
0.04362929951171288,0.03833806374736655,1.246149797132593,2.5816390616624805,0.21116422098550475,17.193579153014735,483.582267892263,1150.1672938896022,1.967132959414675,2.8089204325450603,4.581702339922732e-05,0.5601493483744832,2.422741457846313
0.044232265353297405,0.03853771550027343,1.2454657072512139,2.5937887714568615,0.21146965724507538,17.194641496968586,483.55239052037507,1146.705534424814,1.936702554782451,2.838258880789969,4.5722256428127105e-05,0.5608103945406251,2.4322967627485506
0.044831566564757244,0.0387352652333583,1.2447729363338407,2.60625266109928,0.21179785075204338,17.19573137029435,483.521742748513,1143.3260876994589,1.9072695311358276,2.8674385987300237,4.562963360072613e-05,0.5614923927046707,2.4416952144723005
0.04542720314609237,0.03893071294662117,1.2440720548671897,2.6190266722578555,0.21214837070678103,17.196848325234125,483.49033745907644,1140.0269635776865,1.8787932383335766,2.896454801755257,4.5539107064791696e-05,0.5621946730151041,2.4509395929033864
0.04601917509730279,0.039124058640062034,1.2433636573903606,2.6321060288869873,0.21252075971170312,17.197991854029578,483.45818922177637,1136.8062321584625,1.8512351420515374,2.9253027542813403,4.545063032101353e-05,0.5629165101901294,2.4600325358513495
0.0466074824183885,0.03931530231368089,1.24264836022604,2.6454852416323886,0.2129145338915445,17.19916139087648,483.4253142371547,1133.6620216303222,1.824558691670278,2.9539777755069436,4.5364158177658466e-05,0.5636571267812969,2.468976543168846
0.04719212510934952,0.039504443967477744,1.2419267985521412,2.659158123331817,0.21332918325983186,17.20035631326591,483.3917302973177,1130.5925148066328,1.7987291979379962,2.982475235510055,4.527964666767088e-05,0.5644156970981369,2.4777739877175007
0.04777310317018582,0.03969148360145259,1.2411996235922607,2.6731178049112594,0.2137641722697953,17.201575944009566,483.35745672741814,1127.595946663854,1.7737137195746084,3.0107905560470836,4.519705299284393e-05,0.5651913512312928,2.4864271226582546
0.04835041660089742,0.03987642121560542,1.2404708215395523,2.6872917293608047,0.21421683974459796,17.202813874652456,483.32267387087427,1124.6836768076732,1.7495888577740657,3.038792396901559,4.511669642927689e-05,0.5659795625026028,2.4948999072719475
0.048924065401484314,0.04005925680993626,1.2397346647636958,2.7017961333373655,0.2146905710188159,17.20408019228378,483.2870985877612,1121.8284325857508,1.7261127277280108,3.0667223426555448,4.5037829872299314e-05,0.5667863056117698,2.5032688540927786
0.04949404957194651,0.04023999038444508,1.2389949167494394,2.716562683399851,0.2151828799637385,17.205368867087106,483.25090058982613,1119.0410993140156,1.7033610422336998,3.09445675659445,4.4960758644839715e-05,0.5676072940267334,2.511499651445864
0.05006036911228399,0.0404186219391319,1.2382522622722585,2.731582030035172,0.21569313851179547,17.20667902834948,483.2141046102581,1116.3200982686758,1.681306874046171,3.1219912826400513,4.488544411295793e-05,0.5684415264300129,2.519594151359095
0.050623024022496764,0.04059515147399672,1.237507387290252,2.7468442737184673,0.2162206983592737,17.208009763625622,483.17673654365615,1113.6638930203155,1.6599245879135283,3.1493216153785943,4.48118485907768e-05,0.5692879799709168,2.5275541217104496
0.05118201430258483,0.04076957898903953,1.236760976091278,2.762338998632221,0.2167648924058884,17.209360121765393,483.1388233595213,1111.0709879156636,1.6391897672076214,3.1764435000601554,4.47399353074792e-05,0.5701456149348992,2.5353812525742327
0.0517373399525482,0.040941904484260334,1.2360137085462912,2.778055308151332,0.21732503628471564,17.21072911603179,483.10039301327663,1108.5399266905317,1.6190791455130629,3.2033527325969633,4.466966837753825e-05,0.5710133793587719,2.5430771622646646
0.05228900097238686,0.04111212795965912,1.235266257492993,2.793981861741329,0.21790042996467315,17.212115727282495,483.061474355583,1106.0692912024685,1.5995705427885898,3.2300451595649053,4.460101277389412e-05,0.5718902135509305,2.5506434030633915
0.05283699736210082,0.04128024941523591,1.2345192862697767,2.8101069129394296,0.21849035940900358,17.213518907197532,483.0220970404508,1103.6577002694944,1.5806428057440145,3.2565166782039734,4.4533934303730996e-05,0.5727750544805386,2.5580814666301404
0.053381329121690066,0.041446268850990696,1.2337734464173842,2.8264183480857175,0.21909409827309526,17.214937581514203,482.98229143324414,1101.3038086044112,1.5622757521156638,3.2827632364160704,4.4468399586582323e-05,0.5736668400022047,2.565392789084914
0.05392199625115462,0.04161018626692348,1.2330293755617279,2.8429037254837417,0.21971090962593195,17.216370653262068,482.9420885187907,1099.0063058327364,1.54445011853349,3.308780832767604,4.440437603446344e-05,0.5745645128874779,2.572578755769
0.05445899875049445,0.041772001663034256,1.2322876954879336,2.8595503146903485,0.22034004768025894,17.21781700596622,482.90151981049064,1096.763915585466,1.5271475117218194,3.3345655164873502,4.434183183379765e-05,0.5754670246378795,2.5796407056748074
0.05499233661970958,0.04193171503932302,1.231549010413166,2.8763451356360337,0.2209807595170249,17.219275506802347,482.8606172608955,1094.5753946574457,1.5103503627781631,3.3601133874689935,4.4280735928904665e-05,0.5763733390584044,2.586579935551463
0.055522009858800014,0.042089326395789786,1.2308139054612934,2.893274997331262,0.22163228679221253,17.2207450096863,482.81941317424224,1092.4395322215073,1.4940418843078958,3.3854205962663335,4.422105800678735e-05,0.5772824355762237,2.5933977036917395
0.05604801846776573,0.04224483573243453,1.2300829453413378,2.910326535884391,0.22229386741273896,17.222224358278186,482.77794012150787,1090.3551490934362,1.4782060302043512,3.410483344100521,4.416276848309495e-05,0.5781933122900836,2.6000952333989633
0.05657036244660676,0.04239824304925728,1.2293566732274002,2.927486251634207,0.22296473717210358,17.22371238889227,482.7362308582268,1088.3210970387227,1.4628274578897638,3.4352978828537086,4.410583848902297e-05,0.5791049887437686,2.6066737161495315
0.05708904179532307,0.04254954834625803,1.2286356098360287,2.9447405451941653,0.22364413133594063,17.22520793329625,482.6943182455342,1086.3362581154383,1.4478914928343591,3.4598605150704596,4.4050239859001686e-05,0.5800165084182329,2.613134314459284
0.057604056513914675,0.04269875162343677,1.2279202821588238,2.962074947148417,0.22433125187723008,17.226709832416066,482.6522348657846,1084.399608992477,1.433384243357875,3.4841675940537686,4.3995946914926517e-05,0.5809268952237903,2.6194779398078585
0.05811540660238157,0.0428458528807935,1.2272111042922829,2.9794773836754493,0.22502540646069377,17.22821689276534,482.6100142430596,1082.509957727648,1.4192919691627992,3.5082155234882584,4.39429291941028e-05,0.5818353393028819,2.6257061617536133
0.05862309206072377,0.04299085211832822,1.2265085561793474,2.996933341799987,0.2257258030172972,17.229727961211637,482.5676887480761,1080.6663415728335,1.4056019636186219,3.532000758004921,4.389116245092315e-05,0.582740921337947,2.6318198369950583
0.059127112888941256,0.04313374933604094,1.2258130631893074,3.0144291562807806,0.22643168928933533,17.231241876788566,482.5252909484199,1078.8677577310075,1.3923019098684608,3.5555198028014923,4.384062122078846e-05,0.5836427998693577,2.6378200353328314
0.05962746908703405,0.04327454453393165,1.2251250263201001,3.0319512207890726,0.22714231942074647,17.232757486031367,482.4828531788732,1077.1132307953162,1.3793800107749061,3.5787692137426257,4.3791280688458284e-05,0.5845401656732446,2.643707807886797
0.06012416065500212,0.043413237712000355,1.2244448222807283,3.049486014693535,0.22785695511346804,17.23427364494709,482.44040748637684,1075.4018122128682,1.366824964177146,3.6017455973514916,4.374311667794663e-05,0.5854322426420101,2.6494841884688807
0.06061718759284549,0.043549828870247054,1.2237728037079705,3.067020127886741,0.22857486669458746,17.23578922087174,482.3979855782591,1073.7325797716887,1.3546259395676687,3.624445610817243,4.3696105642909374e-05,0.5863182884222693,2.655150194706554
0.06110654990056416,0.04368431800867175,1.2231092994928079,3.0845402839476046,0.22929533759543716,17.23730309414538,482.35561877565465,1072.1046370835177,1.3427725560483916,3.6468659619925314,4.365022437532125e-05,0.5871975821157951,2.660706829034166
0.06159224757815812,0.04381670512727444,1.2224546152131703,3.102033361407923,0.23001764437118655,17.238814159660606,482.31333797055646,1070.5171130802732,1.3312548615237654,3.6690034093935155,4.360545075410308e-05,0.5880694881366677,2.666155079489958
0.06207428062562738,0.043946990226055124,1.2218090336573006,3.1194864132192723,0.2307410935778035,17.240321328267573,482.27117358696586,1068.9691615156319,1.3200633130354642,3.6908547621986743,4.3561762855242136e-05,0.5889333520138771,2.6714959203673665
0.06255264904297193,0.0440751733050138,1.2211728154254264,3.136886684462541,0.23146499943398835,17.2418235280372,482.22915554608505,1067.4599604707253,1.309188758168803,3.71241688024956,4.351913957815188e-05,0.5897885679934555,2.6767303127306006
0.06302735283019177,0.04420125436415047,1.220546199599907,3.1542216282891617,0.23218868887707203,17.243319705394363,482.1873132352181,1065.988711865972,1.2986224174679102,3.7336866740524486,4.3477560401512214e-05,0.5906345642993932,2.681859204803821
0.06349839198728692,0.04432523340346513,1.2199294044711246,3.171478920200685,0.23291150214400422,17.244808826118884,482.1456754804317,1064.554640975446,1.2883558677952176,3.754661104774839,4.343700537354968e-05,0.5914708026830775,2.6868835322562887
0.06396576651425735,0.04444711042295779,1.2193226283101903,3.1886464706767326,0.23363279327671777,17.246289876225003,482.1042705226721,1063.1569959461622,1.2783810265780364,3.775337184250733,4.339745510230413e-05,0.5922967778437508,2.691804218388135
0.06442947641110308,0.04456688542262845,1.2187260501780934,3.2057124362423415,0.23435193055632306,17.247761862721898,482.06312599725754,1061.7950473209455,1.268690136893646,3.7957119749739436,4.3358890745847166e-05,0.5931120167365178,2.696622174233908
0.06488952167782411,0.04468455840247709,1.2181398307626559,3.222665229034432,0.23506829686894026,17.24922381426359,482.0222689165081,1060.4680875649924,1.259275753335773,3.8157825901028133,4.332129400246004e-05,0.5939160777818401,2.701338298594239
0.06534590231442042,0.044800129362503736,1.2175641132351567,3.2394935249438372,0.2357812900068358,17.250674781690112,481.9817256554527,1059.1754305966701,1.2501307286234276,3.8355461934606425,4.328464710078854e-05,0.5947085499903639,2.7059534780038774
0.06579861832089204,0.044913598302708364,1.2169990241189237,3.2561862704123343,0.2364903229086135,17.25211383847503,481.941521940186,1057.9164113223326,1.2412482009065609,3.8549999995314237,4.324893278997555e-05,0.5954890520164245,2.7104685866505815
