O/F,Pc_psia,Property,Degree,Coefficients_high->low,T_points_K,Y_points
2.1,500.0,Gamma,2,"[-5.484507761878726e-09, -2.9617553388629816e-05, 1.258212526443008]","[3378.934467632672, 3167.210709726595, 998.3212907749418]","[1.0955190426523662, 1.1093911700215981, 1.2231785828844488]"
2.1,500.0,Cp_J_kgK,2,"[0.0007522133422112508, -2.279217205103534, 3600.668120755687]","[3378.934467632672, 3167.210709726595, 998.3212907749418]","[4487.511316196865, 3927.527269614797, 2074.9670256437935]"
2.1,500.0,Thermal_Conductivity,2,"[0.00023839262402661557, -0.6824632538483427, 683.6320549280687]","[3378.934467632672, 3167.210709726595, 998.3212907749418]","[1099.409266412548, 913.4968635718121, 239.90737047788963]"
2.1,500.0,Viscosity_Pa_s,2,"[3.8239461299822254e-12, -2.6715253596135054e-09, 6.784609137089024e-05]","[3378.934467632672, 3167.210709726595, 998.3212907749418]","[0.0001024779328816613, 9.774366660999957e-05, 6.899016904436352e-05]"
2.1,500.0,Molecular_Weight_kg_kmol,2,"[-3.397623966554689e-07, 0.0011883827128885685, 21.113650845681185]","[3378.934467632672, 3167.210709726595, 998.3212907749418]","[21.249983553032546, 21.469276702357547, 21.96141597995805]"
